"ID","Name","RA","DEC","Obj. Type","Redshift","Host Name","Host Redshift","Reporting Group/s","Discovery Data Source/s","Classifying Group/s","Associated Group/s","Disc. Internal Name","Disc. Instrument/s","Class. Instrument/s","TNS AT","Public","End Prop. Period","Discovery Mag/Flux","Discovery Filter","Discovery Date (UT)","Sender","Remarks","Unreal","Discovery Bibcode","Classification Bibcodes","Ext. catalog/s","Auto classification"
"201301","SN 2026dgt","08:49:25.479","+29:30:38.05","SN II","0.02728","UGC 4617","0.0273","SNHunt, GOTO, Pan-STARRS, ZTF, ATLAS","CRTS, GOTO, Pan-STARRS, ZTF, ATLAS","ZTF","ATLAS, CRTS, GOTO, Pan-STARRS, ZTF","SNhunt479","ATLAS-HKO - ATLAS-02, GOTO-N - GOTO-2, Other - Other, P48 - ZTF-Cam, PS1 - GPC1","P60 - SEDM","1","1","","20.5","V-crts-CRTS","2026-02-15 07:31:46.300","Andrew Drake","","","2026TNSTR.646....1M","2026TNSCR.769....1S","",""
"200757","SN 2026cog","12:15:25.286","+16:25:49.25","SN II","0.92","SDSS J121525.29+162549.4","","ALeRCE, ATLAS, GOTO","ZTF, ATLAS, GOTO","ZTF","ATLAS, GOTO, ZTF","ZTF26aafsxig","ATLAS-TDO - ATLAS-05, GOTO-N - GOTO-1, P48 - ZTF-Cam","P200 - NGPS","1","1","","20.1095","g-ZTF","2026-02-08 10:53:29.003","ALeRCE","","","2026TNSTR.549....1J","2026TNSCR.772....1R","",""
"200509","SN 2026cff","11:23:31.644","-08:39:15.02","SN II","0.0122","NGC  3660","","ALeRCE, ATLAS, GOTO","ZTF, ATLAS, GOTO","ZTF, None, YNTS","ATLAS, GOTO, ZTF","ZTF26aaffpvx","ATLAS-STH - ATLAS-03, GOTO-N - GOTO-1, P48 - ZTF-Cam","ESO-NTT - EFOSC2-NTT, Lijiang-2.4m - YFOSC, P60 - SEDM","1","1","","17.0032","r-ZTF","2026-02-06 08:05:04.004","ALeRCE","","","2026TNSTR.497....1M","2026TNSCR.568....1S, 2026TNSCR.565....1P, 2026TNSCR.566....1W","",""
"200428","SN 2026cce","18:40:31.271","+28:36:31.15","SN II","0.010277","","","ZTF, ATLAS","ZTF, ATLAS","ZTF","ATLAS, ZTF","ZTF26aaezpbh","ATLAS-HKO - ATLAS-02, ATLAS-MLO - ATLAS-01, P48 - ZTF-Cam","P60 - SEDM","1","1","","18.2512","g-ZTF","2026-02-04 12:15:43.004","BTSbot_bot","","","2026TNSTR.474....1R","2026TNSCR.496....1R","",""
"200404","SN 2026cbh","00:12:55.376","+33:21:26.72","SN II","0.015858","","","ATLAS, ZTF","ATLAS, ZTF","ZTF, YNTS","ATLAS, ZTF","ATLAS26bie","ATLAS-HKO - ATLAS-02, P48 - ZTF-Cam","Lijiang-2.4m - YFOSC, P60 - SEDM","1","1","","17.429","orange-ATLAS","2026-02-03 05:32:34.944","ATLAS_Bot1","","","2026TNSTR.450....1T","2026TNSCR.568....1S, 2026TNSCR.670....1W","",""
"200357","SN 2026bzo","19:12:02.171","+45:49:53.71","SN II","0.02","WISEA J191202.25+454953.3","","ALeRCE, ATLAS","ZTF, ATLAS","ZTF","ATLAS, ZTF","ZTF26aaeoptc","ATLAS-MLO - ATLAS-01, P48 - ZTF-Cam","P60 - SEDM","1","1","","17.7494","r-ZTF","2026-02-01 13:05:40.998","ALeRCE","","","2026TNSTR.438....1J","2026TNSCR.529....1S","",""
"200349","SN 2026bzh","13:01:07.067","-11:25:16.70","SN II","0.02","","","ZTF, GOTO, ATLAS, Fink, MASTER","ZTF, GOTO, ATLAS, MASTER","ZTF, YNTS","ATLAS, GOTO, MASTER, ZTF","ZTF26aaervms","ATLAS-STH - ATLAS-03, ATLAS-TDO - ATLAS-05, GOTO-S - GOTO-3, Other - Other, P48 - ZTF-Cam","Lijiang-2.4m - YFOSC, P60 - SEDM","1","1","","18.0156","g-ZTF","2026-02-02 09:40:39.002","BTSbot_bot","","","2026TNSTR.444....1R","2026TNSCR.635....1S, 2026TNSCR.670....1W","",""
"200109","SN 2026brg","17:26:41.624","+13:54:31.75","SN II","0.023206","","","GOTO, ATLAS, ZTF","GOTO, ATLAS, ZTF","ZTF","ATLAS, GOTO, ZTF","GOTO26aja","ATLAS-HKO - ATLAS-02, ATLAS-MLO - ATLAS-01, GOTO-N - GOTO-1, P48 - ZTF-Cam","P60 - SEDM","1","1","","18.6","L-GOTO","2026-01-29 06:53:12.480","GOTO_bot","","","2026TNSTR.385....1O","2026TNSCR.635....1S","",""
"199894","SN 2026bjw","07:18:52.927","+48:08:38.65","SN II","0.03","2MASX J07185271+4808360","","ALeRCE, ATLAS","ZTF, ATLAS","ZTF","ATLAS, ZTF","ZTF26aadpylg","ATLAS-TDO - ATLAS-05, P48 - ZTF-Cam","P60 - SEDM","1","1","","19.4336","g-ZTF","2026-01-25 06:11:44.998","ALeRCE","","","2026TNSTR.322....1F","","",""
"199804","SN 2026bgm","03:12:14.239","+22:23:12.70","SN II","0.025","","","ATLAS, GOTO, ZTF","ATLAS, GOTO, ZTF","ZTF","ATLAS, GOTO, ZTF","ATLAS26bck","ATLAS-HKO - ATLAS-02, ATLAS-TDO - ATLAS-05, GOTO-N - GOTO-2, P48 - ZTF-Cam","P60 - SEDM","1","1","","19.61","wide-ATLAS","2026-01-24 19:54:45.216","ATLAS_Bot1","","","2026TNSTR.323....1T","2026TNSCR.568....1S","",""
"199528","SN 2026ayt","09:27:23.390","-32:00:30.88","SN II","0.0036","","","ATLAS, GOTO","ATLAS, GOTO","ZTF, SAAO IO","ATLAS, GOTO","ATLAS26ayq","ATLAS-HKO - ATLAS-02, ATLAS-STH - ATLAS-03, GOTO-S - GOTO-4","Keck1 - LRIS, Lesedi - Mookodi","1","1","","16.235","orange-ATLAS","2026-01-20 21:47:13.920","ATLAS_Bot1","","","2026TNSTR.266....1T","2026TNSCR.298....1J, 2026TNSCR.294....1M","",""
"199419","SN 2026aut","13:59:06.581","+17:56:05.35","SN II","0.017623","","","ATLAS, ALeRCE, GOTO","ATLAS, ZTF, GOTO","ZTF","ATLAS, GOTO, ZTF","ATLAS26ayb","ATLAS-HKO - ATLAS-02, ATLAS-MLO - ATLAS-01, GOTO-N - GOTO-1, P48 - ZTF-Cam","P200 - NGPS","1","1","","18.997","orange-ATLAS","2026-01-20 14:14:09.024","ATLAS_Bot1","","","2026TNSTR.243....1T","2026TNSCR.395....1R","",""
"199304","SN 2026aqj","02:44:34.695","+20:05:15.30","SN II","0.025","","","ZTF, ATLAS, GOTO, Pan-STARRS","ZTF, ATLAS, GOTO, Pan-STARRS","ZTF","ATLAS, GOTO, Pan-STARRS, ZTF","ZTF26aabzhrq","ATLAS-HKO - ATLAS-02, ATLAS-MLO - ATLAS-01, GOTO-N - GOTO-1, P48 - ZTF-Cam, PS2 - GPC2","P60 - SEDM","1","1","","19.9869","g-ZTF","2026-01-17 04:48:24.001","Fritz","","","2026TNSTR.235....1S","2026TNSCR.478....1S","",""
"199299","SN 2026aqi","04:51:17.238","+00:25:40.67","SN II","0.0305","","","ZTF, GOTO, ATLAS, Pan-STARRS","ZTF, GOTO, ATLAS, Pan-STARRS","ZTF","ATLAS, GOTO, Pan-STARRS, ZTF","ZTF26aaclbkw","ATLAS-STH - ATLAS-03, ATLAS-TDO - ATLAS-05, GOTO-S - GOTO-3, P48 - ZTF-Cam, PS2 - GPC2","P60 - SEDM","1","1","","19.6344","r-ZTF","2026-01-19 04:27:40.999","Fritz","","","2026TNSTR.235....1S","2026TNSCR.546....1S","",""
"198925","SN 2026adf","16:19:21.703","-09:29:21.00","SN II","0.03","","","ALeRCE, GOTO, ATLAS","ZTF, GOTO, ATLAS","ZTF","ATLAS, GOTO, ZTF","ZTF26aabdrrs","ATLAS-HKO - ATLAS-02, ATLAS-MLO - ATLAS-01, GOTO-N - GOTO-1, GOTO-S - GOTO-3, P48 - ZTF-Cam","P60 - SEDM","1","1","","18.3957","r-ZTF","2026-01-14 13:37:56.997","ALeRCE","","","2026TNSTR.152....1M","2026TNSCR.435....1W","",""
"198867","SN 2026aba","16:18:26.718","+43:40:18.77","SN II","0.031862","","","ZTF, ATLAS","ZTF, ATLAS","ZTF","ATLAS, ZTF","ZTF26aaadpeh","ATLAS-MLO - ATLAS-01, ATLAS-TDO - ATLAS-05, P48 - ZTF-Cam","P200 - NGPS","1","1","","19.4138","r-ZTF","2026-01-09 12:42:46.002","Fritz","","","2026TNSTR.159....1S","2026TNSCR.262....1S","",""
"198670","SN 2026tz","16:27:22.375","+39:06:34.96","SN II","0.033031","KUG 1625+392A","0.03303058","SGLF, ATLAS, GOTO, YSE","ZTF, ATLAS, GOTO, Pan-STARRS","ZTF","ATLAS, GOTO, Pan-STARRS, ZTF","ZTF26aaaqelu","ATLAS-HKO - ATLAS-02, GOTO-N - GOTO-1, GOTO-N - GOTO-2, P48 - ZTF-Cam, PS2 - GPC2","P60 - SEDM","1","1","","18.485","g-ZTF","2026-01-12 13:10:25.000","Ismael Perez-Fournon","","","2026TNSTR.125....1P","2026TNSCR.193....1S","",""
"198669","SN 2026ty","16:24:46.112","+01:58:49.96","SN II","0.03","","","GOTO, ZTF, ATLAS","GOTO, ZTF, ATLAS","ZTF","ATLAS, GOTO, ZTF","GOTO26hi","ATLAS-MLO - ATLAS-01, ATLAS-STH - ATLAS-03, GOTO-N - GOTO-1, P48 - ZTF-Cam","P60 - SEDM","1","1","","18.54","L-GOTO","2026-01-12 06:21:58.464","GOTO_bot","","","2026TNSTR.122....1O","2026TNSCR.296....1S","",""
"198645","SN 2026tf","15:07:48.549","+55:11:08.24","SN II","0.011179","","","ZTF, ATLAS","ZTF, ATLAS","ZTF","ATLAS, ZTF","ZTF26aaadqxr","ATLAS-MLO - ATLAS-01, P48 - ZTF-Cam","P200 - NGPS","1","1","","18.6192","g-ZTF","2026-01-09 13:14:43.002","Fritz","","","2026TNSTR.129....1R","2026TNSCR.194....1S","",""
"198549","SN 2026px","12:46:32.887","+03:49:36.37","SN II","0.0438","SDSS J124632.80+034934.3","0.04377593","ALeRCE, ATLAS, GOTO, Fink, Pan-STARRS","ZTF, ATLAS, GOTO, Pan-STARRS","ZTF","ATLAS, GOTO, Pan-STARRS, ZTF","ZTF26aaakzsi","ATLAS-MLO - ATLAS-01, ATLAS-STH - ATLAS-03, GOTO-N - GOTO-1, P48 - ZTF-Cam, PS2 - GPC2","P60 - SEDM","1","1","","18.6631","g-ZTF","2026-01-11 12:09:09.996","ALeRCE","","","2026TNSTR.101....1J","2026TNSCR.795....1S","",""
"198544","SN 2026ps","16:18:05.795","+21:33:21.26","SN II","0.034107","","","ATLAS, ZTF, GOTO","ATLAS, ZTF, GOTO","ZTF","ATLAS, GOTO, ZTF","ATLAS26aig","ATLAS-HKO - ATLAS-02, GOTO-N - GOTO-2, P48 - ZTF-Cam","P60 - SEDM","1","1","","18.062","orange-ATLAS","2026-01-09 14:59:24.576","ATLAS_Bot1","","","2026TNSTR.102....1T","2026TNSCR.149....1S","",""
"198422","SN 2026lk","15:48:02.638","+17:45:38.19","SN II","0.031823","","","GOTO, ZTF, ATLAS, Fink, Pan-STARRS","GOTO, ZTF, ATLAS, Pan-STARRS","ZTF","ATLAS, GOTO, Pan-STARRS, ZTF","GOTO26eh","ATLAS-HKO - ATLAS-02, ATLAS-MLO - ATLAS-01, GOTO-N - GOTO-1, P48 - ZTF-Cam, PS2 - GPC2","P200 - NGPS","1","1","","19.81","L-GOTO","2026-01-10 06:56:20.832","GOTO_bot","","","2026TNSTR..91....1R","2026TNSCR.194....1S","",""
"198299","SN 2026hm","12:52:41.275","+28:57:15.34","SN II","0.032677","","","Pan-STARRS, GOTO, ATLAS, ZTF, LAST","Pan-STARRS, GOTO, ATLAS, ZTF, LAST","ZTF","ATLAS, GOTO, LAST, Pan-STARRS, ZTF","PS26at","ATLAS-HKO - ATLAS-02, GOTO-N - GOTO-1, LAST - LAST-Cam, P48 - ZTF-Cam, PS2 - GPC2","P200 - NGPS","1","1","","18.83","i-P1","2026-01-07 13:47:29.760","PS1_Bot1","","","2026TNSTR..77....1C","2026TNSCR.195....1H","",""
"197970","SN 2026F","17:05:16.752","+26:41:31.90","SN II","0.017","","","ATLAS, ZTF","ATLAS, ZTF","ZTF","ATLAS, ZTF","ATLAS26aai","ATLAS-MLO - ATLAS-01, P48 - ZTF-Cam","P200 - NGPS","1","1","","17.084","orange-ATLAS","2026-01-02 15:33:51.264","ATLAS_Bot1","","","2026TNSTR...6....1T","2026TNSCR.261....1S","",""
"199385","SN 2025almi","09:16:45.963","+45:48:46.73","SN II","0.026191","","","ZTF","ZTF","ZTF","ZTF","ZTF25aciuoxf","P48 - ZTF-Cam","P200 - NGPS","1","1","","19.3946","r-ZTF","2025-12-18 08:58:13.002","Fritz","","","2026TNSTR.252....1S","2026TNSCR.395....1R","",""
"195480","SN 2025ahno","15:23:29.501","-07:04:16.07","SN II","0.035","","","ZTF, ATLAS, GOTO","ZTF, ATLAS, GOTO","ZTF","ATLAS, GOTO, ZTF","ZTF25acgtjkh","ATLAS-HKO - ATLAS-02, GOTO-N - GOTO-2, GOTO-S - GOTO-3, P48 - ZTF-Cam","P60 - SEDM","1","1","","17.8749","r-ZTF","2025-12-11 13:42:53.997","Fritz","","","2025TNSTR5072....1S","2026TNSCR.176....1S","",""
"195382","SN 2025ahkg","10:57:06.896","+08:46:38.27","SN II","0.072535","","","GOTO, ZTF","GOTO, ZTF","ZTF","GOTO, ZTF","GOTO25luw","GOTO-N - GOTO-1, P48 - ZTF-Cam","P60 - SEDM","1","1","","19.06","L-GOTO","2025-12-08 04:07:08.832","GOTO_bot","","","2025TNSTR5035....1R","2025TNSCR5078....1S","",""
"194856","SN 2025agqe","07:56:51.776","+53:19:26.96","SN II","0.02","","","ZTF, ATLAS, Pan-STARRS, GOTO","ZTF, ATLAS, Pan-STARRS, GOTO","ZTF","ATLAS, GOTO, Pan-STARRS, ZTF","ZTF25acgqfpt","ATLAS-MLO - ATLAS-01, ATLAS-TDO - ATLAS-05, GOTO-N - GOTO-2, P48 - ZTF-Cam, PS2 - GPC2","Lick-3m - KAST, LT - SPRAT","1","1","","18.2064","g-ZTF","2025-12-11 08:48:20.998","BTSbot_bot","","","2025TNSTR4956....1R","2025TNSCR5159....1W, 2026TNSCR.134....1W","",""
"194696","SN 2025agkd","14:40:19.713","+16:40:52.14","SN II","0.029917","","","ZTF, Pan-STARRS, ATLAS, GOTO","ZTF, Pan-STARRS, ATLAS, GOTO","ZTF","ATLAS, GOTO, Pan-STARRS, ZTF","ZTF25acgtieb","ATLAS-HKO - ATLAS-02, ATLAS-TDO - ATLAS-05, GOTO-N - GOTO-1, GOTO-N - GOTO-2, P48 - ZTF-Cam, PS2 - GPC2","NOT - ALFOSC","1","1","","19.1847","r-ZTF","2025-12-11 13:30:56.998","Fritz","","","2025TNSTR4931....1S","2026TNSCR..19....1S","",""
"194407","SN 2025afzb","21:51:08.177","+25:52:00.95","SN II","0.018933","","","ZTF","ZTF","ZTF","ZTF","ZTF25acfxwsc","P48 - ZTF-Cam","P60 - SEDM","1","1","","19.78","r-ZTF","2025-12-06 01:58:42.003","Fritz","","","2025TNSTR4882....1S","2025TNSCR4945....1S","",""
"194381","SN 2025afyb","14:09:45.840","+09:53:48.83","SN II","0.024286","","","ZTF, GOTO, ATLAS, Pan-STARRS, YSE","ZTF, GOTO, ATLAS, Pan-STARRS","ZTF","ATLAS, GOTO, Pan-STARRS, ZTF","ZTF25acgcuie","ATLAS-MLO - ATLAS-01, ATLAS-TDO - ATLAS-05, GOTO-N - GOTO-1, GOTO-N - GOTO-2, P48 - ZTF-Cam, PS2 - GPC2","P60 - SEDM","1","1","","17.9033","r-ZTF","2025-12-06 13:26:38.999","Fritz","","","2025TNSTR4865....1S","2025TNSCR4889....1S","",""
"194348","SN 2025afwu","14:07:24.423","+14:55:15.08","SN II","0.02563","","","ZTF, GOTO, Pan-STARRS","ZTF, GOTO, Pan-STARRS","ZTF","GOTO, Pan-STARRS, ZTF","ZTF25acgcusl","GOTO-N - GOTO-1, GOTO-N - GOTO-2, P48 - ZTF-Cam, PS2 - GPC2","P200 - NGPS","1","1","","19.4255","r-ZTF","2025-12-06 12:43:02.003","Fritz","","","2025TNSTR4855....1S","2025TNSCR5030....1R","",""
"194300","SN 2025afva","09:16:03.430","+18:17:39.90","SN II","0.04","","","ZTF, GOTO, ATLAS, BlackGEM","ZTF, GOTO, ATLAS, BlackGEM","ZTF","ATLAS, BlackGEM, GOTO, ZTF","ZTF25acfwfen","ATLAS-HKO - ATLAS-02, BG2 - BlackGEM-Cam2, BG3 - BlackGEM-Cam3, GOTO-N - GOTO-1, P48 - ZTF-Cam","P60 - SEDM","1","1","","20.6522","g-ZTF","2025-12-01 11:28:59.998","Fritz","","","2025TNSTR4849....1S","2025TNSCR4920....1S","",""
"194241","SN 2025afts","00:02:35.199","-03:42:37.35","SN II","0.021558","","","GOTO, ZTF, ATLAS","GOTO, ZTF, ATLAS","ZTF","ATLAS, GOTO, ZTF","GOTO25kzv","ATLAS-STH - ATLAS-03, GOTO-N - GOTO-1, GOTO-S - GOTO-4, P48 - ZTF-Cam","P60 - SEDM","1","1","","18.07","L-GOTO","2025-12-02 21:15:51.264","GOTO_bot","","","2025TNSTR4822....1O","2025TNSCR4888....1S","",""
"194218","SN 2025afsv","10:19:33.446","+13:02:22.51","SN II","0.023158","SDSS J101933.47+130222.6","0.02319","ALeRCE, ATLAS, GOTO, BlackGEM, Pan-STARRS","ZTF, ATLAS, GOTO, BlackGEM, Pan-STARRS","ZTF","ATLAS, BlackGEM, GOTO, Pan-STARRS, ZTF","ZTF25acftcra","ATLAS-CHL - ATLAS-04, ATLAS-TDO - ATLAS-05, BG2 - BlackGEM-Cam2, GOTO-N - GOTO-1, P48 - ZTF-Cam, PS2 - GPC2","P60 - SEDM","1","1","","18.631","r-ZTF","2025-12-02 10:35:48.002","ALeRCE","","","2025TNSTR4793....1M","2025TNSCR4945....1S","",""
"194216","SN 2025afst","09:54:42.177","+46:22:21.31","SN II","0.02544","","","ZTF, GOTO, ATLAS, Pan-STARRS, LAST","ZTF, GOTO, ATLAS, Pan-STARRS, LAST","ZTF","ATLAS, GOTO, LAST, Pan-STARRS, ZTF","ZTF25acfswkq","ATLAS-TDO - ATLAS-05, GOTO-N - GOTO-2, LAST - LAST-Cam, P48 - ZTF-Cam, PS1 - GPC1","P60 - SEDM","1","1","","19.1439","r-ZTF","2025-12-02 09:40:11.000","Fritz","","","2025TNSTR4806....1R","2025TNSCR4886....1J","",""
"193966","SN 2025afje","02:48:09.877","+37:45:17.37","SN II","0.0487","","","ZTF, GOTO, ATLAS, LAST","ZTF, GOTO, ATLAS, LAST","ZTF","ATLAS, GOTO, LAST, ZTF","ZTF25acfcmnb","ATLAS-HKO - ATLAS-02, GOTO-N - GOTO-2, LAST - LAST-Cam, P48 - ZTF-Cam","Keck1 - LRIS","1","1","","20.2786","g-ZTF","2025-11-29 06:00:31.000","Fritz","","","2025TNSTR4787....1S","2026TNSCR..18....1C","",""
"193815","SN 2025afdk","13:23:14.594","+16:23:49.64","SN II","0.023733","","","ATLAS, ZTF, GOTO, Pan-STARRS","ATLAS, ZTF, GOTO, Pan-STARRS","ZTF","ATLAS, GOTO, Pan-STARRS, ZTF","ATLAS25pch","ATLAS-HKO - ATLAS-02, ATLAS-MLO - ATLAS-01, GOTO-N - GOTO-1, GOTO-N - GOTO-2, P48 - ZTF-Cam, PS1 - GPC1","P60 - SEDM","1","1","","18.537","orange-ATLAS","2025-11-27 15:01:02.208","ATLAS_Bot1","","","2025TNSTR4744....1T","2025TNSCR4888....1S","",""
"193798","SN 2025afct","14:17:17.841","+11:15:42.44","SN II","0.02352","","","ZTF, ATLAS, GOTO, Pan-STARRS, YSE","ZTF, ATLAS, GOTO, Pan-STARRS","ZTF","ATLAS, GOTO, Pan-STARRS, ZTF","ZTF25acfgotd","ATLAS-HKO - ATLAS-02, ATLAS-STH - ATLAS-03, GOTO-N - GOTO-1, GOTO-N - GOTO-2, P48 - ZTF-Cam, PS2 - GPC2","P60 - SEDM","1","1","","18.7125","r-ZTF","2025-11-28 13:23:20.002","Fritz","","","2025TNSTR4750....1S","2025TNSCR4841....1S","",""
"193452","SN 2025aepv","13:39:30.842","+39:03:16.23","SN II","0.027405","","","ZTF, GOTO","ZTF, GOTO","ZTF","GOTO, ZTF","ZTF25acegldo","GOTO-N - GOTO-2, P48 - ZTF-Cam","P200 - NGPS","1","1","","19.1156","g-ZTF","2025-11-23 12:52:18.998","Fritz","","","2025TNSTR4690....1S","2025TNSCR4811....1S","",""
"193450","SN 2025aept","10:54:19.608","+29:41:55.73","SN II","0.030736","","","ZTF, ATLAS, GOTO, Pan-STARRS","ZTF, ATLAS, GOTO, Pan-STARRS","ZTF","ATLAS, GOTO, Pan-STARRS, ZTF","ZTF25aceglpp","ATLAS-HKO - ATLAS-02, ATLAS-TDO - ATLAS-05, GOTO-N - GOTO-2, P48 - ZTF-Cam, PS2 - GPC2","P60 - SEDM","1","1","","19.1939","g-ZTF","2025-11-23 13:04:46.004","Fritz","","","2025TNSTR4690....1S","2025TNSCR4816....1D","",""
"193120","SN 2025aedc","04:44:13.053","+11:56:53.48","SN II","0.015","","","ATLAS, ZTF, Pan-STARRS","ATLAS, ZTF, Pan-STARRS","ZTF","ATLAS, Pan-STARRS, ZTF","ATLAS25omz","ATLAS-CHL - ATLAS-04, ATLAS-TDO - ATLAS-05, P48 - ZTF-Cam, PS2 - GPC2","P200 - NGPS","1","1","","19.062","wide-ATLAS","2025-11-16 00:53:20.256","ATLAS_Bot1","","","2025TNSTR4634....1T","2025TNSCR4947....1D","",""
"193113","SN 2025aecv","12:27:19.927","+64:48:12.05","SN II","0.0088","","","ATLAS, PSST-XL, GOTO, ZTF","ATLAS, GOTO, ZTF","ZTF","ATLAS, GOTO, ZTF","ATLAS25omp","ATLAS-TDO - ATLAS-05, GOTO-N - GOTO-2, Other - Other, P48 - ZTF-Cam","P60 - SEDM","1","1","","17.589","wide-ATLAS","2025-11-18 04:49:35.904","ATLAS_Bot1","","","2025TNSTR4634....1T","2025TNSCR4701....1R","",""
"192560","SN 2025adho","11:16:17.735","-13:57:27.39","SN II","0.018129","LEDA  930946","0.01813","ALeRCE, ATLAS, GOTO","ZTF, ATLAS, GOTO","ZTF","ATLAS, GOTO, ZTF","ZTF25acefezu","ATLAS-HKO - ATLAS-02, ATLAS-MLO - ATLAS-01, GOTO-N - GOTO-2, GOTO-S - GOTO-4, P48 - ZTF-Cam","P60 - SEDM","1","1","","18.064","r-ZTF","2025-11-13 13:20:15.996","ALeRCE","","","2025TNSTR4549....1M","2025TNSCR4715....1S","",""
"192559","SN 2025adhn","11:57:15.479","-08:08:39.74","SN II","0.018306","WISEA J115715.57-080841.3","","ALeRCE, GOTO","ZTF, GOTO","ZTF","GOTO, ZTF","ZTF25aceffvo","GOTO-N - GOTO-2, GOTO-S - GOTO-3, P48 - ZTF-Cam","P200 - NGPS","1","1","","18.5797","r-ZTF","2025-11-13 13:25:12.003","ALeRCE","","","2025TNSTR4549....1M","2025TNSCR4815....1D","",""
"192183","SN 2025actg","11:49:36.888","+20:23:58.28","SN II","0.036172","","","ZTF, ATLAS, GOTO, BlackGEM, Pan-STARRS","ZTF, ATLAS, GOTO, BlackGEM, Pan-STARRS","ZTF","ATLAS, BlackGEM, GOTO, Pan-STARRS, ZTF","ZTF25acdheca","ATLAS-HKO - ATLAS-02, ATLAS-MLO - ATLAS-01, BG2 - BlackGEM-Cam2, BG3 - BlackGEM-Cam3, GOTO-N - GOTO-2, P48 - ZTF-Cam, PS2 - GPC2","LT - SPRAT","1","1","","18.0476","g-ZTF","2025-11-08 11:38:45.997","Fritz","","","2025TNSTR4482....1S","2026TNSCR.150....1W","",""
"192126","SN 2025acrb","18:26:49.987","+51:07:52.12","SN II","0.033","","","ZTF, ATLAS","ZTF, ATLAS","ZTF","ATLAS, ZTF","ZTF25acbyhbm","ATLAS-MLO - ATLAS-01, ATLAS-TDO - ATLAS-05, P48 - ZTF-Cam","NOT - ALFOSC","1","1","","19.5865","g-ZTF","2025-10-30 02:55:55.004","Fritz","","","2025TNSTR4467....1S","2025TNSCR4633....1S","",""
"191841","SN 2025acgf","16:29:04.774","+02:30:32.69","SN II","0.027175","","","ZTF, GOTO, ATLAS","ZTF, GOTO, ATLAS","ZTF","ATLAS, GOTO, ZTF","ZTF25acchxhv","ATLAS-MLO - ATLAS-01, ATLAS-STH - ATLAS-03, GOTO-N - GOTO-1, P48 - ZTF-Cam","P60 - SEDM","1","1","","18.671","r-ZTF","2025-11-02 01:48:16.001","Fritz","","","2025TNSTR4439....1S","2026TNSCR.117....1S","",""
"191714","SN 2025acbl","11:25:02.749","-05:04:03.08","SN II","0.028416","","","ZTF, GOTO, ATLAS, BlackGEM","ZTF, GOTO, ATLAS, BlackGEM","ZTF","ATLAS, BlackGEM, GOTO, ZTF","ZTF25acbxwck","ATLAS-MLO - ATLAS-01, BG2 - BlackGEM-Cam2, BG3 - BlackGEM-Cam3, GOTO-N - GOTO-2, P48 - ZTF-Cam","P200 - NGPS","1","1","","19.3574","r-ZTF","2025-10-31 12:52:02.003","Fritz","","","2025TNSTR4386....1S","2025TNSCR4811....1S","",""
"191646","SN 2025abyy","11:40:50.926","+04:48:29.37","SN II","0.020039","","","ZTF, GOTO, ATLAS, WFST","ZTF, GOTO, ATLAS, WFST","ZTF","ATLAS, GOTO, WFST, ZTF","ZTF25acberoe","ATLAS-MLO - ATLAS-01, ATLAS-TDO - ATLAS-05, GOTO-N - GOTO-2, P48 - ZTF-Cam, WFST - WFST-WFC","P60 - SEDM","1","1","","19.3043","r-ZTF","2025-10-29 12:50:52.995","Fritz","","","2025TNSTR4368....1S","2025TNSCR4568....1D","",""
"191525","SN 2025abuv","02:37:54.187","+37:03:51.26","SN II","0.02862","","","ZTF, ATLAS, GOTO, Pan-STARRS","ZTF, ATLAS, GOTO, Pan-STARRS","ZTF","ATLAS, GOTO, Pan-STARRS, ZTF","ZTF25acargjq","ATLAS-HKO - ATLAS-02, ATLAS-TDO - ATLAS-05, GOTO-N - GOTO-1, GOTO-N - GOTO-2, P48 - ZTF-Cam, PS1 - GPC1","P60 - SEDM","1","1","","20.514","g-ZTF","2025-10-27 07:48:59.996","Fritz","","","2025TNSTR4335....1S","2025TNSCR4523....1S","",""
"191492","SN 2025abua","17:03:44.624","+00:25:30.38","SN II","0.031515","","","ZTF","ZTF","ZTF","ZTF","ZTF25acangzg","P48 - ZTF-Cam","P60 - SEDM","1","1","","19.336","r-ZTF","2025-10-27 02:00:10.002","ZTF_CATS150","","","2025TNSTR4321....1R","2025TNSCR4632....1D","",""
"191335","SN 2025abob","03:31:32.223","+04:55:37.36","SN II","0.037","","","ZTF, ATLAS, GOTO, Pan-STARRS","ZTF, ATLAS, GOTO, Pan-STARRS","ZTF, VHU-TDA","ATLAS, GOTO, Pan-STARRS, ZTF","ZTF25abzswyh","ATLAS-STH - ATLAS-03, ATLAS-TDO - ATLAS-05, GOTO-N - GOTO-2, GOTO-S - GOTO-3, P48 - ZTF-Cam, PS2 - GPC2","FLWO-1.5m - FAST, P60 - SEDM","1","1","","20.1705","g-ZTF","2025-10-24 10:36:49.000","Fritz","","","2025TNSTR4289....1S","2025TNSCR4487....1S, 2025TNSCR4809....1N","",""
"191228","SN 2025abka","12:50:25.329","+28:50:04.79","SN II","0.03","","","ZTF, ATLAS, GOTO, Pan-STARRS, LAST","ZTF, ATLAS, GOTO, Pan-STARRS, LAST","ZTF","ATLAS, GOTO, LAST, Pan-STARRS, ZTF","ZTF25abzklfa","ATLAS-HKO - ATLAS-02, ATLAS-TDO - ATLAS-05, GOTO-N - GOTO-2, LAST - LAST-Cam, P48 - ZTF-Cam, PS1 - GPC1","P60 - SEDM","1","1","","18.5655","r-ZTF","2025-10-22 13:01:06.997","Fritz","","","2025TNSTR4260....1S","2025TNSCR4565....1S","",""
"191225","SN 2025abjx","10:51:22.654","-09:30:33.89","SN II","0.055","","","ZTF, ATLAS","ZTF, ATLAS","ZTF","ATLAS, ZTF","ZTF25abyhfpx","ATLAS-HKO - ATLAS-02, ATLAS-MLO - ATLAS-01, P48 - ZTF-Cam","P60 - SEDM","1","1","","18.6436","r-ZTF","2025-10-20 12:56:06.999","Fritz","","","2025TNSTR4260....1S","2025TNSCR4326....1S","",""
"191132","SN 2025abgi","23:57:27.349","-02:54:22.15","SN II","0.023396","","","ATLAS, GOTO, LAST, ZTF","ATLAS, GOTO, LAST, ZTF","ZTF","ATLAS, GOTO, LAST, ZTF","ATLAS25ndf","ATLAS-CHL - ATLAS-04, ATLAS-STH - ATLAS-03, GOTO-N - GOTO-1, GOTO-S - GOTO-3, LAST - LAST-Cam, P48 - ZTF-Cam","P60 - SEDM","1","1","","18.489","cyan-ATLAS","2025-10-21 21:06:52.128","ATLAS_Bot1","","","2025TNSTR4251....1T","2025TNSCR4487....1S","",""
"191010","SN 2025abbq","21:40:28.749","-06:20:42.46","SN II","0.023466","","","ZTF, Pan-STARRS","ZTF, Pan-STARRS","ZTF","Pan-STARRS, ZTF","ZTF25abymbfe","P48 - ZTF-Cam, PS1 - GPC1","P200 - NGPS","1","1","","19.7257","r-ZTF","2025-10-19 06:05:41.003","Fritz","","","2025TNSTR4230....1S","2025TNSCR4328....1D","",""
"190915","SN 2025aaxz","09:44:34.866","+55:45:43.41","SN II","0.025","","","ZTF, ATLAS, WFST, LAST, Pan-STARRS","ZTF, ATLAS, WFST, LAST, Pan-STARRS","ZTF, VHU-TDA","ATLAS, LAST, Pan-STARRS, WFST, ZTF","ZTF25abxxkod","ATLAS-MLO - ATLAS-01, ATLAS-TDO - ATLAS-05, LAST - LAST-Cam, P48 - ZTF-Cam, PS2 - GPC2, WFST - WFST-WFC","FLWO-1.5m - FAST, P60 - SEDM","1","1","","18.9293","g-ZTF","2025-10-19 10:20:46.003","Fritz","","","2025TNSTR4191....1S","2025TNSCR4294....1S, 2025TNSCR4810....1D","",""
"190897","SN 2025aaxh","10:59:42.575","+23:23:13.97","SN II","0.02119","","","ATLAS, GOTO, Pan-STARRS, ZTF","ATLAS, GOTO, Pan-STARRS, ZTF","ZTF","ATLAS, GOTO, Pan-STARRS, ZTF","ATLAS25mxu","ATLAS-HKO - ATLAS-02, GOTO-N - GOTO-1, GOTO-N - GOTO-2, P48 - ZTF-Cam, PS2 - GPC2","P60 - SEDM","1","1","","17.421","orange-ATLAS","2025-10-19 14:58:11.136","ATLAS_Bot1","","","2025TNSTR4182....1T","2025TNSCR5077....1S","",""
"190873","SN 2025aawk","00:25:33.678","+02:16:17.57","SN II","0.0778","","","ZTF, ATLAS, GOTO, LAST","ZTF, ATLAS, GOTO, LAST","ZTF","ATLAS, GOTO, LAST, ZTF","ZTF25abubydw","ATLAS-STH - ATLAS-03, ATLAS-TDO - ATLAS-05, GOTO-N - GOTO-1, LAST - LAST-Cam, P48 - ZTF-Cam","Lick-3m - KAST","1","1","","20.7218","g-ZTF","2025-09-26 07:55:02.997","Fritz","","","2025TNSTR4191....1S","2025TNSCR4716....1W","",""
"190849","SN 2025aavm","11:28:25.367","+51:01:26.71","SN II","0.03288","MCG+09-19-083","0.0337","ALeRCE, ATLAS, LAST","ZTF, ATLAS, LAST","ZTF","ATLAS, LAST, ZTF","ZTF25abxcktl","ATLAS-MLO - ATLAS-01, LAST - LAST-Cam, P48 - ZTF-Cam","P60 - SEDM","1","1","","18.4594","g-ZTF","2025-10-18 11:51:20.002","ALeRCE","","","2025TNSTR4169....1F","2025TNSCR4266....1S","",""
"190818","SN 2025aauh","09:45:29.343","+33:33:35.42","SN II","0.027328","","","ZTF, GOTO, Pan-STARRS","ZTF, GOTO, Pan-STARRS","ZTF","GOTO, Pan-STARRS, ZTF","ZTF25abxcfzb","GOTO-N - GOTO-2, P48 - ZTF-Cam, PS2 - GPC2","P200 - NGPS","1","1","","20.0119","r-ZTF","2025-10-13 11:26:51.996","Fritz","","","2025TNSTR4178....1S","2025TNSCR4328....1D","",""
"190620","SN 2025aaov","00:36:23.136","+18:41:32.59","SN II","0.045","","","ZTF, ATLAS, GOTO, Fink","ZTF, ATLAS, GOTO","ZTF","ATLAS, GOTO, ZTF","ZTF25abwwabv","ATLAS-HKO - ATLAS-02, ATLAS-MLO - ATLAS-01, GOTO-N - GOTO-1, P48 - ZTF-Cam","P60 - SEDM","1","1","","20.603","g-ZTF","2025-10-12 06:06:22.000","Fritz","","","2025TNSTR4149....1S","2025TNSCR4521....1S","",""
"190246","SN 2025aaal","19:32:53.143","+56:04:17.68","SN II","0.026045","","","ZTF, ATLAS, Pan-STARRS","ZTF, ATLAS, Pan-STARRS","ZTF","ATLAS, Pan-STARRS, ZTF","ZTF25abwnsol","ATLAS-MLO - ATLAS-01, ATLAS-TDO - ATLAS-05, P48 - ZTF-Cam, PS1 - GPC1","P200 - NGPS","1","1","","19.9379","r-ZTF","2025-10-08 04:09:59.999","Fritz","","","2025TNSTR4087....1S","2025TNSCR4328....1D","",""
"190144","SN 2025zwn","04:21:01.663","-09:17:22.36","SN II","0.04","","","ZTF, GOTO, ATLAS, LAST, BlackGEM","ZTF, GOTO, ATLAS, LAST, BlackGEM","ZTF","ATLAS, BlackGEM, GOTO, LAST, ZTF","ZTF25abwkiga","ATLAS-TDO - ATLAS-05, BG2 - BlackGEM-Cam2, BG3 - BlackGEM-Cam3, GOTO-N - GOTO-1, GOTO-S - GOTO-3, LAST - LAST-Cam, P48 - ZTF-Cam","P60 - SEDM","1","1","","19.1982","r-ZTF","2025-10-11 08:32:54.003","Fritz","","","2025TNSTR4073....1S","2025TNSCR4235....1S","",""
"190082","SN 2025zud","11:10:38.026","+14:54:42.34","SN II","0.033454","","","ZTF, GOTO, ATLAS, Pan-STARRS","ZTF, GOTO, ATLAS, Pan-STARRS","ZTF","ATLAS, GOTO, Pan-STARRS, ZTF","ZTF25abwigqz","ATLAS-HKO - ATLAS-02, ATLAS-MLO - ATLAS-01, GOTO-N - GOTO-2, P48 - ZTF-Cam, PS2 - GPC2","P60 - SEDM","1","1","","18.6353","r-ZTF","2025-10-09 12:52:48.002","Fritz","","","2025TNSTR4072....1W","2025TNSCR4340....1W","",""
"190032","SN 2025zsf","23:56:39.797","+38:54:59.27","SN II","0.04","","","GOTO, ZTF, ATLAS, LAST, Pan-STARRS","GOTO, ZTF, ATLAS, LAST, Pan-STARRS","ZTF","ATLAS, GOTO, LAST, Pan-STARRS, ZTF","GOTO25iit","ATLAS-MLO - ATLAS-01, ATLAS-TDO - ATLAS-05, GOTO-N - GOTO-1, GOTO-N - GOTO-2, LAST - LAST-Cam, P48 - ZTF-Cam, PS2 - GPC2","P60 - SEDM","1","1","","19.18","L-GOTO","2025-10-10 02:03:33.984","GOTO_bot","","","2025TNSTR4056....1O","2025TNSCR4294....1S","",""
"190000","SN 2025zra","04:29:17.619","+69:31:36.81","SN II","0.015684","","","ZTF, GOTO","ZTF, GOTO","ZTF","GOTO, ZTF","ZTF25abvbnjm","GOTO-N - GOTO-2, P48 - ZTF-Cam","P200 - NGPS","1","1","","20.2879","r-ZTF","2025-10-02 09:39:48.000","Fritz","","","2025TNSTR4043....1S","2025TNSCR4328....1D","",""
"189990","SN 2025zqq","10:38:13.779","-02:41:33.60","SN II","0.021195","SDSS J103814.26-024133.5","","ALeRCE, ATLAS, GOTO, Pan-STARRS, DESIRT","ZTF, ATLAS, GOTO, Pan-STARRS, DESIRT","ZTF","ATLAS, DESIRT, GOTO, Pan-STARRS, ZTF","ZTF25abwbvvj","ATLAS-HKO - ATLAS-02, ATLAS-MLO - ATLAS-01, CTIO-4m - DECAM, GOTO-N - GOTO-2, GOTO-S - GOTO-3, P48 - ZTF-Cam, PS2 - GPC2","P60 - SEDM","1","1","","17.9876","r-ZTF","2025-10-07 12:50:11.999","ALeRCE","","","2025TNSTR4029....1M","2025TNSCR4281....1W","",""
"189929","SN 2025zoj","23:45:17.467","+51:59:08.96","SN II","0.04","","","GOTO, ZTF, Pan-STARRS","GOTO, ZTF, Pan-STARRS","ZTF","GOTO, Pan-STARRS, ZTF","GOTO25igg","GOTO-N - GOTO-2, P48 - ZTF-Cam, PS1 - GPC1","P60 - SEDM","1","1","","19.33","L-GOTO","2025-10-03 22:52:20.064","GOTO_bot","","","2025TNSTR3996....1B","2025TNSCR4376....1S","",""
"189785","SN 2025ziv","03:32:07.984","+41:35:45.49","SN II","0.014677","","","ATLAS, ZTF, GOTO, Pan-STARRS","ATLAS, ZTF, GOTO, Pan-STARRS","ZTF","ATLAS, GOTO, Pan-STARRS, ZTF","ATLAS25mgx","ATLAS-HKO - ATLAS-02, ATLAS-MLO - ATLAS-01, GOTO-N - GOTO-1, GOTO-N - GOTO-2, P48 - ZTF-Cam, PS2 - GPC2","P60 - SEDM","1","1","","19.199","cyan-ATLAS","2025-10-01 12:23:35.232","ATLAS_Bot1","","","2025TNSTR3942....1T","2025TNSCR4017....1S","",""
"189769","SN 2025zif","10:21:34.571","+23:57:29.96","SN II","0.02111","LEDA  213686","0.02113","ALeRCE, ATLAS, GOTO, Pan-STARRS, WFST","ZTF, ATLAS, GOTO, Pan-STARRS, WFST","ZTF","ATLAS, GOTO, Pan-STARRS, WFST, ZTF","ZTF25abuqccu","ATLAS-HKO - ATLAS-02, ATLAS-MLO - ATLAS-01, GOTO-N - GOTO-2, P48 - ZTF-Cam, PS1 - GPC1, WFST - WFST-WFC","P60 - SEDM","1","1","","18.015","r-ZTF","2025-09-30 12:42:39.004","ALeRCE","","","2025TNSTR3941....1M","2025TNSCR4124....1S","",""
"189744","SN 2025zhg","05:03:34.397","+04:40:51.32","SN II","0.02971","","","ZTF, GOTO","ZTF, GOTO","ZTF","GOTO, ZTF","ZTF25abuvvga","GOTO-N - GOTO-1, GOTO-S - GOTO-3, P48 - ZTF-Cam","P200 - NGPS","1","1","","18.6504","g-ZTF","2025-10-01 09:58:08.996","BTSbot_bot","","","2025TNSTR3951....1R","2025TNSCR4331....1R","",""
"189518","SN 2025yyp","08:10:06.018","+46:11:31.65","SN II","0.031603","","","ZTF, GOTO","ZTF, GOTO","ZTF","GOTO, ZTF","ZTF25abuojsb","GOTO-N - GOTO-2, P48 - ZTF-Cam","NOT - ALFOSC","1","1","","19.9432","g-ZTF","2025-09-30 10:44:03.998","Fritz","","","2025TNSTR3935....1H","2025TNSCR4127....1D","",""
"189514","SN 2025yyl","05:50:36.846","+50:35:23.75","SN II","0.035","","","ZTF","ZTF","ZTF","ZTF","ZTF25abtieic","P48 - ZTF-Cam","P60 - SEDM","1","1","","19.0392","g-ZTF","2025-09-24 10:39:16.001","Fritz","","","2025TNSTR3934....1S","2025TNSCR4217....1S","",""
"189496","SN 2025yxt","02:27:34.553","+41:58:44.33","SN II","0.018853","","","ZTF, Pan-STARRS, YSE","ZTF, Pan-STARRS","ZTF","Pan-STARRS, ZTF","ZTF25abudaqa","P48 - ZTF-Cam, PS1 - GPC1","LT - SPRAT","1","1","","19.1785","r-ZTF","2025-09-26 08:57:30.000","Fritz","","","2025TNSTR3934....1S","2025TNSCR4027....1W","",""
"189008","SN 2025yfq","21:30:07.272","+00:24:15.62","SN II","0.030226","","","GOTO, ZTF, ATLAS, Pan-STARRS","GOTO, ZTF, ATLAS, Pan-STARRS","ZTF","ATLAS, GOTO, Pan-STARRS, ZTF","GOTO25hlo","ATLAS-CHL - ATLAS-04, ATLAS-TDO - ATLAS-05, GOTO-S - GOTO-3, P48 - ZTF-Cam, PS1 - GPC1","P200 - NGPS","1","1","","20","L-GOTO","2025-09-20 10:56:50.496","GOTO_bot","","","2025TNSTR3791....1O","2025TNSCR3975....1R","",""
"189006","SN 2025yfo","05:29:34.865","+51:59:11.22","SN II","0.02","","","ATLAS, ALeRCE, GOTO","ATLAS, ZTF, GOTO","ZTF","ATLAS, GOTO, ZTF","ATLAS25ltw","ATLAS-MLO - ATLAS-01, GOTO-N - GOTO-1, P48 - ZTF-Cam","P60 - SEDM","1","1","","18.287","orange-ATLAS","2025-09-21 13:26:47.328","ATLAS_Bot1","","","2025TNSTR3790....1T","2025TNSCR4123....1S","",""
"188876","SN 2025yap","09:10:32.311","+16:22:48.41","SN II","0.02933","","","ZTF, GOTO, ATLAS","ZTF, GOTO, ATLAS","ZTF","ATLAS, GOTO, ZTF","ZTF25absjrpz","ATLAS-HKO - ATLAS-02, ATLAS-MLO - ATLAS-01, GOTO-N - GOTO-1, GOTO-N - GOTO-2, P48 - ZTF-Cam","P200 - NGPS","1","1","","18.9078","r-ZTF","2025-09-15 12:36:31.000","Fritz","","","2025TNSTR3783....1S","2025TNSCR3975....1R","",""
"188875","SN 2025yao","06:26:03.929","+64:43:49.98","SN II","0.014343","","","ZTF, ATLAS, GOTO, Fink, LAST","ZTF, ATLAS, GOTO, LAST","ZTF","ATLAS, GOTO, LAST, ZTF","ZTF25absindv","ATLAS-MLO - ATLAS-01, GOTO-N - GOTO-1, LAST - LAST-Cam, P48 - ZTF-Cam","P60 - SEDM","1","1","","18.3718","r-ZTF","2025-09-20 10:42:19.998","BTSbot_bot","","","2025TNSTR3784....1R","2025TNSCR3803....1S","",""
"188568","SN 2025xov","15:16:28.740","+01:56:55.97","SN II","0.029","","","ATLAS, ZTF, GOTO, Pan-STARRS","ATLAS, ZTF, GOTO, Pan-STARRS","ZTF","ATLAS, GOTO, Pan-STARRS, ZTF","ATLAS25ljw","ATLAS-HKO - ATLAS-02, ATLAS-STH - ATLAS-03, GOTO-N - GOTO-1, GOTO-S - GOTO-4, P48 - ZTF-Cam, PS1 - GPC1","P60 - SEDM","1","1","","18.086","cyan-ATLAS","2025-09-15 05:39:20.160","ATLAS_Bot1","","","2025TNSTR3705....1T","2025TNSCR4905....1S","",""
"188406","SN 2025xiy","08:13:47.526","+37:02:58.38","SN II","0.030603","","","ZTF","ZTF","ZTF","ZTF","ZTF18aawwbak","P48 - ZTF-Cam","P60 - SEDM","1","1","","19.0871","r-ZTF","2025-09-06 12:12:42.998","Fritz","","","2025TNSTR3680....1S","2025TNSCR3836....1S","",""
"188389","SN 2025xih","03:05:33.470","+04:42:01.37","SN II","0.02","","","GOTO, ZTF, ATLAS, LAST, BlackGEM, Pan-STARRS","GOTO, ZTF, ATLAS, LAST, BlackGEM, Pan-STARRS","ZTF","ATLAS, BlackGEM, GOTO, LAST, Pan-STARRS, ZTF","GOTO25gzj","ATLAS-MLO - ATLAS-01, ATLAS-STH - ATLAS-03, BG2 - BlackGEM-Cam2, GOTO-N - GOTO-2, GOTO-S - GOTO-3, LAST - LAST-Cam, P48 - ZTF-Cam, PS1 - GPC1","P60 - SEDM","1","1","","18.27","L-GOTO","2025-09-13 01:50:30.336","GOTO_bot","","","2025TNSTR3674....1O","2025TNSCR3837....1S","",""
"188250","SN 2025xdd","23:16:23.753","+24:29:53.05","SN II","0.028043","","","ZTF, GOTO, ATLAS","ZTF, GOTO, ATLAS","ZTF","ATLAS, GOTO, ZTF","ZTF25abphhyk","ATLAS-HKO - ATLAS-02, ATLAS-TDO - ATLAS-05, GOTO-N - GOTO-2, P48 - ZTF-Cam","P60 - SEDM","1","1","","19.4016","g-ZTF","2025-09-07 08:02:18.997","Fritz","","","2025TNSTR3635....1S","2025TNSCR3715....1S","",""
"187967","SN 2025wsj","21:20:07.926","-03:54:27.92","SN II","0.0296","","","ZTF, GOTO, Pan-STARRS","ZTF, GOTO, Pan-STARRS","ZTF","GOTO, Pan-STARRS, ZTF","ZTF25abnzksi","GOTO-N - GOTO-1, GOTO-S - GOTO-3, P48 - ZTF-Cam, PS1 - GPC1","P200 - NGPS","1","1","","20.6887","r-ZTF","2025-08-24 07:37:18.998","Fritz","","","2025TNSTR3524....1L","2025TNSCR3547....1D","",""
"187164","SN 2025vpj","01:47:46.272","+17:19:04.27","SN II","0.03","","","ZTF, BlackGEM, ATLAS, LAST, Pan-STARRS, GOTO","ZTF, BlackGEM, ATLAS, LAST, Pan-STARRS, GOTO","ZTF","ATLAS, BlackGEM, GOTO, LAST, Pan-STARRS, ZTF","ZTF25abmlhkf","ATLAS-MLO - ATLAS-01, BG3 - BlackGEM-Cam3, GOTO-N - GOTO-1, LAST - LAST-Cam, P48 - ZTF-Cam, PS2 - GPC2","P60 - SEDM","1","1","","19.0767","r-ZTF","2025-08-27 09:35:58.997","Fritz","","","2025TNSTR3397....1S","2025TNSCR3752....1S","",""
"187127","SN 2025vny","07:20:24.599","+30:20:42.92","SN II","0.03","","","ZTF, ATLAS, GOTO, Pan-STARRS","ZTF, ATLAS, GOTO, Pan-STARRS","ZTF","ATLAS, GOTO, Pan-STARRS, ZTF","ZTF25ablvnyr","ATLAS-HKO - ATLAS-02, ATLAS-TDO - ATLAS-05, GOTO-N - GOTO-2, P48 - ZTF-Cam, PS2 - GPC2","P60 - SEDM","1","1","","18.6014","r-ZTF","2025-08-25 12:02:55.003","Fritz","","","2025TNSTR3397....1S","2025TNSCR3619....1J","",""
"187111","SN 2025vni","08:26:29.964","+32:18:13.93","SN II","0.038859","","","ZTF, Pan-STARRS","ZTF, Pan-STARRS","ZTF","Pan-STARRS, ZTF","ZTF25ablpyup","P48 - ZTF-Cam, PS1 - GPC1","LT - SPRAT","1","1","","18.1175","r-ZTF","2025-08-24 12:24:19.002","Fritz","","","2025TNSTR3396....1W","2025TNSCR4047....1W","",""
"186938","SN 2025vgt","20:41:14.559","-25:21:12.59","SN II","0.019547","","","ZTF, ATLAS, GOTO, Pan-STARRS, LAST","ZTF, ATLAS, GOTO, Pan-STARRS, LAST","ZTF","ATLAS, GOTO, LAST, Pan-STARRS, ZTF","ZTF25ablihfx","ATLAS-CHL - ATLAS-04, ATLAS-TDO - ATLAS-05, GOTO-N - GOTO-2, GOTO-S - GOTO-4, LAST - LAST-Cam, P48 - ZTF-Cam, PS1 - GPC1","P200 - NGPS","1","1","","19.3108","g-ZTF","2025-08-24 06:03:03.003","Fritz","","","2025TNSTR3357....1S","2025TNSCR3547....1D","",""
"186861","SN 2025vdu","08:34:46.523","+43:43:28.37","SN II","0.027406","","","ZTF, ATLAS, Pan-STARRS","ZTF, ATLAS, Pan-STARRS","ZTF","ATLAS, Pan-STARRS, ZTF","ZTF25abklmje","ATLAS-MLO - ATLAS-01, P48 - ZTF-Cam, PS1 - GPC1","P60 - SEDM","1","1","","18.1046","r-ZTF","2025-08-21 12:24:44.999","Fritz","","","2025TNSTR3341....1W","2025TNSCR3836....1S","",""
"186296","SN 2025uic","15:14:44.827","+14:22:17.05","SN II","0.03","","","GOTO, ATLAS, ALeRCE","GOTO, ATLAS, ZTF","ZTF","ATLAS, GOTO, ZTF","GOTO25fyn","ATLAS-HKO - ATLAS-02, GOTO-N - GOTO-1, GOTO-N - GOTO-2, P48 - ZTF-Cam","P60 - SEDM","1","1","","18.5","L-GOTO","2025-08-17 21:14:51.648","GOTO_bot","","","2025TNSTR3243....1O","2025TNSCR3625....1W","",""
"186264","SN 2025ugw","16:08:13.841","+18:17:50.24","SN II","0.04","SDSS J160813.84+181750.5","","ALeRCE, ATLAS, Fink, GOTO","ZTF, ATLAS, GOTO","ZTF","ATLAS, GOTO, ZTF","ZTF25abjeuls","ATLAS-MLO - ATLAS-01, ATLAS-TDO - ATLAS-05, GOTO-N - GOTO-1, GOTO-S - GOTO-4, P48 - ZTF-Cam","P60 - SEDM","1","1","","19.4264","g-ZTF","2025-08-17 04:36:27.996","ALeRCE","","","2025TNSTR3238....1J","2025TNSCR3624....1S","",""
"186097","SN 2025uam","07:47:55.594","+34:02:06.94","SN II","0.0154","","","ZTF, Pan-STARRS, ATLAS, GOTO","ZTF, Pan-STARRS, ATLAS, GOTO","ZTF, VHU-TDA","ATLAS, GOTO, Pan-STARRS, ZTF","ZTF25abjecux","ATLAS-HKO - ATLAS-02, ATLAS-TDO - ATLAS-05, GOTO-N - GOTO-2, P48 - ZTF-Cam, PS2 - GPC2","FLWO-1.5m - FAST, P60 - SEDM","1","1","","18.2433","r-ZTF","2025-08-16 12:14:49.997","Fritz","","","2025TNSTR3231....1S","2025TNSCR3488....1S, 2025TNSCR4809....1N","",""
"186050","SN 2025tyr","16:03:03.214","+22:13:03.08","SN II","0.032477","","","ZTF, ATLAS","ZTF, ATLAS","ZTF","ATLAS, ZTF","ZTF25abippmj","ATLAS-MLO - ATLAS-01, ATLAS-TDO - ATLAS-05, P48 - ZTF-Cam","P200 - NGPS","1","1","","20.0935","r-ZTF","2025-08-15 04:00:31.003","ZTF_CATS150","","","2025TNSTR3217....1R","2025TNSCR3309....1D","",""
"185938","SN 2025tuj","18:16:27.344","+10:03:02.61","SN II","0.04","","","ZTF, ATLAS, GOTO","ZTF, ATLAS, GOTO","ZTF","ATLAS, GOTO, ZTF","ZTF25abimmqu","ATLAS-MLO - ATLAS-01, GOTO-N - GOTO-1, P48 - ZTF-Cam","P200 - NGPS","1","1","","19.6822","g-ZTF","2025-08-11 04:33:56.001","Fritz","","","2025TNSTR3200....1S","2025TNSCR3269....1S","",""
"185917","SN 2025tto","06:30:54.565","+23:10:43.95","SN II","0.031739","","","ZTF, ATLAS","ZTF, ATLAS","ZTF","ATLAS, ZTF","ZTF25abikyna","ATLAS-MLO - ATLAS-01, P48 - ZTF-Cam","P200 - NGPS","1","1","","19.0033","r-ZTF","2025-08-13 12:06:05.999","ZTF_CATS150","","","2025TNSTR3186....1R","2025TNSCR3387....1D","",""
"185901","SN 2025tsy","07:18:31.477","+27:09:15.93","SN II","0.016942","","","ZTF, ATLAS, GOTO","ZTF, ATLAS, GOTO","ZTF","ATLAS, GOTO, ZTF","ZTF25abibtdm","ATLAS-HKO - ATLAS-02, GOTO-N - GOTO-1, GOTO-N - GOTO-2, P48 - ZTF-Cam","P60 - SEDM","1","1","","18.4196","r-ZTF","2025-08-11 12:09:56.998","Fritz","","","2025TNSTR3185....1S","2025TNSCR3469....1S","",""
"185887","SN 2025tsl","17:05:33.422","+78:51:13.65","SN II","0.065502","","","ZTF, ATLAS, GOTO","ZTF, ATLAS, GOTO","ZTF","ATLAS, GOTO, ZTF","ZTF25abiiuxz","ATLAS-MLO - ATLAS-01, ATLAS-TDO - ATLAS-05, GOTO-N - GOTO-2, P48 - ZTF-Cam","LT - SPRAT","1","1","","18.792","r-ZTF","2025-08-13 06:57:07.004","Fritz","","","2025TNSTR3185....1S","2025TNSCR3892....1W","",""
"185856","SN 2025trg","14:02:11.611","+09:26:10.88","SN II","0.0204","","","ZTF, ATLAS","ZTF, ATLAS","ZTF","ATLAS, ZTF","ZTF25abhzbuz","ATLAS-HKO - ATLAS-02, P48 - ZTF-Cam","Keck1 - LRIS","1","1","","19.6808","r-ZTF","2025-08-11 03:50:17.001","Fritz","","","2025TNSTR3185....1S","2025TNSCR3311....1D","",""
"185844","SN 2025tqu","03:47:18.120","-08:26:59.89","SN II","0.03339","","","BlackGEM, GOTO, ZTF, Pan-STARRS","BlackGEM, GOTO, ZTF, Pan-STARRS","ZTF","BlackGEM, GOTO, Pan-STARRS, ZTF","BGEM J034718.11-082659.8","BG2 - BlackGEM-Cam2, BG4 - BlackGEM-Cam4, GOTO-S - GOTO-3, P48 - ZTF-Cam, PS1 - GPC1","P60 - SEDM","1","1","","18.83","BG-q-BlackGem","2025-08-12 07:57:57.000","BlackGEM_Bot1","","","2025TNSTR3157....1S","2025TNSCR3620....1S","",""
"185833","SN 2025tqj","18:00:19.249","+61:31:39.56","SN II","0.047589","","","ATLAS, ALeRCE, LAST","ATLAS, ZTF, LAST","ZTF","ATLAS, LAST, ZTF","ATLAS25jgl","ATLAS-HKO - ATLAS-02, ATLAS-MLO - ATLAS-01, LAST - LAST-Cam, P48 - ZTF-Cam","P60 - SEDM","1","1","","18.852","orange-ATLAS","2025-08-12 08:25:28.128","ATLAS_Bot1","","","2025TNSTR3156....1T","2025TNSCR3307....1S","",""
"185650","SN 2025tjj","06:53:13.551","+47:10:07.25","SN II","0.021598","","","ZTF, ATLAS, GOTO","ZTF, ATLAS, GOTO","ZTF","ATLAS, GOTO, ZTF","ZTF25abhrbjt","ATLAS-MLO - ATLAS-01, GOTO-N - GOTO-1, P48 - ZTF-Cam","P200 - NGPS","1","1","","18.1348","r-ZTF","2025-08-07 12:03:49.996","Fritz","","","2025TNSTR3114....1S","2025TNSCR3310....1D","",""
"185425","SN 2025tbf","05:37:10.798","+14:39:45.86","SN II","0.017839","","","ZTF","ZTF","ZTF","ZTF","ZTF25abgepus","P48 - ZTF-Cam","P200 - NGPS","1","1","","18.6486","r-ZTF","2025-07-31 11:58:57.999","Fritz","","","2025TNSTR3054....1W","2025TNSCR3387....1D","",""
"185421","SN 2025tbb","17:41:02.691","+39:14:08.88","SN II","0.045","","","ZTF, ATLAS, GOTO","ZTF, ATLAS, GOTO","ZTF","ATLAS, GOTO, ZTF","ZTF25abghevu","ATLAS-HKO - ATLAS-02, ATLAS-MLO - ATLAS-01, GOTO-N - GOTO-2, P48 - ZTF-Cam","P60 - SEDM","1","1","","21.0571","g-ZTF","2025-07-31 06:42:39.997","Fritz","","","2025TNSTR3055....1S","2025TNSCR3268....1S","",""
"185403","SN 2025taj","10:31:14.983","+72:07:46.97","SN II","0.022183","","","ATLAS, ZTF, GOTO","ATLAS, ZTF, GOTO","ZTF","ATLAS, GOTO, ZTF","","ATLAS-MLO - ATLAS-01, ATLAS-TDO - ATLAS-05, GOTO-N - GOTO-1, GOTO-N - GOTO-2, Other - Other, P48 - ZTF-Cam","P60 - SEDM","1","1","","18","Clear-","2025-08-02 21:05:00.000","Giancarlo Cortini","","","2025TNSTR3040....1C","2025TNSCR4215....1S","",""
"185192","SN 2025ssk","05:27:47.473","+19:56:58.18","SN II","0.027299","","","ZTF, ATLAS","ZTF, ATLAS","ZTF","ATLAS, ZTF","ZTF25abgekqc","ATLAS-HKO - ATLAS-02, ATLAS-TDO - ATLAS-05, P48 - ZTF-Cam","P60 - SEDM","1","1","","19.4099","r-ZTF","2025-07-31 11:43:22.995","Fritz","","","2025TNSTR3012....1S","2025TNSCR3073....1S","",""
"185074","SN 2025sog","16:34:38.269","+21:19:11.80","SN II","0.035476","","","ATLAS, GOTO, ZTF, Pan-STARRS","ATLAS, GOTO, ZTF, Pan-STARRS","ZTF","ATLAS, GOTO, Pan-STARRS, ZTF","ATLAS25ikw","ATLAS-MLO - ATLAS-01, ATLAS-TDO - ATLAS-05, GOTO-N - GOTO-1, GOTO-N - GOTO-2, P48 - ZTF-Cam, PS2 - GPC2","Lick-3m - KAST","1","1","","18.559","orange-ATLAS","2025-07-26 07:50:30.336","ATLAS_Bot1","","","2025TNSTR2966....1T","2025TNSCR3386....1W","",""
"184909","SN 2025shx","01:07:04.801","+07:39:02.33","SN II","0.055","SDSS J010704.80+073902.3","","ALeRCE, ATLAS, Fink, GOTO, Pan-STARRS, LAST","ZTF, ATLAS, GOTO, Pan-STARRS, LAST","ZTF","ATLAS, GOTO, LAST, Pan-STARRS, ZTF","ZTF25abeefof","ATLAS-HKO - ATLAS-02, ATLAS-STH - ATLAS-03, GOTO-N - GOTO-1, LAST - LAST-Cam, P48 - ZTF-Cam, PS1 - GPC1","P60 - SEDM","1","1","","20.343","r-ZTF","2025-07-26 10:27:55.999","ALeRCE","","","2025TNSTR2936....1F","2025TNSCR4327....1S","",""
"184820","SN 2025sem","18:45:56.024","+15:49:14.04","SN II","0.0242","","","ZTF, ATLAS, Fink","ZTF, ATLAS","ZTF","ATLAS, ZTF","ZTF25abdkrgt","ATLAS-MLO - ATLAS-01, ATLAS-TDO - ATLAS-05, P48 - ZTF-Cam","LT - SPRAT","1","1","","20.4904","g-ZTF","2025-07-24 07:08:11.999","Fritz","","","2025TNSTR2921....1S","2025TNSCR3060....1W","",""
"184705","SN 2025sad","20:59:05.704","+11:08:41.09","SN II","0.031458","","","GOTO, Pan-STARRS, ATLAS, ZTF","GOTO, Pan-STARRS, ATLAS, ZTF","ZTF","ATLAS, GOTO, Pan-STARRS, ZTF","GOTO25fhs","ATLAS-MLO - ATLAS-01, ATLAS-TDO - ATLAS-05, GOTO-N - GOTO-1, GOTO-S - GOTO-4, P48 - ZTF-Cam, PS2 - GPC2","P60 - SEDM","1","1","","19.16","L-GOTO","2025-07-24 13:13:03.936","GOTO_bot","","","2025TNSTR2869....1O","2025TNSCR3836....1S","",""
"184675","SN 2025ryz","22:08:44.863","-27:51:12.92","SN II","0.016201","","","ATLAS, BlackGEM, ZTF, ALeRCE, Pan-STARRS, GOTO, LAST","ATLAS, BlackGEM, ZTF, Pan-STARRS, GOTO, LAST","ZTF","ATLAS, BlackGEM, GOTO, LAST, Pan-STARRS, ZTF","ATLAS25iea","ATLAS-CHL - ATLAS-04, ATLAS-STH - ATLAS-03, BG2 - BlackGEM-Cam2, GOTO-N - GOTO-2, LAST - LAST-Cam, P48 - ZTF-Cam, PS2 - GPC2","P200 - NGPS","1","1","","19.116","orange-ATLAS","2025-07-23 03:29:19.968","ATLAS_Bot1","","","2025TNSTR2863....1T","2025TNSCR3072....1S","",""
"184671","SN 2025ryv","16:18:30.642","+22:09:38.95","SN II","0.01425","","","ATLAS, Pan-STARRS, LAST, ZTF, GOTO","ATLAS, Pan-STARRS, LAST, ZTF, GOTO","ZTF","ATLAS, GOTO, LAST, Pan-STARRS, ZTF","ATLAS25idx","ATLAS-HKO - ATLAS-02, ATLAS-MLO - ATLAS-01, GOTO-N - GOTO-2, LAST - LAST-Cam, P48 - ZTF-Cam, PS1 - GPC1","P60 - SEDM","1","1","","18.987","orange-ATLAS","2025-07-23 07:35:36.096","ATLAS_Bot1","","","2025TNSTR2863....1T","2025TNSCR3018....1S","",""
"184382","SN 2025rox","04:51:31.267","+17:38:15.61","SN II","0.0243","","","ZTF, ATLAS","ZTF, ATLAS","ZTF","ATLAS, ZTF","ZTF25abcjnkx","ATLAS-HKO - ATLAS-02, P48 - ZTF-Cam","Keck1 - LRIS","1","1","","18.5886","r-ZTF","2025-07-19 11:47:02.002","Fritz","","","2025TNSTR2791....1S","2025TNSCR2907....1D","",""
"184311","SN 2025rmg","04:28:34.431","+11:02:52.68","SN II","0.020521","","","ZTF, ATLAS, GOTO","ZTF, ATLAS, GOTO","ZTF","ATLAS, GOTO, ZTF","ZTF25abbvstu","ATLAS-CHL - ATLAS-04, GOTO-N - GOTO-1, GOTO-N - GOTO-2, P48 - ZTF-Cam","Keck1 - LRIS","1","1","","17.941","r-ZTF","2025-07-18 11:57:27.002","Fritz","","","2025TNSTR2775....1S","2025TNSCR2907....1D","",""
"184306","SN 2025rmb","22:44:58.716","-20:33:33.36","SN II","0.032596","","","GOTO, ATLAS, ZTF, Pan-STARRS","GOTO, ATLAS, ZTF, Pan-STARRS","ZTF","ATLAS, GOTO, Pan-STARRS, ZTF","GOTO25faz","ATLAS-STH - ATLAS-03, ATLAS-TDO - ATLAS-05, GOTO-N - GOTO-1, GOTO-S - GOTO-3, P48 - ZTF-Cam, PS2 - GPC2","Keck1 - LRIS","1","1","","19.05","L-GOTO","2025-07-18 15:24:12.384","GOTO_bot","","","2025TNSTR2769....1K","2025TNSCR2907....1D","",""
"184247","SN 2025rjv","14:31:19.698","+07:56:43.38","SN II","0.026896","","","GOTO, ATLAS, ZTF","GOTO, ATLAS, ZTF","ZTF","ATLAS, GOTO, ZTF","GOTO25fah","ATLAS-HKO - ATLAS-02, ATLAS-MLO - ATLAS-01, GOTO-N - GOTO-2, GOTO-S - GOTO-3, P48 - ZTF-Cam","P200 - NGPS","1","1","","19.92","L-GOTO","2025-07-18 09:50:40.416","GOTO_bot","","","2025TNSTR2751....1O","2025TNSCR3547....1D","",""
"184208","SN 2025rii","04:36:08.020","+20:57:51.51","SN II","0.04","","","ZTF, ATLAS, Pan-STARRS","ZTF, ATLAS, Pan-STARRS","ZTF","ATLAS, Pan-STARRS, ZTF","ZTF25abbfcbb","ATLAS-HKO - ATLAS-02, ATLAS-TDO - ATLAS-05, P48 - ZTF-Cam, PS1 - GPC1","P60 - SEDM","1","1","","18.7835","r-ZTF","2025-07-11 11:41:19.003","Fritz","","","2025TNSTR2745....1S","2025TNSCR2960....1S","",""
"184147","SN 2025rfz","04:05:50.850","+30:43:06.16","SN II","0.019997","","","ZTF, ATLAS, GOTO","ZTF, ATLAS, GOTO","ZTF","ATLAS, GOTO, ZTF","ZTF25abbpvih","ATLAS-HKO - ATLAS-02, GOTO-N - GOTO-2, P48 - ZTF-Cam","P60 - SEDM","1","1","","18.6193","r-ZTF","2025-07-16 11:29:25.002","Fritz","","","2025TNSTR2732....1S","2025TNSCR2907....1D","",""
"184079","SN 2025rdw","23:57:31.510","+30:41:07.52","SN II","0.032116","","","ATLAS, Pan-STARRS, ZTF, GOTO, LAST, YSE","ATLAS, Pan-STARRS, ZTF, GOTO, LAST","ZTF","ATLAS, GOTO, LAST, Pan-STARRS, ZTF","ATLAS25hpq","ATLAS-HKO - ATLAS-02, GOTO-N - GOTO-2, LAST - LAST-Cam, P48 - ZTF-Cam, PS2 - GPC2","P60 - SEDM","1","1","","18.674","orange-ATLAS","2025-07-09 13:02:07.296","ATLAS_Bot1","","","2025TNSTR2707....1T","2025TNSCR2961....1S","",""
"183706","SN 2025qqz","18:11:06.402","+15:17:18.55","SN II","0.031","","","ZTF, ATLAS, GOTO, LAST","ZTF, ATLAS, GOTO, LAST","ZTF","ATLAS, GOTO, LAST, ZTF","ZTF25abajquu","ATLAS-CHL - ATLAS-04, ATLAS-HKO - ATLAS-02, GOTO-N - GOTO-1, GOTO-S - GOTO-3, LAST - LAST-Cam, P48 - ZTF-Cam","Keck1 - LRIS, Lick-3m - KAST","1","1","","19.2893","r-ZTF","2025-07-08 06:32:09.000","Fritz","","","2025TNSTR2633....1S","2025TNSCR3310....1D, 2025TNSCR3386....1W","",""
"183703","SN 2025qqw","11:29:15.757","+51:31:17.39","SN II","0.031956","","","ZTF, ATLAS","ZTF, ATLAS","ZTF","ATLAS, ZTF","ZTF25abacktu","ATLAS-TDO - ATLAS-05, P48 - ZTF-Cam","P200 - NGPS","1","1","","18.1806","g-ZTF","2025-07-07 05:52:12.999","Fritz","","","2025TNSTR2633....1S","2025TNSCR2766....1D","",""
"183654","SN 2025qoz","04:37:45.547","-20:30:23.64","SN II","0.032","","","ATLAS, GOTO, ZTF","ATLAS, GOTO, ZTF","ZTF","ATLAS, GOTO, ZTF","ATLAS25hbr","ATLAS-CHL - ATLAS-04, ATLAS-STH - ATLAS-03, GOTO-N - GOTO-1, GOTO-S - GOTO-3, P48 - ZTF-Cam","P200 - NGPS","1","1","","18.15","orange-ATLAS","2025-07-06 10:22:18.624","ATLAS_Bot1","","","2025TNSTR2590....1T","2025TNSCR3975....1R","",""
"183536","SN 2025qkn","02:44:01.265","+05:25:51.97","SN II","0.024157","","","ZTF, ATLAS, GOTO, BlackGEM, Pan-STARRS, LAST","ZTF, ATLAS, GOTO, BlackGEM, Pan-STARRS, LAST","ZTF","ATLAS, BlackGEM, GOTO, LAST, Pan-STARRS, ZTF","ZTF25aazkont","ATLAS-CHL - ATLAS-04, BG4 - BlackGEM-Cam4, GOTO-N - GOTO-1, GOTO-N - GOTO-2, LAST - LAST-Cam, P48 - ZTF-Cam, PS2 - GPC2","P60 - SEDM","1","1","","17.3232","r-ZTF","2025-06-30 11:29:13.001","Fritz","","","2025TNSTR2575....1S","2025TNSCR2588....1S","",""
"183341","SN 2025qdf","11:36:11.785","-00:45:54.28","SN II","0.026804","","","ATLAS, GOTO, ZTF, WFST","ATLAS, GOTO, ZTF, WFST","ZTF","ATLAS, GOTO, WFST, ZTF","ATLAS25gvm","ATLAS-HKO - ATLAS-02, ATLAS-STH - ATLAS-03, GOTO-N - GOTO-2, GOTO-S - GOTO-4, P48 - ZTF-Cam, WFST - WFST-WFC","SOAR - Goodman","1","1","","17.443","orange-ATLAS","2025-06-30 16:51:40.320","ATLAS_Bot1","","","2025TNSTR2534....1T","2025TNSCR2705....1D","",""
"182576","SN 2025paq","02:54:30.460","+14:09:25.14","SN II","0.035","","","ALeRCE, GOTO, ATLAS","ZTF, GOTO, ATLAS","ZTF","ATLAS, GOTO, ZTF","ZTF25aaxsnkv","ATLAS-HKO - ATLAS-02, GOTO-N - GOTO-1, GOTO-S - GOTO-3, P48 - ZTF-Cam","P60 - SEDM","1","1","","18.9973","r-ZTF","2025-06-26 11:23:33.000","ALeRCE","","","2025TNSTR2406....1M","2025TNSCR3150....1S","",""
"182549","SN 2025ozp","18:25:07.294","+61:56:35.15","SN II","0.045","","","ZTF, ATLAS, GOTO","ZTF, ATLAS, GOTO","ZTF","ATLAS, GOTO, ZTF","ZTF25aaxmmyx","ATLAS-HKO - ATLAS-02, ATLAS-MLO - ATLAS-01, GOTO-N - GOTO-2, P48 - ZTF-Cam","Lick-3m - KAST","1","1","","20.3661","r-ZTF","2025-06-24 09:09:10.998","Fritz","","","2025TNSTR2420....1S","2025TNSCR3020....1S","",""
"182466","SN 2025owk","20:37:18.415","+16:31:24.37","SN II","0.05","","","ZTF, ATLAS, Fink, GOTO","ZTF, ATLAS, GOTO","ZTF","ATLAS, GOTO, ZTF","ZTF25aawngni","ATLAS-CHL - ATLAS-04, ATLAS-MLO - ATLAS-01, GOTO-N - GOTO-1, GOTO-S - GOTO-4, P48 - ZTF-Cam","Lick-3m - KAST","1","1","","21.0436","r-ZTF","2025-06-21 08:07:33.000","BTSbot_bot","","","2025TNSTR2402....1R","2025TNSCR2424....1S","",""
"181991","SN 2025oee","21:54:28.327","-16:20:23.55","SN II","0.03456","","","ZTF, Pan-STARRS, GOTO, ATLAS, Fink","ZTF, Pan-STARRS, GOTO, ATLAS","ZTF","ATLAS, GOTO, Pan-STARRS, ZTF","ZTF25aawdpdu","ATLAS-CHL - ATLAS-04, ATLAS-STH - ATLAS-03, GOTO-N - GOTO-2, GOTO-S - GOTO-4, P48 - ZTF-Cam, PS1 - GPC1","P60 - SEDM","1","1","","19.4232","r-ZTF","2025-06-18 09:36:01.002","Fritz","","","2025TNSTR2323....1S","2025TNSCR2603....1J","",""
"181900","SN 2025oas","02:21:24.795","+16:34:08.27","SN II","0.013693","","","ZTF, GOTO, ATLAS, Pan-STARRS","ZTF, GOTO, ATLAS, Pan-STARRS","ZTF","ATLAS, GOTO, Pan-STARRS, ZTF","ZTF25aavyqag","ATLAS-HKO - ATLAS-02, ATLAS-MLO - ATLAS-01, GOTO-N - GOTO-1, GOTO-N - GOTO-2, P48 - ZTF-Cam, PS2 - GPC2","P60 - SEDM","1","1","","16.7475","r-ZTF","2025-06-19 11:20:11.999","Fritz","","","2025TNSTR2300....1S","2025TNSCR2367....1S","",""
"181891","SN 2025oaj","09:19:12.905","+33:18:54.38","SN II","0.022439","","","ZTF, GOTO","ZTF, GOTO","ZTF","GOTO, ZTF","ZTF25aavrkgo","GOTO-N - GOTO-2, P48 - ZTF-Cam","Keck1 - LRIS","1","1","","18.7456","r-ZTF","2025-06-19 04:03:17.997","ZTF_CATS150","","","2025TNSTR2301....1H","2025TNSCR2503....1D","",""
"181858","SN 2025nze","21:19:43.226","-20:43:36.13","SN II","0.039014","","","ZTF, Pan-STARRS, ATLAS","ZTF, Pan-STARRS, ATLAS","ZTF","ATLAS, Pan-STARRS, ZTF","ZTF25aavmvqg","ATLAS-CHL - ATLAS-04, ATLAS-STH - ATLAS-03, P48 - ZTF-Cam, PS1 - GPC1","P60 - SEDM","1","1","","19.4524","r-ZTF","2025-06-10 09:35:08.998","Fritz","","","2025TNSTR2277....1B","2025TNSCR2367....1S","",""
"181807","SN 2025nxf","02:34:25.961","+25:16:18.44","SN II","0.019013","","","ALeRCE, ATLAS, Pan-STARRS","ZTF, ATLAS, Pan-STARRS","ZTF","ATLAS, Pan-STARRS, ZTF","ZTF25aavneuv","ATLAS-MLO - ATLAS-01, P48 - ZTF-Cam, PS2 - GPC2","Keck1 - LRIS","1","1","","18.436","r-ZTF","2025-06-17 11:30:47.998","ALeRCE","","","2025TNSTR2250....1M","2025TNSCR2503....1D","",""
"181806","SN 2025nxe","01:52:20.673","+35:47:53.87","SN II","0.033","","","ZTF","ZTF","ZTF","ZTF","ZTF25aavndja","P48 - ZTF-Cam","Keck1 - LRIS","1","1","","20.0208","r-ZTF","2025-06-17 11:17:32.997","ZTF_CATS150","","","2025TNSTR2263....1H","2025TNSCR2503....1D","",""
"181674","SN 2025nsc","13:51:59.077","+72:22:07.02","SN II","0.07","","","ZTF, GOTO","ZTF, GOTO","ZTF","GOTO, ZTF","ZTF25aavjytr","GOTO-N - GOTO-1, GOTO-N - GOTO-2, P48 - ZTF-Cam","P60 - SEDM","1","1","","18.9971","g-ZTF","2025-06-17 04:44:15.999","Fritz","","","2025TNSTR2262....1S","2025TNSCR2283....1S","",""
"181630","SN 2025nqp","02:04:43.297","+08:32:32.75","SN II","0.011708","","","ZTF, BlackGEM","ZTF, BlackGEM","ZTF","BlackGEM, ZTF","ZTF25aavcsij","BG3 - BlackGEM-Cam3, BG4 - BlackGEM-Cam4, P48 - ZTF-Cam","P60 - SEDM","1","1","","18.6144","r-ZTF","2025-06-14 11:19:05.998","Fritz","","","2025TNSTR2241....1S","2025TNSCR2604....1S","",""
"181587","SN 2025noy","03:30:50.507","+61:10:21.41","SN II","0.011435","","","ZTF, ATLAS","ZTF, ATLAS","ZTF","ATLAS, ZTF","ZTF25aavcvel","ATLAS-HKO - ATLAS-02, ATLAS-TDO - ATLAS-05, P48 - ZTF-Cam","P200 - NGPS","1","1","","18.9193","r-ZTF","2025-06-14 11:28:51.003","Fritz","","","2025TNSTR2224....1S","2025TNSCR3309....1D","",""
"181551","SN 2025nno","23:39:10.608","+05:29:18.23","SN II","0.01881","","","ATLAS, GOTO, BlackGEM, Pan-STARRS, ZTF","ATLAS, GOTO, BlackGEM, Pan-STARRS, ZTF","ZTF","ATLAS, BlackGEM, GOTO, Pan-STARRS, ZTF","ATLAS25gde","ATLAS-HKO - ATLAS-02, BG3 - BlackGEM-Cam3, BG4 - BlackGEM-Cam4, GOTO-N - GOTO-2, GOTO-S - GOTO-3, P48 - ZTF-Cam, PS2 - GPC2","P60 - SEDM","1","1","","18.19","orange-ATLAS","2025-06-14 13:28:31.872","ATLAS_Bot1","","","2025TNSTR2213....1T","2025TNSCR2266....1A","",""
"181550","SN 2025nnn","19:04:05.944","+43:05:56.03","SN II","0.05","","","GOTO, ZTF, ATLAS, Fink, Pan-STARRS","GOTO, ZTF, ATLAS, Pan-STARRS","ZTF","ATLAS, GOTO, Pan-STARRS, ZTF","GOTO25dle","ATLAS-HKO - ATLAS-02, GOTO-N - GOTO-1, P48 - ZTF-Cam, PS1 - GPC1","P60 - SEDM","1","1","","19.09","L-GOTO","2025-06-12 02:06:44.064","GOTO_bot","","","2025TNSTR2215....1O","2025TNSCR2962....1S","",""
"181545","SN 2025nni","16:28:49.952","+20:32:50.64","SN II","0.09","","","ATLAS, ZTF, Fink, GOTO, LAST, Pan-STARRS","ATLAS, ZTF, GOTO, LAST, Pan-STARRS","ZTF","ATLAS, GOTO, LAST, Pan-STARRS, ZTF","ATLAS25gcx","ATLAS-MLO - ATLAS-01, GOTO-N - GOTO-1, GOTO-S - GOTO-3, LAST - LAST-Cam, P48 - ZTF-Cam, PS2 - GPC2","P60 - SEDM","1","1","","19.158","orange-ATLAS","2025-06-14 09:32:40.416","ATLAS_Bot1","","","2025TNSTR2213....1T","2025TNSCR3150....1S","",""
"181506","SN 2025nlw","01:04:22.383","-16:44:28.08","SN II","0.04","","","GOTO, ATLAS, ZTF, Pan-STARRS","GOTO, ATLAS, ZTF, Pan-STARRS","ZTF","ATLAS, GOTO, Pan-STARRS, ZTF","GOTO25dme","ATLAS-CHL - ATLAS-04, GOTO-S - GOTO-3, GOTO-S - GOTO-4, P48 - ZTF-Cam, PS1 - GPC1","P60 - SEDM","1","1","","18.42","L-GOTO","2025-06-13 18:15:36.576","GOTO_bot","","","2025TNSTR2204....1O","2025TNSCR3329....1S","",""
"181488","SN 2025nle","14:06:56.186","+72:07:27.61","SN II","0.0336","","","ATLAS, GOTO, ALeRCE, Pan-STARRS","ATLAS, GOTO, ZTF, Pan-STARRS","ZTF","ATLAS, GOTO, Pan-STARRS, ZTF","ATLAS25gce","ATLAS-HKO - ATLAS-02, ATLAS-MLO - ATLAS-01, GOTO-N - GOTO-2, P48 - ZTF-Cam, PS1 - GPC1","Lick-3m - KAST","1","1","","18.954","orange-ATLAS","2025-06-13 07:57:12.960","ATLAS_Bot1","","","2025TNSTR2203....1T","2025TNSCR2903....1P","",""
"181480","SN 2025nkw","12:33:10.910","+48:02:45.12","SN II","0.030516","","","ATLAS, GOTO, ZTF","ATLAS, GOTO, ZTF","ZTF","ATLAS, GOTO, ZTF","ATLAS25gcc","ATLAS-HKO - ATLAS-02, ATLAS-MLO - ATLAS-01, GOTO-N - GOTO-2, P48 - ZTF-Cam","P60 - SEDM","1","1","","18.832","orange-ATLAS","2025-06-13 07:05:08.736","ATLAS_Bot1","","","2025TNSTR2203....1T","2025TNSCR2604....1S","",""
"181416","SN 2025nik","20:57:58.093","-11:47:41.06","SN II","0.032966","","","DESIRT, Pan-STARRS, GOTO, ZTF, ATLAS","DESIRT, Pan-STARRS, GOTO, ZTF, ATLAS","ZTF","ATLAS, DESIRT, GOTO, Pan-STARRS, ZTF","T202505232057581m114741","ATLAS-CHL - ATLAS-04, CTIO-4m - DECAM, GOTO-N - GOTO-1, GOTO-N - GOTO-2, P48 - ZTF-Cam, PS1 - GPC1","P60 - SEDM","1","1","","21.7192","g-Sloan","2025-05-23 08:38:50.784","DESIRT_Bot","","","2025TNSTR2189....1H","2025TNSCR2444....1S","",""
"181376","SN 2025ngw","02:40:19.085","+32:15:53.37","SN II","0.015","","","ZTF, ATLAS, GOTO, Pan-STARRS","ZTF, ATLAS, GOTO, Pan-STARRS","ZTF","ATLAS, GOTO, Pan-STARRS, ZTF","ZTF25aaulggp","ATLAS-HKO - ATLAS-02, ATLAS-MLO - ATLAS-01, GOTO-N - GOTO-1, P48 - ZTF-Cam, PS2 - GPC2","Keck1 - LRIS","1","1","","18.3446","r-ZTF","2025-06-10 11:35:20.002","Fritz","","","2025TNSTR2193....1S","2025TNSCR2503....1D","",""
"181342","SN 2025ngb","11:19:09.674","+03:14:10.96","SN II","0.019979","","","GOTO, ATLAS, ZTF, WFST","GOTO, ATLAS, ZTF, WFST","ZTF","ATLAS, GOTO, WFST, ZTF","GOTO25dlc","ATLAS-MLO - ATLAS-01, ATLAS-STH - ATLAS-03, GOTO-N - GOTO-1, GOTO-N - GOTO-2, P48 - ZTF-Cam, WFST - WFST-WFC","Keck1 - LRIS","1","1","","18.53","L-GOTO","2025-06-11 21:16:31.008","GOTO_bot","","","2025TNSTR2179....1O","2025TNSCR2907....1D","",""
"181307","SN 2025net","14:05:07.686","-17:30:22.33","SN II","0.029674","","","ZTF, ATLAS, GOTO, Pan-STARRS","ZTF, ATLAS, GOTO, Pan-STARRS","ZTF","ATLAS, GOTO, Pan-STARRS, ZTF","ZTF25aattqgf","ATLAS-STH - ATLAS-03, GOTO-N - GOTO-2, GOTO-S - GOTO-3, P48 - ZTF-Cam, PS1 - GPC1","P200 - NGPS","1","1","","18.4198","g-ZTF","2025-06-05 05:02:15.999","BTSbot_bot","","","2025TNSTR2175....1R","2025TNSCR2247....1D","",""
"181288","SN 2025nea","22:33:57.535","+01:06:28.79","SN II","0.0388","SDSS J223357.50+010629.4","0.03882443","SGLF, ATLAS, Fink, LAST","ZTF, ATLAS, LAST","ZTF","ATLAS, LAST, ZTF","ZTF25aauhbec","ATLAS-HKO - ATLAS-02, ATLAS-STH - ATLAS-03, LAST - LAST-Cam, P48 - ZTF-Cam","Lick-3m - KAST","1","1","","19.26","r-ZTF","2025-06-09 09:18:13.000","Ismael Perez-Fournon","","","2025TNSTR2157....1P","2025TNSCR2882....1P","",""
"181276","SN 2025ndo","20:03:50.200","+09:53:53.31","SN II","0.03264","","","GOTO, ATLAS, ZTF","GOTO, ATLAS, ZTF","ZTF","ATLAS, GOTO, ZTF","GOTO25dkl","ATLAS-HKO - ATLAS-02, ATLAS-MLO - ATLAS-01, GOTO-N - GOTO-1, GOTO-S - GOTO-3, P48 - ZTF-Cam","Keck1 - LRIS","1","1","","19.46","L-GOTO","2025-06-08 04:30:32.832","GOTO_bot","","","2025TNSTR2150....1K","2025TNSCR2503....1D","",""
"181243","SN 2025nch","01:27:12.167","+17:11:35.15","SN II","0.06","SDSS J012711.84+171135.6","","ALeRCE, ATLAS, Pan-STARRS, GOTO","ZTF, ATLAS, Pan-STARRS, GOTO","ZTF","ATLAS, GOTO, Pan-STARRS, ZTF","ZTF25aaufltl","ATLAS-HKO - ATLAS-02, ATLAS-MLO - ATLAS-01, GOTO-N - GOTO-1, GOTO-N - GOTO-2, P48 - ZTF-Cam, PS2 - GPC2","P60 - SEDM","1","1","","18.954","r-ZTF","2025-06-08 11:13:52.997","ALeRCE","","","2025TNSTR2138....1F","2025TNSCR2245....1S","",""
"181241","SN 2025ncf","01:23:58.641","+17:22:09.75","SN II","0.028426","LEDA 3090281","0.028856","ALeRCE, ATLAS","ZTF, ATLAS","ZTF","ATLAS, ZTF","ZTF25aaufoxf","ATLAS-HKO - ATLAS-02, P48 - ZTF-Cam","P200 - NGPS","1","1","","19.1889","r-ZTF","2025-06-08 11:20:05.001","ALeRCE","","","2025TNSTR2138....1F","2025TNSCR2247....1D","",""
"181217","SN 2025nbh","01:25:18.297","+07:21:27.01","SN II","0.0165","","","ATLAS, ZTF, GOTO, Pan-STARRS, LAST","ATLAS, ZTF, GOTO, Pan-STARRS, LAST","ZTF","ATLAS, GOTO, LAST, Pan-STARRS, ZTF","ATLAS25fyt","ATLAS-HKO - ATLAS-02, GOTO-N - GOTO-1, GOTO-S - GOTO-3, LAST - LAST-Cam, P48 - ZTF-Cam, PS2 - GPC2","P200 - NGPS","1","1","","17.726","orange-ATLAS","2025-06-07 14:06:04.320","ATLAS_Bot1","","","2025TNSTR2139....1T","2025TNSCR2247....1D","",""
"181213","SN 2025nbd","00:13:37.976","-08:46:30.43","SN II","0.022","","","GOTO, ZTF, ATLAS, Pan-STARRS","GOTO, ZTF, ATLAS, Pan-STARRS","ZTF","ATLAS, GOTO, Pan-STARRS, ZTF","GOTO25dkb","ATLAS-HKO - ATLAS-02, ATLAS-TDO - ATLAS-05, GOTO-N - GOTO-1, GOTO-S - GOTO-4, P48 - ZTF-Cam, PS1 - GPC1","P60 - SEDM","1","1","","18.86","L-GOTO","2025-05-24 18:14:55.968","GOTO_bot","","","2025TNSTR2142....1K","2025TNSCR2424....1S","",""
"181194","SN 2025nak","23:09:14.340","-00:58:52.79","SN II","0.027354","SDSS J230914.49-005856.6","0.02735403","ALeRCE, ATLAS","ZTF, ATLAS","ZTF","ATLAS, ZTF","ZTF25aatxryo","ATLAS-HKO - ATLAS-02, ATLAS-MLO - ATLAS-01, P48 - ZTF-Cam","P60 - SEDM","1","1","","20.108","g-ZTF","2025-06-05 11:05:42.996","ALeRCE","","","2025TNSTR2119....1M","2025TNSCR2905....1S","",""
"181179","SN 2025mzv","01:40:34.412","+14:29:43.19","SN II","0.026786","","","ZTF, ATLAS","ZTF, ATLAS","ZTF","ATLAS, ZTF","ZTF25aatxnic","ATLAS-CHL - ATLAS-04, ATLAS-HKO - ATLAS-02, P48 - ZTF-Cam","P200 - NGPS","1","1","","17.9138","r-ZTF","2025-06-05 11:18:17.000","Fritz","","","2025TNSTR2125....1S","2025TNSCR2247....1D","",""
"181076","SN 2025mwa","21:14:17.945","+02:09:28.45","SN II","0.04883","LEDA 1217885","0.04883","ALeRCE, GOTO, LAST, ATLAS","ZTF, GOTO, LAST, ATLAS","ZTF","ATLAS, GOTO, LAST, ZTF","ZTF25aatqacd","ATLAS-CHL - ATLAS-04, GOTO-N - GOTO-2, LAST - LAST-Cam, P48 - ZTF-Cam","P60 - SEDM","1","1","","19.3459","g-ZTF","2025-06-03 09:21:53.997","ALeRCE","","","2025TNSTR2080....1M","2025TNSCR2905....1S","",""
"181069","SN 2025mvt","01:09:21.699","+14:20:16.84","SN II","0.05978","","","ZTF, ATLAS, GOTO, LAST","ZTF, ATLAS, GOTO, LAST","ZTF","ATLAS, GOTO, LAST, ZTF","ZTF25aarzwve","ATLAS-HKO - ATLAS-02, ATLAS-MLO - ATLAS-01, GOTO-N - GOTO-1, GOTO-N - GOTO-2, LAST - LAST-Cam, P48 - ZTF-Cam","P60 - SEDM","1","1","","19.0987","r-ZTF","2025-05-25 11:34:07.003","Fritz","","","2025TNSTR2088....1S","2025TNSCR2671....1W","",""
"180730","SN 2025miu","23:33:40.598","+27:18:55.74","SN II","0.030584","","","ATLAS, Pan-STARRS, ZTF, GOTO","ATLAS, Pan-STARRS, ZTF, GOTO","ZTF","ATLAS, GOTO, Pan-STARRS, ZTF","ATLAS25fqq","ATLAS-HKO - ATLAS-02, GOTO-N - GOTO-1, GOTO-N - GOTO-2, P48 - ZTF-Cam, PS1 - GPC1","P200 - NGPS","1","1","","19.136","cyan-ATLAS","2025-05-27 14:12:51.264","ATLAS_Bot1","","","2025TNSTR2014....1T","2025TNSCR2766....1D","",""
"180522","SN 2025maw","19:43:43.074","-25:03:05.35","SN II","0.03","","","GOTO, ALeRCE, ATLAS, Pan-STARRS","GOTO, ZTF, ATLAS, Pan-STARRS","ZTF","ATLAS, GOTO, Pan-STARRS, ZTF","GOTO25dcr","ATLAS-CHL - ATLAS-04, GOTO-N - GOTO-2, GOTO-S - GOTO-3, P48 - ZTF-Cam, PS1 - GPC1","P60 - SEDM","1","1","","19.64","L-GOTO","2025-05-06 19:33:17.856","GOTO_bot","","","2025TNSTR1969....1K","2025TNSCR2388....1S","",""
"180454","SN 2025lyh","21:11:15.482","+37:53:24.10","SN II","0.027072","","","ZTF","ZTF","ZTF","ZTF","ZTF25aalwzfn","P48 - ZTF-Cam","P200 - NGPS","1","1","","19.3789","r-ZTF","2025-05-16 09:55:08.999","ZTF_CATS150","","","2025TNSTR1961....1R","2025TNSCR1995....1D","",""
"180022","SN 2025lhr","00:10:22.180","+12:08:21.66","SN II","0.038276","Z 433-30","0.03901","ALeRCE, ATLAS, GOTO","ZTF, ATLAS, GOTO","ZTF","ATLAS, GOTO, ZTF","ZTF25aarhgtc","ATLAS-CHL - ATLAS-04, ATLAS-MLO - ATLAS-01, GOTO-N - GOTO-2, P48 - ZTF-Cam","P60 - SEDM","1","1","","19.6551","r-ZTF","2025-05-22 11:28:09.998","ALeRCE","","","2025TNSTR1888....1M","2025TNSCR2367....1S","",""
"180020","SN 2025lhp","00:22:53.614","+46:08:38.58","SN II","0.11","","","ZTF, GOTO, ATLAS, LAST, Pan-STARRS","ZTF, GOTO, ATLAS, LAST, Pan-STARRS","ZTF","ATLAS, GOTO, LAST, Pan-STARRS, ZTF","ZTF25aaqqjud","ATLAS-HKO - ATLAS-02, ATLAS-MLO - ATLAS-01, GOTO-N - GOTO-2, LAST - LAST-Cam, P48 - ZTF-Cam, PS1 - GPC1","Lick-3m - KAST, P60 - SEDM","1","1","","19.5683","r-ZTF","2025-05-16 11:41:05.999","Fritz","","","2025TNSTR1904....1S","2025TNSCR2515....1W, 2025TNSCR2842....1S","",""
"179700","SN 2025kvi","19:49:04.438","-10:29:59.05","SN II","0.024474","LEDA   90340","","ALeRCE","ZTF","ZTF","ZTF","ZTF25aaqvwjj","P48 - ZTF-Cam","Keck1 - LRIS","1","1","","19.6604","r-ZTF","2025-05-16 10:25:13.999","ALeRCE","","","2025TNSTR1845....1M","2025TNSCR1928....1D","",""
"179696","SN 2025kve","01:49:42.059","+47:07:01.66","SN II","0.025","WISEA J014941.95+470700.3","","ALeRCE, ATLAS","ZTF, ATLAS","ZTF","ATLAS, ZTF","ZTF25aaqweoi","ATLAS-MLO - ATLAS-01, P48 - ZTF-Cam","P60 - SEDM","1","1","","18.2669","r-ZTF","2025-05-20 11:42:24.002","ALeRCE","","","2025TNSTR1845....1M","2025TNSCR2343....1S","",""
"179549","SN 2025kpt","14:13:13.505","+26:10:24.29","SN II","0.03054","","","Pan-STARRS, ATLAS, LAST, ZTF","Pan-STARRS, ATLAS, LAST, ZTF","ZTF","ATLAS, LAST, Pan-STARRS, ZTF","PS25ctw","ATLAS-HKO - ATLAS-02, ATLAS-MLO - ATLAS-01, LAST - LAST-Cam, P48 - ZTF-Cam, PS1 - GPC1","P200 - NGPS","1","1","","19.71","i-P1","2025-05-16 10:55:33.600","PS1_Bot1","","","2025TNSTR1829....1C","2025TNSCR2368....1D","",""
"179475","SN 2025kmx","12:23:42.603","+40:02:23.81","SN II","0.037332","","","ATLAS, GOTO, Pan-STARRS, ZTF","ATLAS, GOTO, Pan-STARRS, ZTF","ZTF","ATLAS, GOTO, Pan-STARRS, ZTF","ATLAS25eyw","ATLAS-HKO - ATLAS-02, GOTO-N - GOTO-2, P48 - ZTF-Cam, PS1 - GPC1","P60 - SEDM","1","1","","18.493","orange-ATLAS","2025-05-16 08:43:22.944","ATLAS_Bot1","","","2025TNSTR1803....1T","2025TNSCR2078....1S","",""
"179354","SN 2025kja","13:32:55.271","-01:09:39.08","SN II","0.012687","","","ZTF, GOTO, ATLAS, WFST, Pan-STARRS","ZTF, GOTO, ATLAS, WFST, Pan-STARRS","ZTF","ATLAS, GOTO, Pan-STARRS, WFST, ZTF","ZTF25aapzvrh","ATLAS-HKO - ATLAS-02, ATLAS-MLO - ATLAS-01, GOTO-N - GOTO-1, GOTO-S - GOTO-3, P48 - ZTF-Cam, PS1 - GPC1, WFST - WFST-WFC","P200 - NGPS","1","1","","18.508","r-ZTF","2025-05-11 07:20:46.996","Fritz","","","2025TNSTR1763....1S","2025TNSCR1787....1D","",""
"179326","SN 2025khz","21:18:17.279","-07:35:11.77","SN II","0.028831","","","Pan-STARRS, ZTF","Pan-STARRS, ZTF","ZTF","Pan-STARRS, ZTF","PS25cox","P48 - ZTF-Cam, PS2 - GPC2","Keck1 - LRIS","1","1","","19.8","w-P1","2025-04-28 14:07:27.264","PS1_Bot1","","","2025TNSTR1739....1C","2025TNSCR1996....1D","",""
"179151","SN 2025kbh","11:36:26.819","-26:26:41.96","SN II","0.02812","","","ZTF, ATLAS, GOTO","ZTF, ATLAS, GOTO","ZTF","ATLAS, GOTO, ZTF","ZTF25aapafwq","ATLAS-CHL - ATLAS-04, ATLAS-STH - ATLAS-03, GOTO-N - GOTO-2, P48 - ZTF-Cam","P200 - NGPS","1","1","","19.3784","g-ZTF","2025-05-01 05:32:39.998","Fritz","","","2025TNSTR1713....1S","2025TNSCR1766....1D","",""
"178980","SN 2025jut","14:15:43.365","+16:12:02.19","SN II","0.038667","","","GOTO, ATLAS, ALeRCE, Pan-STARRS, BlackGEM","GOTO, ATLAS, ZTF, Pan-STARRS, BlackGEM","ZTF","ATLAS, BlackGEM, GOTO, Pan-STARRS, ZTF","GOTO25chw","ATLAS-HKO - ATLAS-02, ATLAS-STH - ATLAS-03, BG2 - BlackGEM-Cam2, BG4 - BlackGEM-Cam4, GOTO-N - GOTO-1, GOTO-S - GOTO-4, P48 - ZTF-Cam, PS2 - GPC2","P200 - NGPS","1","1","","18.64","L-GOTO","2025-05-06 11:46:49.440","GOTO_bot","","","2025TNSTR1685....1K","2025TNSCR2245....1S","",""
"178831","SN 2025jqr","22:23:03.800","+17:18:58.82","SN II","0.05","","","ATLAS, ZTF, Pan-STARRS, GOTO","ATLAS, ZTF, Pan-STARRS, GOTO","ZTF","ATLAS, GOTO, Pan-STARRS, ZTF","ATLAS25eqa","ATLAS-HKO - ATLAS-02, ATLAS-MLO - ATLAS-01, GOTO-N - GOTO-1, GOTO-N - GOTO-2, P48 - ZTF-Cam, PS2 - GPC2","P60 - SEDM","1","1","","18.12","orange-ATLAS","2025-04-24 14:29:30.048","ATLAS_Bot1","","","2025TNSTR1657....1T","2025TNSCR1886....1S","",""
"178760","SN 2025jnz","15:55:41.100","-24:40:20.40","SN II","0.02217","","","ZTF","ZTF","ZTF","ZTF","ZTF25aanyoqd","P48 - ZTF-Cam","Keck1 - LRIS","1","1","","20.0079","r-ZTF","2025-03-24 11:34:15.003","ZTF_CATS150","","","2025TNSTR1648....1K","2025TNSCR1887....1D","",""
"178434","SN 2025jbm","12:40:15.110","-05:21:29.45","SN II","0.0213","","","ZTF, GOTO, ATLAS","ZTF, GOTO, ATLAS","ZTF","ATLAS, GOTO, ZTF","ZTF25aapkqdn","ATLAS-HKO - ATLAS-02, GOTO-N - GOTO-1, GOTO-S - GOTO-3, P48 - ZTF-Cam","P200 - NGPS","1","1","","18.797","r-ZTF","2025-05-01 06:56:01.003","Fritz","","","2025TNSTR1646....1S","2025TNSCR1766....1D","",""
"178403","SN 2025jah","17:48:58.811","-02:03:08.01","SN II","0.028326","LEDA  200808","0.028","ALeRCE","ZTF","ZTF","ZTF","ZTF25aapjhau","P48 - ZTF-Cam","P200 - NGPS","1","1","","20.177","r-ZTF","2025-05-02 10:04:22.996","ALeRCE","","","2025TNSTR1621....1M","2025TNSCR1995....1D","",""
"178241","SN 2025ivc","18:21:34.691","+26:56:18.85","SN II","0.01","UGC 11209","","ALeRCE, ATLAS, GOTO, Pan-STARRS, LAST","ZTF, ATLAS, GOTO, Pan-STARRS, LAST","ZTF","ATLAS, GOTO, LAST, Pan-STARRS, ZTF","ZTF25aaoxrmn","ATLAS-HKO - ATLAS-02, GOTO-N - GOTO-2, LAST - LAST-Cam, P48 - ZTF-Cam, PS1 - GPC1","P60 - SEDM","1","1","","19.1681","r-ZTF","2025-04-30 10:00:34.001","ALeRCE","","","2025TNSTR1591....1M","2025TNSCR1736....1S","",""
"178109","SN 2025iqb","17:09:16.682","+31:37:03.04","SN II","0.028","","","YSE, Pan-STARRS, ZTF","Pan-STARRS, ZTF","ZTF","Pan-STARRS, ZTF","PS25buv","P48 - ZTF-Cam, PS1 - GPC1, PS2 - GPC2","P200 - NGPS","1","1","","20.28","g-P1","2025-04-27 12:54:21.600","YSE_Bot1","","","2025TNSTR1586....1J","2025TNSCR1766....1D","",""
"177690","SN 2025iae","16:00:26.966","+16:37:35.11","SN II","0.03018","","","ZTF, YSE","ZTF, Pan-STARRS","ZTF","Pan-STARRS, ZTF","ZTF25aaknnlf","P48 - ZTF-Cam, PS1 - GPC1","P200 - NGPS","1","1","","19.4421","r-ZTF","2025-03-24 08:47:49.997","Fritz","","","2025TNSTR1496....1S","2025TNSCR1513....1D","",""
"177611","SN 2025hxf","15:53:05.008","+20:38:08.53","SN II","0.0262","","","ZTF, GOTO, ATLAS, YSE, LAST, Pan-STARRS","ZTF, GOTO, ATLAS, Pan-STARRS, LAST","ZTF","ATLAS, GOTO, LAST, Pan-STARRS, ZTF","ZTF25aanpvix","ATLAS-HKO - ATLAS-02, GOTO-N - GOTO-1, LAST - LAST-Cam, P48 - ZTF-Cam, PS1 - GPC1","P200 - NGPS","1","1","","18.4281","g-ZTF","2025-04-21 08:26:28.003","Fritz","","","2025TNSTR1479....1R","2025TNSCR1574....1D","",""
"177600","SN 2025hwu","04:58:31.183","+12:11:34.93","SN II","0.056","","","ZTF, ATLAS, GOTO, Pan-STARRS","ZTF, ATLAS, GOTO, Pan-STARRS","ZTF","ATLAS, GOTO, Pan-STARRS, ZTF","ZTF25aanmnao","ATLAS-CHL - ATLAS-04, ATLAS-HKO - ATLAS-02, GOTO-N - GOTO-2, P48 - ZTF-Cam, PS2 - GPC2","P60 - SEDM","1","1","","20.4422","g-ZTF","2025-03-27 03:42:34.001","Fritz","","","2025TNSTR1478....1S","2025TNSCR3071....1S","",""
"177053","SN 2025hda","13:08:29.812","+84:37:50.15","SN II","0.0155","","","ZTF, ATLAS","ZTF, ATLAS","ZTF, Padova-Asiago","ATLAS, ZTF","ZTF25aalyfoi","ATLAS-MLO - ATLAS-01, P48 - ZTF-Cam","Ekar - AFOSC, P200 - NGPS","1","1","","17.218","r-ZTF","2025-04-06 09:49:39.996","Fritz","","","2025TNSTR1348....1S","2025TNSCR1513....1D, 2025TNSCR1785....1R","",""
"177034","SN 2025hch","23:06:24.662","+41:19:05.45","SN II","0.054771","","","ZTF, ATLAS","ZTF, ATLAS","ZTF","ATLAS, ZTF","ZTF25aamhqoo","ATLAS-HKO - ATLAS-02, ATLAS-MLO - ATLAS-01, P48 - ZTF-Cam","P60 - SEDM","1","1","","19.7206","r-ZTF","2025-04-07 12:08:22.001","Fritz","","","2025TNSTR1340....1S","2025TNSCR1800....1S","",""
"176930","SN 2025gyi","22:59:52.053","+26:01:44.52","SN II","0.033263","UGC 12293","0.033814","ALeRCE, ATLAS","ZTF, ATLAS","ZTF","ATLAS, ZTF","ZTF25aalvyrp","ATLAS-HKO - ATLAS-02, ATLAS-MLO - ATLAS-01, P48 - ZTF-Cam","P60 - SEDM","1","1","","18.3589","r-ZTF","2025-04-07 12:06:59.999","ALeRCE","","","2025TNSTR1307....1M","2025TNSCR1994....1S","",""
"176865","SN 2025gvx","13:02:19.569","-19:23:14.24","SN II","0.04","","","ZTF, GOTO, ATLAS, Pan-STARRS","ZTF, GOTO, ATLAS, Pan-STARRS","ZTF","ATLAS, GOTO, Pan-STARRS, ZTF","ZTF25aalpzgd","ATLAS-CHL - ATLAS-04, GOTO-N - GOTO-2, GOTO-S - GOTO-4, P48 - ZTF-Cam, PS2 - GPC2","P60 - SEDM","1","1","","19.1787","r-ZTF","2025-04-05 07:13:49.002","Fritz","","","2025TNSTR1301....1S","2025TNSCR1511....1S","",""
"176757","SN 2025grx","14:55:24.755","+08:06:58.05","SN II","0.035589","","","GOTO, Pan-STARRS, ATLAS, ZTF","GOTO, Pan-STARRS, ATLAS, ZTF","ZTF","ATLAS, GOTO, Pan-STARRS, ZTF","GOTO25blz","ATLAS-CHL - ATLAS-04, ATLAS-MLO - ATLAS-01, GOTO-N - GOTO-1, GOTO-S - GOTO-3, P48 - ZTF-Cam, PS1 - GPC1","P60 - SEDM","1","1","","19.42","L-GOTO","2025-04-03 13:28:42.240","GOTO_bot","","","2025TNSTR1252....1K","2025TNSCR1419....1S","",""
"176146","SN 2025fve","08:41:47.104","+57:13:16.76","SN II","0.027","SDSS J084147.11+571317.5","","SGLF, ATLAS, GOTO","ZTF, ATLAS, GOTO","ZTF","ATLAS, GOTO, ZTF","ZTF25aalbnkr","ATLAS-MLO - ATLAS-01, GOTO-N - GOTO-1, GOTO-N - GOTO-2, P48 - ZTF-Cam","P60 - SEDM","1","1","","18.763","g-ZTF","2025-03-26 06:08:30.000","Ismael Perez-Fournon","","","2025TNSTR1154....1P","2025TNSCR1509....1J","",""
"175710","SN 2025fen","11:46:03.750","+70:24:38.98","SN II","0.0605","","","XOSS, ZTF, ATLAS, GOTO, LAST","XOSS, ZTF, ATLAS, GOTO, LAST","ZTF","ATLAS, GOTO, LAST, XOSS, ZTF","KATS25F026","ATLAS-HKO - ATLAS-02, ATLAS-MLO - ATLAS-01, GOTO-N - GOTO-1, LAST - LAST-Cam, Other - Other, P48 - ZTF-Cam","Lick-3m - KAST","1","1","","19.28","Clear-","2025-03-19 18:06:59.040","Mi Zhang","","","2025TNSTR1089....1M","2025TNSCR1653....1W","",""
"175658","SN 2025fco","21:13:37.027","+10:48:34.98","SN II","0.0757","2MASX J21133701+1048345","0.0763","ALeRCE, ATLAS, GOTO","ZTF, ATLAS, GOTO","ZTF","ATLAS, GOTO, ZTF","ZTF25aajsirl","ATLAS-HKO - ATLAS-02, GOTO-N - GOTO-2, P48 - ZTF-Cam","Lick-3m - KAST","1","1","","17.2886","r-ZTF","2025-03-21 12:30:22.003","ALeRCE","","","2025TNSTR1068....1M","2025TNSCR3017....1S","",""
"175622","SN 2025fbe","13:27:55.651","-13:24:54.14","SN II","0.022579","","","ZTF, ATLAS, LAST, GOTO, Pan-STARRS","ZTF, ATLAS, LAST, GOTO, Pan-STARRS","ZTF","ATLAS, GOTO, LAST, Pan-STARRS, ZTF","ZTF25aajqtfg","ATLAS-CHL - ATLAS-04, ATLAS-MLO - ATLAS-01, GOTO-S - GOTO-3, GOTO-S - GOTO-4, LAST - LAST-Cam, P48 - ZTF-Cam, PS1 - GPC1","P200 - NGPS","1","1","","19.8522","r-ZTF","2025-03-20 08:15:21.003","Fritz","","","2025TNSTR1074....1W","2025TNSCR1165....1R","",""
"175587","SN 2025ezw","21:07:41.675","+03:52:25.43","SN II","0.025988","","","ZTF, BlackGEM","ZTF, BlackGEM","ZTF","BlackGEM, ZTF","ZTF25aaizxvv","BG2 - BlackGEM-Cam2, BG4 - BlackGEM-Cam4, P48 - ZTF-Cam","P200 - NGPS","1","1","","18.8096","r-ZTF","2025-03-16 12:38:40.997","Fritz","","","2025TNSTR1064....1S","2025TNSCR1334....1D","",""
"175502","SN 2025ewp","13:20:51.984","+02:17:38.41","SN II","0.04","","","WFST, ZTF, ATLAS, GOTO, Pan-STARRS","WFST, ZTF, ATLAS, GOTO, Pan-STARRS","ZTF","ATLAS, GOTO, Pan-STARRS, WFST, ZTF","WFST0548prfg","ATLAS-HKO - ATLAS-02, ATLAS-MLO - ATLAS-01, GOTO-N - GOTO-1, GOTO-S - GOTO-4, P48 - ZTF-Cam, PS1 - GPC1, WFST - WFST-WFC","Lick-3m - KAST","1","1","","19.5","g-WFST","2025-03-18 18:00:00.000","WFST_SN","","","2025TNSTR1062....1X","2025TNSCR1653....1W","",""
"175426","SN 2025ets","16:49:32.518","+39:02:32.06","SN II","0.030365","","","ZTF, ATLAS, Pan-STARRS","ZTF, ATLAS, Pan-STARRS","ZTF","ATLAS, Pan-STARRS, ZTF","ZTF25aaixhor","ATLAS-HKO - ATLAS-02, P48 - ZTF-Cam, PS2 - GPC2","P60 - SEDM","1","1","","19.6474","r-ZTF","2025-03-10 10:40:12.999","ZTF_CATS150","","","2025TNSTR1032....1D","2025TNSCR1079....1S","",""
"174716","SN 2025efp","04:35:09.729","+39:44:25.08","SN II","0.0195","","","ZTF","ZTF","ZTF","ZTF","ZTF25aadjaew","P48 - ZTF-Cam","Keck1 - LRIS","1","1","","19.9904","r-ZTF","2025-01-31 05:12:47.998","ZTF_CATS150","","","2025TNSTR.976....1L","2025TNSCR1039....1D","",""
"174534","SN 2025dzq","02:37:28.217","+23:18:12.54","SN II","0.027486","PGC 9939","0.027486","XOSS, ZTF, Pan-STARRS","XOSS, ZTF, Pan-STARRS","ZTF","Pan-STARRS, XOSS, ZTF","KATS25E006","Other - Other, P48 - ZTF-Cam, PS2 - GPC2","P200 - NGPS","1","1","","18.46","Clear-","2025-03-10 14:38:53.376","Mi Zhang","","","2025TNSTR.943....1M","2025TNSCR1164....1D","",""
"173896","SN 2025dja","14:07:50.759","+15:10:30.88","SN II","0.061016","SDSS J140750.54+151031.7","0.06101601","SGLF, GOTO, Pan-STARRS","ZTF, GOTO, Pan-STARRS","ZTF","GOTO, Pan-STARRS, ZTF","ZTF25aairfin","GOTO-N - GOTO-2, P48 - ZTF-Cam, PS1 - GPC1","P60 - SEDM","1","1","","19.036","g-ZTF","2025-03-05 10:22:30.000","Ismael Perez-Fournon","","","2025TNSTR.890....1P","2025TNSCR1163....1S","",""
"173878","SN 2025dii","11:06:43.892","+66:51:16.88","SN II","0.032985","","","ZTF, ATLAS","ZTF, ATLAS","ZTF","ATLAS, ZTF","ZTF25aainerh","ATLAS-HKO - ATLAS-02, ATLAS-MLO - ATLAS-01, P48 - ZTF-Cam","P60 - SEDM","1","1","","18.2921","r-ZTF","2025-03-05 05:09:46.998","Fritz","","","2025TNSTR.895....1R","2025TNSCR1335....1D","",""
"173822","SN 2025dge","10:58:14.175","+61:23:50.07","SN II","0.021893","","","ATLAS, ALeRCE, Pan-STARRS, LAST","ATLAS, ZTF, Pan-STARRS, LAST","ZTF","ATLAS, LAST, Pan-STARRS, ZTF","ATLAS25cik","ATLAS-HKO - ATLAS-02, ATLAS-MLO - ATLAS-01, LAST - LAST-Cam, P48 - ZTF-Cam, PS1 - GPC1","P60 - SEDM","1","1","","19.148","orange-ATLAS","2025-03-03 11:03:10.656","ATLAS_Bot1","","","2025TNSTR.866....1T","2025TNSCR.947....1S","",""
"173741","SN 2025ddb","11:56:09.417","+60:31:26.74","SN II","0.03296","","","ATLAS, ZTF","ATLAS, ZTF","ZTF","ATLAS, ZTF","ATLAS25chs","ATLAS-HKO - ATLAS-02, P48 - ZTF-Cam","P60 - SEDM","1","1","","18.566","orange-ATLAS","2025-03-02 08:37:05.376","ATLAS_Bot1","","","2025TNSTR.858....1T","2025TNSCR.970....1S","",""
"173585","SN 2025cxf","17:48:38.884","+29:45:40.52","SN II","0.0561","","","GOTO, ATLAS, ZTF, Fink, Pan-STARRS","GOTO, ATLAS, ZTF, Pan-STARRS","ZTF","ATLAS, GOTO, Pan-STARRS, ZTF","GOTO25avt","ATLAS-MLO - ATLAS-01, GOTO-N - GOTO-1, P48 - ZTF-Cam, PS2 - GPC2","P60 - SEDM","1","1","","19.09","L-GOTO","2025-02-28 05:29:13.632","GOTO_bot","","","2025TNSTR.824....1U","2025TNSCR1511....1S","",""
"173312","SN 2025cmx","07:01:57.585","+46:48:42.15","SN II","0.0263","2MASX J07015759+4648407","","ALeRCE","ZTF","ZTF","ZTF","ZTF25aagsnnc","P48 - ZTF-Cam","Keck1 - LRIS","1","1","","19.3105","g-ZTF","2025-02-23 04:41:55.003","ALeRCE","","","2025TNSTR.733....1J","2025TNSCR.898....1D","",""
"173093","SN 2025cha","14:01:07.092","+21:14:34.68","SN II","0.027749","WISEA J140108.99+211419.3","","ALeRCE, ATLAS, GOTO, Pan-STARRS","ZTF, ATLAS, GOTO, Pan-STARRS","ZTF","ATLAS, GOTO, Pan-STARRS, ZTF","ZTF19abvqtkz","ATLAS-HKO - ATLAS-02, ATLAS-MLO - ATLAS-01, GOTO-N - GOTO-2, P48 - ZTF-Cam, PS2 - GPC2","LT - SPRAT","1","1","","18.1155","g-ZTF","2025-02-21 10:38:47.999","ALeRCE","","","2025TNSTR.699....1J","2025TNSCR.948....1W","",""
"173043","SN 2025cfc","10:29:47.522","+13:00:53.66","SN II","","","","GOTO, ATLAS, BlackGEM, ZTF, MASTER, Pan-STARRS","GOTO, ATLAS, BlackGEM, ZTF, MASTER, Pan-STARRS","ZTF","ATLAS, BlackGEM, GOTO, MASTER, Pan-STARRS, ZTF","GOTO25anu","ATLAS-HKO - ATLAS-02, ATLAS-MLO - ATLAS-01, BG2 - BlackGEM-Cam2, BG3 - BlackGEM-Cam3, GOTO-N - GOTO-1, Other - Other, P48 - ZTF-Cam, PS1 - GPC1","SOAR - Goodman","1","1","","17.75","L-GOTO","2025-02-20 21:43:26.688","GOTO_bot","","","2025TNSTR.703....1R","2025TNSCR.731....1C","",""
"173012","SN 2025cdx","15:12:41.900","-05:49:54.04","SN II","0.057","","","ZTF, GOTO, ATLAS, Fink, LAST, Pan-STARRS","ZTF, GOTO, ATLAS, LAST, Pan-STARRS","ZTF","ATLAS, GOTO, LAST, Pan-STARRS, ZTF","ZTF25aaggkxk","ATLAS-MLO - ATLAS-01, ATLAS-STH - ATLAS-03, GOTO-N - GOTO-1, GOTO-S - GOTO-4, LAST - LAST-Cam, P48 - ZTF-Cam, PS1 - GPC1","P60 - SEDM","1","1","","19.0037","r-ZTF","2025-02-20 11:33:17.003","Fritz","","","2025TNSTR.697....1S","2025TNSCR.819....1S","",""
"172875","SN 2025bys","07:05:18.797","+58:08:39.60","SN II","0.04","","","ZTF, ATLAS, GOTO, Fink, LAST","ZTF, ATLAS, GOTO, LAST","ZTF","ATLAS, GOTO, LAST, ZTF","ZTF25aafrcem","ATLAS-HKO - ATLAS-02, ATLAS-MLO - ATLAS-01, GOTO-N - GOTO-1, LAST - LAST-Cam, P48 - ZTF-Cam","LT - SPRAT","1","1","","19.0977","g-ZTF","2025-02-17 04:12:20.001","Fritz","","","2025TNSTR.680....1R","2025TNSCR.948....1W","",""
"172874","SN 2025byr","00:53:25.694","+29:17:14.91","SN II","0.015044","","","ZTF","ZTF","ZTF","ZTF","ZTF25aafqxkt","P48 - ZTF-Cam","Keck1 - LRIS","1","1","","17.4193","g-ZTF","2025-02-17 03:40:50.001","Fritz","","","2025TNSTR.681....1J","2025TNSCR.916....1D","",""
"172835","SN 2025bxe","01:33:34.245","+12:35:17.17","SN II","0.013966","","","ATLAS, ZTF, Pan-STARRS","ATLAS, ZTF, Pan-STARRS","ZTF","ATLAS, Pan-STARRS, ZTF","ATLAS25brn","ATLAS-HKO - ATLAS-02, Other - Other, P48 - ZTF-Cam, PS2 - GPC2","P60 - SEDM","1","1","","18.327","orange-ATLAS","2025-02-18 06:01:22.080","ATLAS_Bot1","","","2025TNSTR.653....1T","2025TNSCR.787....1S","",""
"172615","SN 2025btb","16:46:57.084","+34:08:57.68","SN II","0.030169","","","ATLAS, ZTF, GOTO, Pan-STARRS","ATLAS, ZTF, GOTO, Pan-STARRS","ZTF","ATLAS, GOTO, Pan-STARRS, ZTF","ATLAS25bqd","ATLAS-HKO - ATLAS-02, GOTO-N - GOTO-1, P48 - ZTF-Cam, PS1 - GPC1","P60 - SEDM","1","1","","18.606","orange-ATLAS","2025-02-16 14:58:20.640","ATLAS_Bot1","","","2025TNSTR.623....1T","2025TNSCR.745....1S","",""
"172578","SN 2025bsi","07:53:11.678","+13:01:43.75","SN II","0.029937","","","GOTO, ZTF","GOTO, ZTF","ZTF","GOTO, ZTF","GOTO25aie","GOTO-N - GOTO-2, GOTO-S - GOTO-4, P48 - ZTF-Cam","P60 - SEDM","1","1","","18.7","L-GOTO","2025-02-16 11:43:03.072","GOTO_bot","","","2025TNSTR.625....1O","2025TNSCR.745....1S","",""
"172037","SN 2025bdt","19:12:09.369","+58:28:26.38","SN II","0.04","","","ZTF, GOTO, ATLAS, Pan-STARRS","ZTF, GOTO, ATLAS, Pan-STARRS","ZTF","ATLAS, GOTO, Pan-STARRS, ZTF","ZTF25aafejer","ATLAS-HKO - ATLAS-02, GOTO-N - GOTO-1, P48 - ZTF-Cam, PS1 - GPC1","P60 - SEDM","1","1","","19.3905","r-ZTF","2025-02-04 13:45:04.003","Fritz","","","2025TNSTR.565....1S","2025TNSCR1037....1J","",""
"171569","SN 2025ann","16:56:41.836","+02:52:12.49","SN II","0.030498","","","ZTF, ATLAS, YSE, Pan-STARRS, GOTO, LAST","ZTF, ATLAS, Pan-STARRS, GOTO, LAST","ZTF","ATLAS, GOTO, LAST, Pan-STARRS, ZTF","ZTF25aabaanf","ATLAS-HKO - ATLAS-02, GOTO-N - GOTO-1, GOTO-N - GOTO-2, LAST - LAST-Cam, P48 - ZTF-Cam, PS1 - GPC1, PS2 - GPC2","P200 - NGPS","1","1","","19.0542","r-ZTF","2025-01-01 13:28:56.003","Fritz","","","2025TNSTR.430....1S","2025TNSCR.668....1R","",""
"171541","SN 2025aml","01:50:14.106","+27:38:39.71","SN II","0.011798","","","ZTF, ATLAS, Pan-STARRS","ZTF, ATLAS, Pan-STARRS","ZTF","ATLAS, Pan-STARRS, ZTF","ZTF25aadhlrs","ATLAS-HKO - ATLAS-02, ATLAS-MLO - ATLAS-01, P48 - ZTF-Cam, PS2 - GPC2","LT - SPRAT","1","1","","18.1168","g-ZTF","2025-01-31 02:40:53.999","Fritz","","","2025TNSTR.431....1R","2025TNSCR.435....1W","",""
"171514","SN 2025alk","08:27:25.176","+01:50:52.46","SN II","0.031422","","","GOTO, BlackGEM, ATLAS, ZTF, LAST, Pan-STARRS","GOTO, BlackGEM, ATLAS, ZTF, LAST, Pan-STARRS","ZTF","ATLAS, BlackGEM, GOTO, LAST, Pan-STARRS, ZTF","GOTO25xp","ATLAS-CHL - ATLAS-04, ATLAS-STH - ATLAS-03, BG4 - BlackGEM-Cam4, GOTO-S - GOTO-4, LAST - LAST-Cam, ML1 - MeerLICHT-Cam, P48 - ZTF-Cam, PS2 - GPC2","P60 - SEDM","1","1","","18.89","L-GOTO","2025-01-30 12:47:10.464","GOTO_bot","","","2025TNSTR.416....1O","2025TNSCR.575....1S","",""
"171423","SN 2025ail","08:53:01.530","+41:49:28.62","SN II","0.04256676","","","ATLAS, ZTF, GOTO, LAST, Pan-STARRS","ATLAS, ZTF, GOTO, LAST, Pan-STARRS","ZTF","ATLAS, GOTO, LAST, Pan-STARRS, ZTF","ATLAS25bbf","ATLAS-HKO - ATLAS-02, GOTO-N - GOTO-2, LAST - LAST-Cam, P48 - ZTF-Cam, PS1 - GPC1","LT - SPRAT","1","1","","19.064","cyan-ATLAS","2025-01-28 11:18:36.864","ATLAS_Bot1","","","2025TNSTR.382....1T","2025TNSCR.746....1W, 2025TNSCR.746....1W","",""
"171344","SN 2025afq","15:36:58.094","-15:32:42.83","SN II","0.02594","","","ATLAS, GOTO, ZTF","ATLAS, GOTO, ZTF","ZTF","ATLAS, GOTO, ZTF","ATLAS25aym","ATLAS-MLO - ATLAS-01, ATLAS-STH - ATLAS-03, GOTO-N - GOTO-2, P48 - ZTF-Cam","SOAR - Goodman","1","1","","18.315","orange-ATLAS","2025-01-19 15:26:13.344","ATLAS_Bot1","","","2025TNSTR.352....1T","2025TNSCR.666....1D","",""
"171285","SN 2025adj","14:59:44.465","+51:27:47.06","SN II","0.011389","","","ATLAS, ZTF, GOTO, Pan-STARRS","ATLAS, ZTF, GOTO, Pan-STARRS","ZTF","ATLAS, GOTO, Pan-STARRS, ZTF","ATLAS25awc","ATLAS-HKO - ATLAS-02, GOTO-N - GOTO-1, P48 - ZTF-Cam, PS1 - GPC1","Lick-3m - KAST","1","1","","17.248","orange-ATLAS","2025-01-24 14:37:35.616","ATLAS_Bot1","","","2025TNSTR.328....1T","2025TNSCR.351....1W","",""
"171265","SN 2025acp","13:23:11.016","+32:10:41.37","SN II","0.042","SDSS J132311.26+321043.3","","ALeRCE, ATLAS, GOTO, YSE, Pan-STARRS","ZTF, ATLAS, GOTO, Pan-STARRS","ZTF","ATLAS, GOTO, Pan-STARRS, ZTF","ZTF25aaddjzf","ATLAS-HKO - ATLAS-02, ATLAS-MLO - ATLAS-01, GOTO-N - GOTO-1, P48 - ZTF-Cam, PS1 - GPC1","LT - SPRAT","1","1","","18.3219","g-ZTF","2025-01-24 09:49:01.998","ALeRCE","","","2025TNSTR.326....1M","2025TNSCR.665....1W","",""
"171082","SN 2025yp","03:42:44.254","+43:53:01.31","SN II","0.027052","","","Pan-STARRS, ATLAS, ZTF, DAO_OTS","Pan-STARRS, ATLAS, ZTF, DAO_OTS","ZTF","ATLAS, DAO_OTS, Pan-STARRS, ZTF","PS25hi","ATLAS-HKO - ATLAS-02, ATLAS-MLO - ATLAS-01, P48 - ZTF-Cam, Plaskett - Plaskett, PS2 - GPC2","LT - SPRAT","1","1","","19.92","w-P1","2025-01-18 06:44:15.936","PS1_Bot1","","","2025TNSTR.290....1C","2025TNSCR.767....1W","",""
"170883","SN 2025uy","18:07:23.100","+25:19:38.21","SN II","0.015637","","","ATLAS, GOTO, ZTF, Pan-STARRS, LAST","ATLAS, GOTO, ZTF, Pan-STARRS, LAST","ZTF","ATLAS, GOTO, LAST, Pan-STARRS, ZTF","ATLAS25amu","ATLAS-HKO - ATLAS-02, GOTO-N - GOTO-1, LAST - LAST-Cam, P48 - ZTF-Cam, PS1 - GPC1","P60 - SEDM","1","1","","18.186","orange-ATLAS","2025-01-19 15:29:02.688","ATLAS_Bot1","","","2025TNSTR.247....1T","2025TNSCR1123....1S","",""
"170703","SN 2025qq","09:38:13.053","+48:23:11.34","SN II","0.016","","","ZTF, Pan-STARRS, ATLAS, GOTO","ZTF, Pan-STARRS, ATLAS, GOTO","ZTF","ATLAS, GOTO, Pan-STARRS, ZTF","ZTF25aacdilx","ATLAS-HKO - ATLAS-02, ATLAS-MLO - ATLAS-01, GOTO-N - GOTO-1, GOTO-N - GOTO-2, P48 - ZTF-Cam, PS2 - GPC2","P60 - SEDM","1","1","","19.6373","g-ZTF","2025-01-17 10:38:11.002","Fritz","","","2025TNSTR.242....1S","2025TNSCR.768....1C","",""
"170692","SN 2025qf","09:24:09.117","+51:31:27.75","SN II","0.038503","","","ZTF, YSE, ATLAS","ZTF, Pan-STARRS, ATLAS","ZTF","ATLAS, Pan-STARRS, ZTF","ZTF25aacbtmd","ATLAS-HKO - ATLAS-02, ATLAS-MLO - ATLAS-01, P48 - ZTF-Cam, PS1 - GPC1","P60 - SEDM","1","1","","19.7688","g-ZTF","2025-01-17 05:27:10.002","Fritz","","","2025TNSTR.242....1S","2025TNSCR1333....1S","",""
"170682","SN 2025pv","08:20:38.645","+36:53:08.23","SN II","0.030137","","","ZTF, Pan-STARRS, ATLAS, GOTO","ZTF, Pan-STARRS, ATLAS, GOTO","ZTF","ATLAS, GOTO, Pan-STARRS, ZTF","ZTF25aacbsyi","ATLAS-HKO - ATLAS-02, ATLAS-MLO - ATLAS-01, GOTO-N - GOTO-2, P48 - ZTF-Cam, PS2 - GPC2","P60 - SEDM","1","1","","19.2739","g-ZTF","2025-01-15 08:41:42.996","Fritz","","","2025TNSTR.242....1S","2025TNSCR.262....1S","",""
"170676","SN 2025pp","08:03:41.960","+60:36:44.97","SN II","0.031","","","ZTF, GOTO","ZTF, GOTO","ZTF","GOTO, ZTF","ZTF25aacawpa","GOTO-N - GOTO-1, P48 - ZTF-Cam","P200 - NGPS","1","1","","18.9289","r-ZTF","2025-01-15 09:11:21.998","Fritz","","","2025TNSTR.242....1S","2025TNSCR1780....1R","",""
"170636","SN 2025ob","17:49:20.896","-01:59:17.84","SN II","0.025291","6dFGS gJ174920.6-015917","0.02529","ALeRCE, ATLAS, GOTO","ZTF, ATLAS, GOTO","ZTF","ATLAS, GOTO, ZTF","ZTF25aacbbqh","ATLAS-HKO - ATLAS-02, GOTO-N - GOTO-1, P48 - ZTF-Cam","P60 - SEDM","1","1","","18.197","r-ZTF","2025-01-15 13:51:22.997","ALeRCE","","","2025TNSTR.202....1M","2025TNSCR.454....1S","",""
"170581","SN 2025mg","07:16:54.240","+67:06:31.88","SN II","0.013736","SDSS J071652.72+670640.0","","ALeRCE, ATLAS, GOTO","ZTF, ATLAS, GOTO","ZTF","ATLAS, GOTO, ZTF","ZTF25aabxywm","ATLAS-HKO - ATLAS-02, GOTO-N - GOTO-1, GOTO-N - GOTO-2, P48 - ZTF-Cam","P60 - SEDM","1","1","","18.4328","r-ZTF","2025-01-15 07:48:51.002","ALeRCE","","","2025TNSTR.190....1M","2025TNSCR.218....1S","",""
"170188","SN 2025ai","12:59:40.392","+30:20:20.24","SN II","0.0205","","","ATLAS, ZTF, GOTO, Pan-STARRS","ATLAS, ZTF, GOTO, Pan-STARRS","ZTF","ATLAS, GOTO, Pan-STARRS, ZTF","ATLAS25acr","ATLAS-HKO - ATLAS-02, GOTO-N - GOTO-1, P48 - ZTF-Cam, PS1 - GPC1","LT - SPRAT","1","1","","18.357","orange-ATLAS","2025-01-03 13:55:56.928","ATLAS_Bot1","","","2025TNSTR..28....1T","2025TNSCR.219....1W","",""
"170520","SN 2024agod","05:15:13.938","+58:21:44.04","SN II","0.06","","","ZTF, ATLAS, Pan-STARRS","ZTF, ATLAS, Pan-STARRS","ZTF","ATLAS, Pan-STARRS, ZTF","ZTF24acaeozu","ATLAS-HKO - ATLAS-02, ATLAS-MLO - ATLAS-01, P48 - ZTF-Cam, PS2 - GPC2","P60 - SEDM","1","1","","20.772","r-ZTF","2024-12-29 06:40:47.003","Fritz","","","2025TNSTR.155....1S","2025TNSCR.471....1S","",""
"170439","SN 2024agnx","13:17:34.621","+33:38:43.99","SN II","0.036169","","","ZTF, GOTO, ATLAS","ZTF, GOTO, ATLAS","ZTF","ATLAS, GOTO, ZTF","ZTF18aaqjtti","ATLAS-MLO - ATLAS-01, GOTO-N - GOTO-1, P48 - ZTF-Cam","LT - SPRAT","1","1","","18.627","g-ZTF","2024-12-22 10:22:46.004","Fritz","","","2025TNSTR.127....1R","2025TNSCR.148....1W","",""
"169395","SN 2024afnq","15:22:14.241","+26:14:48.91","SN II","0.08","","","ZTF, ATLAS, GOTO, BlackGEM","ZTF, ATLAS, GOTO, BlackGEM","ZTF","ATLAS, BlackGEM, GOTO, ZTF","ZTF24abzwnym","ATLAS-HKO - ATLAS-02, BG2 - BlackGEM-Cam2, BG4 - BlackGEM-Cam4, GOTO-N - GOTO-1, P48 - ZTF-Cam","P60 - SEDM","1","1","","19.4767","r-ZTF","2024-12-29 11:55:34.000","Fritz","","","2024TNSTR5141....1S","2025TNSCR.489....1S","",""
"168884","SN 2024aeui","23:16:51.842","+09:15:29.11","SN II","0.040671","","","ATLAS, ZTF, GOTO","ATLAS, ZTF, GOTO","ZTF","ATLAS, GOTO, ZTF","ATLAS24rsu","ATLAS-HKO - ATLAS-02, ATLAS-MLO - ATLAS-01, GOTO-N - GOTO-1, GOTO-N - GOTO-2, P48 - ZTF-Cam","P60 - SEDM","1","1","","19.197","orange-ATLAS","2024-12-24 05:13:31.008","ATLAS_Bot1","","","2024TNSTR5042....1T","2025TNSCR.218....1S","",""
"168450","SN 2024aeds","16:46:59.039","+58:25:59.32","SN II","0.017522","IC 1231","","GOTO, ZTF, ATLAS","GOTO, ZTF, ATLAS","ZTF","ATLAS, GOTO, ZTF","","ATLAS-HKO - ATLAS-02, GOTO-N - GOTO-1, GOTO-N - GOTO-2, Other - Other, P48 - ZTF-Cam","P60 - SEDM","1","1","","18","Clear-","2024-12-16 16:30:00.000","Mirco Villi","","","2024TNSTR4926....1C","2024TNSCR5166....1S","",""
"168360","SN 2024aeaj","00:24:18.854","-01:38:27.69","SN II","0.037","CGCG 383-008","0.0376","SNHunt, ATLAS, ZTF, GOTO, Pan-STARRS","CRTS, ATLAS, ZTF, GOTO, Pan-STARRS","ZTF","ATLAS, CRTS, GOTO, Pan-STARRS, SNHunt, ZTF","","ATLAS-CHL - ATLAS-04, ATLAS-STH - ATLAS-03, GOTO-N - GOTO-1, GOTO-N - GOTO-2, Other - Other, P48 - ZTF-Cam, PS2 - GPC2","P60 - SEDM","1","1","","19.5","V-crts-CRTS","2024-12-14 03:58:10.000","Andrew Drake","","","2024TNSTR4908....1M","2025TNSCR..39....1S","",""
"168334","SN 2024adzj","02:39:53.289","+49:09:35.56","SN II","0.02","","","ZTF, ATLAS","ZTF, ATLAS","ZTF","ATLAS, ZTF","ZTF24abxvxpa","ATLAS-HKO - ATLAS-02, ATLAS-MLO - ATLAS-01, P48 - ZTF-Cam","P60 - SEDM","1","1","","20.4648","r-ZTF","2024-12-05 08:51:44.997","Fritz","","","2024TNSTR4910....1S","2024TNSCR5023....1S","",""
"168256","SN 2024adwj","08:00:33.743","+62:06:10.62","SN II","0.033","","","ATLAS, ZTF, GOTO, LAST","ATLAS, ZTF, GOTO, LAST","ZTF","ATLAS, GOTO, LAST, ZTF","ATLAS24rix","ATLAS-HKO - ATLAS-02, ATLAS-MLO - ATLAS-01, GOTO-N - GOTO-1, GOTO-N - GOTO-2, LAST - LAST-Cam, P48 - ZTF-Cam","P60 - SEDM","1","1","","19.09","cyan-ATLAS","2024-12-11 14:03:22.752","ATLAS_Bot1","","","2024TNSTR4857....1T","2025TNSCR.186....1S","",""
"168169","SN 2024adta","12:16:13.440","+28:45:36.25","SN II","0.026197","","","GOTO, ATLAS, ZTF, Pan-STARRS, GaiaAlerts","GOTO, ATLAS, ZTF, Pan-STARRS, GaiaAlerts","ZTF","ATLAS, GaiaAlerts, GOTO, Pan-STARRS, ZTF","GOTO24iwz","ATLAS-HKO - ATLAS-02, ATLAS-MLO - ATLAS-01, Gaia - Gaia-photometric, GOTO-N - GOTO-2, P48 - ZTF-Cam, PS1 - GPC1","P60 - SEDM","1","1","","19.08","L-GOTO","2024-12-09 05:07:48.864","GOTO_bot","","","2024TNSTR4829....1R","2024TNSCR5009....1S","",""
"167996","SN 2024admm","03:36:06.800","-05:10:30.14","SN II","0.016","PS1 101790540289671286","","SGLF, ATLAS, GOTO, Pan-STARRS, BlackGEM","ZTF, ATLAS, GOTO, Pan-STARRS, BlackGEM","ZTF, ePESSTO+","ATLAS, BlackGEM, GOTO, Pan-STARRS, SGLF","ZTF24abwniiv","ATLAS-CHL - ATLAS-04, ATLAS-STH - ATLAS-03, BG3 - BlackGEM-Cam3, BG4 - BlackGEM-Cam4, GOTO-S - GOTO-3, GOTO-S - GOTO-4, P48 - ZTF-Cam, PS2 - GPC2","ESO-NTT - EFOSC2-NTT, P60 - SEDM","1","1","","17.638","r-ZTF","2024-12-06 05:58:51.000","Ismael Perez-Fournon","","","2024TNSTR4784....1P","2024TNSCR4820....1S, 2024TNSCR4817....1S","",""
"167815","SN 2024adfy","02:11:25.850","+15:57:25.70","SN II","0.026702","","","BlackGEM, ATLAS, ZTF, Pan-STARRS, GOTO","BlackGEM, ATLAS, ZTF, Pan-STARRS, GOTO","ZTF","ATLAS, BlackGEM, GOTO, Pan-STARRS, ZTF","BGEM J021125.84+155725.7","ATLAS-HKO - ATLAS-02, BG3 - BlackGEM-Cam3, BG4 - BlackGEM-Cam4, GOTO-N - GOTO-1, GOTO-N - GOTO-2, P48 - ZTF-Cam, PS1 - GPC1","P60 - SEDM","1","1","","19.08","BG-q-BlackGem","2024-12-03 01:52:23.000","BlackGEM_Bot1","","","2024TNSTR4737....1S","2024TNSCR4766....1S","",""
"167797","SN 2024adfg","00:00:33.406","+22:46:34.52","SN II","0.03","","","ZTF, Pan-STARRS, GOTO, ATLAS","ZTF, Pan-STARRS, GOTO, ATLAS","ZTF","ATLAS, GOTO, Pan-STARRS, ZTF","ZTF24abvbzbd","ATLAS-HKO - ATLAS-02, ATLAS-MLO - ATLAS-01, GOTO-N - GOTO-1, P48 - ZTF-Cam, PS2 - GPC2","P60 - SEDM","1","1","","19.2735","g-ZTF","2024-12-02 06:30:13.000","Fritz","","","2024TNSTR4743....1S","2025TNSCR.489....1S","",""
"167459","SN 2024acsg","13:23:43.668","-16:21:31.82","SN II","0.027","","","ZTF, ATLAS, GOTO, Pan-STARRS","ZTF, ATLAS, GOTO, Pan-STARRS","ZTF","ATLAS, GOTO, Pan-STARRS, ZTF","ZTF24abuhlzm","ATLAS-HKO - ATLAS-02, GOTO-N - GOTO-1, GOTO-S - GOTO-3, P48 - ZTF-Cam, PS1 - GPC1","P60 - SEDM","1","1","","19.0308","r-ZTF","2024-11-26 13:16:55.004","Fritz","","","2024TNSTR4700....1S","2025TNSCR..84....1S","",""
"167454","SN 2024acsb","11:36:39.355","+57:01:13.02","SN II","0.045","","","ZTF, ATLAS, Pan-STARRS, GOTO","ZTF, ATLAS, Pan-STARRS, GOTO","ZTF","ATLAS, GOTO, Pan-STARRS, ZTF","ZTF24abutkox","ATLAS-HKO - ATLAS-02, ATLAS-MLO - ATLAS-01, GOTO-N - GOTO-1, GOTO-N - GOTO-2, P48 - ZTF-Cam, PS1 - GPC1","P60 - SEDM","1","1","","19.712","g-ZTF","2024-11-30 09:11:15.000","Fritz","","","2024TNSTR4699....1G","2024TNSCR5059....1S","",""
"167248","SN 2024ackd","10:14:40.983","-09:56:25.72","SN II","0.031415","","","ZTF, ATLAS, GOTO, Pan-STARRS","ZTF, ATLAS, GOTO, Pan-STARRS","ZTF","ATLAS, GOTO, Pan-STARRS, ZTF","ZTF24abuhiar","ATLAS-CHL - ATLAS-04, ATLAS-HKO - ATLAS-02, GOTO-S - GOTO-3, GOTO-S - GOTO-4, P48 - ZTF-Cam, PS1 - GPC1","P60 - SEDM","1","1","","19.5652","g-ZTF","2024-11-22 11:18:37.995","Fritz","","","2024TNSTR4665....1W","2024TNSCR4766....1S","",""
"167141","SN 2024acga","01:04:01.230","-03:31:45.59","SN II","0.04","","","GOTO, ZTF, ALeRCE, ATLAS, Pan-STARRS, GaiaAlerts","GOTO, ZTF, ATLAS, Pan-STARRS, GaiaAlerts","ZTF","ALeRCE, ATLAS, GaiaAlerts, GOTO, Pan-STARRS, ZTF","GOTO24ipc","ATLAS-CHL - ATLAS-04, ATLAS-HKO - ATLAS-02, Gaia - Gaia-photometric, GOTO-N - GOTO-1, GOTO-S - GOTO-3, P48 - ZTF-Cam, PS1 - GPC1","P60 - SEDM","1","1","","19.42","L-GOTO","2024-11-26 11:51:50.976","GOTO_bot","","","2024TNSTR4643....1O","2024TNSCR5039....1S","",""
"167140","SN 2024acfz","13:03:29.519","+86:44:16.47","SN II","0.028","","","ZTF, ATLAS","ZTF, ATLAS","ZTF","ATLAS, ZTF","ZTF24abugkym","ATLAS-HKO - ATLAS-02, P48 - ZTF-Cam","P60 - SEDM","1","1","","18.4171","r-ZTF","2024-11-26 10:19:10.004","Fritz","","","2024TNSTR4654....1R","2024TNSCR4840....1S","",""
"166872","SN 2024abwq","13:48:08.180","+61:09:17.82","SN II","0.035","","","GaiaAlerts, ZTF, ATLAS, GOTO","GaiaAlerts, ZTF, ATLAS, GOTO","ZTF","ATLAS, GaiaAlerts, GOTO, ZTF","Gaia24diw","ATLAS-HKO - ATLAS-02, ATLAS-MLO - ATLAS-01, Gaia - Gaia-photometric, GOTO-N - GOTO-1, GOTO-N - GOTO-2, P48 - ZTF-Cam","P60 - SEDM","1","1","","18.41","G-Gaia","2024-11-16 20:51:21.600","Gaia_Bot1","","","2024TNSTR4600....1H","2024TNSCR4789....1S","",""
"166716","SN 2024abqr","13:50:19.191","+07:47:45.07","SN II","0.02410027","","","ZTF, ATLAS, GOTO, Pan-STARRS","ZTF, ATLAS, GOTO, Pan-STARRS","ZTF","ATLAS, GOTO, Pan-STARRS, ZTF","ZTF24abtjjsg","ATLAS-HKO - ATLAS-02, GOTO-N - GOTO-1, P48 - ZTF-Cam, PS1 - GPC1","LT - SPRAT","1","1","","18.9612","r-ZTF","2024-11-17 13:15:15.998","Fritz","","","2024TNSTR4570....1S","2025TNSCR.730....1W","",""
"166653","SN 2024aboh","12:33:49.516","+59:00:08.34","SN II","0.043865","","","ZTF, ATLAS","ZTF, ATLAS","ZTF","ATLAS, ZTF","ZTF24abtdiyv","ATLAS-HKO - ATLAS-02, ATLAS-MLO - ATLAS-01, P48 - ZTF-Cam","P60 - SEDM","1","1","","19.5612","g-ZTF","2024-11-20 11:15:56.998","Fritz","","","2024TNSTR4558....1S","2025TNSCR..39....1S","",""
"166631","SN 2024abnl","02:43:15.534","-08:48:41.66","SN II","0.03","","","ZTF, BlackGEM, ATLAS, GOTO","ZTF, BlackGEM, ATLAS, GOTO","ZTF","ATLAS, BlackGEM, GOTO, ZTF","ZTF24abtblmg","ATLAS-CHL - ATLAS-04, ATLAS-HKO - ATLAS-02, BG4 - BlackGEM-Cam4, GOTO-S - GOTO-4, P48 - ZTF-Cam","P60 - SEDM","1","1","","19.8886","r-ZTF","2024-11-08 09:38:33.999","Fritz","","","2024TNSTR4558....1S","2025TNSCR..84....1S","",""
"166607","SN 2024abmp","12:41:25.910","-08:28:19.13","SN II","0.025","","","ZTF, ATLAS, GOTO, GaiaAlerts, Pan-STARRS","ZTF, ATLAS, GOTO, GaiaAlerts, Pan-STARRS","ZTF","ATLAS, GaiaAlerts, GOTO, Pan-STARRS, ZTF","ZTF24abszcqd","ATLAS-CHL - ATLAS-04, ATLAS-HKO - ATLAS-02, Gaia - Gaia-photometric, GOTO-N - GOTO-1, GOTO-N - GOTO-2, P48 - ZTF-Cam, PS2 - GPC2","P60 - SEDM","1","1","","18.5839","r-ZTF","2024-11-18 12:59:25.995","Fritz","","","2024TNSTR4546....1S","2024TNSCR4777....1S","",""
"166574","SN 2024ablj","13:31:05.910","+11:10:58.48","SN II","0.03","","","ZTF, ATLAS, GaiaAlerts, BlackGEM, GOTO, Pan-STARRS","ZTF, ATLAS, GaiaAlerts, BlackGEM, GOTO, Pan-STARRS","ZTF","ATLAS, BlackGEM, GaiaAlerts, GOTO, Pan-STARRS, ZTF","ZTF24absshbg","ATLAS-MLO - ATLAS-01, BG2 - BlackGEM-Cam2, BG4 - BlackGEM-Cam4, Gaia - Gaia-photometric, GOTO-N - GOTO-1, GOTO-N - GOTO-2, P48 - ZTF-Cam, PS2 - GPC2","P60 - SEDM","1","1","","19.1485","r-ZTF","2024-11-14 12:57:40.000","Fritz","","","2024TNSTR4533....1W","2025TNSCR1777....1S","",""
"166572","SN 2024ablh","12:51:31.432","-13:20:02.71","SN II","0.004376","NGC 4722","","ALeRCE, ATLAS, GOTO, Pan-STARRS, BlackGEM","ZTF, ATLAS, GOTO, Pan-STARRS, BlackGEM","ZTF, CET-3PO","ALeRCE, ATLAS, BlackGEM, GOTO, Pan-STARRS","ZTF24abszdqt","ATLAS-HKO - ATLAS-02, BG3 - BlackGEM-Cam3, BG4 - BlackGEM-Cam4, GOTO-N - GOTO-2, GOTO-S - GOTO-3, P48 - ZTF-Cam, PS2 - GPC2","CA-2.2m - CAFOS, P60 - SEDM","1","1","","17.1706","r-ZTF","2024-11-18 13:06:23.999","ALeRCE","","","2024TNSTR4525....1M","2024TNSCR4612....1S, 2025TNSCR.921....1W","",""
"166400","SN 2024abeu","10:51:21.644","+24:53:43.31","SN II","0.044491","","","ZTF, ATLAS, GOTO, Pan-STARRS","ZTF, ATLAS, GOTO, Pan-STARRS","ZTF","ATLAS, GOTO, Pan-STARRS, ZTF","ZTF24absdoug","ATLAS-HKO - ATLAS-02, ATLAS-MLO - ATLAS-01, GOTO-N - GOTO-1, P48 - ZTF-Cam, PS1 - GPC1","P60 - SEDM","1","1","","19.2903","g-ZTF","2024-11-11 12:08:18.000","Fritz","","","2024TNSTR4497....1S","2024TNSCR4704....1S","",""
"166264","SN 2024aazo","04:39:02.791","+01:02:34.63","SN II","0.035","","","ZTF, ATLAS, GOTO","ZTF, ATLAS, GOTO","ZTF","ATLAS, GOTO, ZTF","ZTF24absbvbs","ATLAS-CHL - ATLAS-04, ATLAS-MLO - ATLAS-01, GOTO-N - GOTO-1, GOTO-S - GOTO-4, P48 - ZTF-Cam","P60 - SEDM","1","1","","19.5178","g-ZTF","2024-11-11 09:05:24.000","Fritz","","","2024TNSTR4483....1S","2024TNSCR4802....1S","",""
"166179","SN 2024aawh","13:29:27.900","+11:00:22.64","SN II","0.022799","NGC 5162","0.022799","XOSS, ZTF, ATLAS, GOTO, GaiaAlerts, BlackGEM, Pan-STARRS","XOSS, ZTF, ATLAS, GOTO, GaiaAlerts, BlackGEM, Pan-STARRS","ZTF","ATLAS, BlackGEM, GaiaAlerts, GOTO, Pan-STARRS, XOSS, ZTF","PSP24aa","ATLAS-MLO - ATLAS-01, ATLAS-STH - ATLAS-03, BG2 - BlackGEM-Cam2, BG4 - BlackGEM-Cam4, Gaia - Gaia-photometric, GOTO-N - GOTO-1, GOTO-N - GOTO-2, Other - Other, P48 - ZTF-Cam, PS2 - GPC2","P60 - SEDM","1","1","","18.11","Clear-","2024-11-10 23:34:52.320","Mi Zhang","","","2024TNSTR4438....1X","2024TNSCR4561....1S","",""
"166147","SN 2024aavb","12:08:25.510","+10:01:15.20","SN II","0.020525","","","GOTO, ZTF, ATLAS, GaiaAlerts, Pan-STARRS, LAST","GOTO, ZTF, ATLAS, GaiaAlerts, Pan-STARRS, LAST","ZTF","ATLAS, GaiaAlerts, GOTO, LAST, Pan-STARRS, ZTF","GOTO24idj","ATLAS-HKO - ATLAS-02, Gaia - Gaia-photometric, GOTO-N - GOTO-2, LAST - LAST-Cam, P48 - ZTF-Cam, PS1 - GPC1","P60 - SEDM","1","1","","18.16","L-GOTO","2024-11-05 06:18:31.968","GOTO_bot","","","2024TNSTR4417....1K","2024TNSCR4503....1S","",""
"165968","SN 2024aaog","15:59:29.540","+86:11:18.47","SN II","0.019","","","ZTF, ATLAS","ZTF, ATLAS","ZTF","ATLAS, ZTF","ZTF24abqndnz","ATLAS-HKO - ATLAS-02, ATLAS-MLO - ATLAS-01, P48 - ZTF-Cam","LT - SPRAT","1","1","","19.1745","g-ZTF","2024-11-04 02:45:31.999","Fritz","","","2024TNSTR4354....1R","2025TNSCR.230....1W","",""
"165908","SN 2024aalz","11:39:12.849","+48:53:52.21","SN II","0.07","","","ZTF, ATLAS, GOTO, Pan-STARRS","ZTF, ATLAS, GOTO, Pan-STARRS","ZTF","ATLAS, GOTO, Pan-STARRS, ZTF","ZTF24abqwodi","ATLAS-HKO - ATLAS-02, ATLAS-MLO - ATLAS-01, GOTO-N - GOTO-1, P48 - ZTF-Cam, PS1 - GPC1","LT - SPRAT","1","1","","19.9056","g-ZTF","2024-10-24 12:22:08.002","Fritz","","","2024TNSTR4333....1S","2025TNSCR.219....1W","",""
"165905","SN 2024aalw","11:18:00.770","-04:51:11.56","SN II","0.0258","","","GOTO, ATLAS, ZTF, BlackGEM, GaiaAlerts, Pan-STARRS","GOTO, ATLAS, ZTF, BlackGEM, GaiaAlerts, Pan-STARRS","ZTF","ATLAS, BlackGEM, GaiaAlerts, GOTO, Pan-STARRS, ZTF","GOTO24hzy","ATLAS-HKO - ATLAS-02, ATLAS-STH - ATLAS-03, BG2 - BlackGEM-Cam2, BG4 - BlackGEM-Cam4, Gaia - Gaia-photometric, GOTO-N - GOTO-1, P48 - ZTF-Cam, PS2 - GPC2","P60 - SEDM","1","1","","17.93","L-GOTO","2024-11-05 05:57:33.984","GOTO_bot","","","2024TNSTR4325....1R","2024TNSCR4766....1S","",""
"165890","SN 2024aalh","19:40:46.590","+39:28:37.42","SN II","0.035","2MASS J19404773+3928339","","XOSS, ZTF, GOTO, ATLAS, Fink, GaiaAlerts","XOSS, ZTF, GOTO, ATLAS, GaiaAlerts","ZTF","ATLAS, Fink, GaiaAlerts, GOTO, XOSS, ZTF","KATS24V004","ATLAS-HKO - ATLAS-02, ATLAS-MLO - ATLAS-01, Gaia - Gaia-photometric, GOTO-N - GOTO-1, Other - Other, P48 - ZTF-Cam","P60 - SEDM","1","1","","18.73","Clear-","2024-11-04 15:12:23.040","Mi Zhang","","","2024TNSTR4308....1M","2024TNSCR4394....1S","",""
"165519","SN 2024zxe","23:56:49.755","+30:44:56.54","SN II","0.030851","","","GOTO, ZTF, ATLAS, Pan-STARRS, YSE","GOTO, ZTF, ATLAS, Pan-STARRS","ZTF","ATLAS, GOTO, Pan-STARRS, YSE, ZTF","GOTO24hxa","ATLAS-HKO - ATLAS-02, ATLAS-MLO - ATLAS-01, GOTO-N - GOTO-1, GOTO-N - GOTO-2, P48 - ZTF-Cam, PS2 - GPC2","P60 - SEDM","1","1","","19.52","L-GOTO","2024-10-28 22:16:16.608","GOTO_bot","","","2024TNSTR4236....1K","2024TNSCR4317....1S","",""
"165461","SN 2024zuy","00:48:01.795","+04:42:52.48","SN II","0.04","","","ZTF, ATLAS, LAST, Pan-STARRS","ZTF, ATLAS, LAST, Pan-STARRS","ZTF, ePESSTO+","ATLAS, LAST, Pan-STARRS, ZTF","ZTF24abowptn","ATLAS-HKO - ATLAS-02, ATLAS-MLO - ATLAS-01, LAST - LAST-Cam, P48 - ZTF-Cam, PS2 - GPC2","ESO-NTT - EFOSC2-NTT, P60 - SEDM","1","1","","19.3124","g-ZTF","2024-10-27 06:18:08.000","Fritz","","","2024TNSTR4242....1S","2024TNSCR4430....1S, 2024TNSCR4425....1H","",""
"165373","SN 2024zrr","11:34:12.458","+34:18:39.07","SN II","0.029907","","","GOTO, ALeRCE","GOTO, ZTF","ZTF","ALeRCE, GOTO","GOTO24hrf","GOTO-N - GOTO-2, P48 - ZTF-Cam","P60 - SEDM","1","1","","17.86","L-GOTO","2024-10-24 05:57:56.448","GOTO_bot","","","2024TNSTR4190....1O","2024TNSCR4430....1S","",""
"165233","SN 2024zmm","04:36:06.749","-01:47:11.32","SN II","0.03","","","ALeRCE, ATLAS, BlackGEM","ZTF, ATLAS, BlackGEM","ZTF","ALeRCE, ATLAS, BlackGEM","ZTF24aboqfdy","ATLAS-HKO - ATLAS-02, ATLAS-MLO - ATLAS-01, BG4 - BlackGEM-Cam4, ML1 - MeerLICHT-Cam, P48 - ZTF-Cam","P60 - SEDM","1","1","","19.8279","g-ZTF","2024-10-26 09:31:46.001","ALeRCE","","","2024TNSTR4161....1F","2024TNSCR4317....1S","",""
"164889","SN 2024yzk","01:47:54.513","+00:10:36.05","SN II","0.029148","SDSS J014754.48+001035.2","0.02914801","ALeRCE, GOTO","ZTF, GOTO","ZTF","ALeRCE, GOTO","ZTF24aazpqhq","GOTO-N - GOTO-1, P48 - ZTF-Cam","LT - SPRAT, P60 - SEDM","1","1","","18.7587","g-ZTF","2024-10-23 06:08:54.004","ALeRCE","","","2024TNSTR4115....1M","2024TNSCR4361....1S, 2024TNSCR4431....1W","",""
"164816","SN 2024ywp","00:21:51.942","+09:15:19.41","SN II","0.04","","","ZTF, GOTO, ATLAS, Fink, Pan-STARRS","ZTF, GOTO, ATLAS, Pan-STARRS","ZTF","ATLAS, Fink, GOTO, Pan-STARRS, ZTF","ZTF24aboafrj","ATLAS-CHL - ATLAS-04, ATLAS-HKO - ATLAS-02, GOTO-N - GOTO-1, P48 - ZTF-Cam, PS2 - GPC2","P60 - SEDM","1","1","","20.4168","g-ZTF","2024-10-21 06:12:07.997","Fritz","","","2024TNSTR4122....1S","2024TNSCR4450....1S","",""
"164687","SN 2024yrq","11:45:45.580","+14:14:36.42","SN II","0.04","SDSS J114545.57+141435.9","","XOSS, Pan-STARRS, ZTF, GOTO, ATLAS, GaiaAlerts","XOSS, Pan-STARRS, ZTF, GOTO, ATLAS, GaiaAlerts","ZTF","ATLAS, GaiaAlerts, GOTO, Pan-STARRS, XOSS, ZTF","KATS24U003","ATLAS-HKO - ATLAS-02, ATLAS-MLO - ATLAS-01, Gaia - Gaia-photometric, GOTO-N - GOTO-1, GOTO-N - GOTO-2, Other - Other, P48 - ZTF-Cam, PS1 - GPC1","P60 - SEDM","1","1","","16.77","Clear-","2024-10-21 23:24:39.744","Mi Zhang","","","2024TNSTR4108....1X","2024TNSCR4251....1S","",""
"164579","SN 2024ynn","04:23:09.795","-02:31:12.88","SN II","0.03","","","ZTF, ATLAS, Pan-STARRS, Fink, GOTO, BlackGEM","ZTF, ATLAS, Pan-STARRS, GOTO, BlackGEM","ZTF","ATLAS, BlackGEM, Fink, GOTO, Pan-STARRS, ZTF","ZTF24abnepdg","ATLAS-CHL - ATLAS-04, ATLAS-HKO - ATLAS-02, BG4 - BlackGEM-Cam4, GOTO-N - GOTO-1, GOTO-S - GOTO-3, P48 - ZTF-Cam, PS1 - GPC1","P60 - SEDM","1","1","","19.6525","g-ZTF","2024-10-15 11:05:22.001","Fritz","","","2024TNSTR4079....1S","2024TNSCR4317....1S","",""
"164337","SN 2024yhc","03:42:59.890","+38:15:56.25","SN II","0.04","","","ZTF, Pan-STARRS","ZTF, Pan-STARRS","ZTF","Pan-STARRS, ZTF","ZTF24abltwsk","P48 - ZTF-Cam, PS1 - GPC1","P60 - SEDM","1","1","","19.4925","r-ZTF","2024-10-09 10:19:14.998","Fritz","","","2024TNSTR4038....1B","2024TNSCR4657....1S","",""
"164124","SN 2024xyz","09:46:20.890","-09:43:44.11","SN II","0.0187","","","ATLAS, GaiaAlerts, ALeRCE, GOTO, Pan-STARRS","ATLAS, GaiaAlerts, ZTF, GOTO, Pan-STARRS","ZTF","ALeRCE, ATLAS, GaiaAlerts, GOTO, Pan-STARRS","ATLAS24pht","ATLAS-CHL - ATLAS-04, ATLAS-HKO - ATLAS-02, Gaia - Gaia-photometric, GOTO-N - GOTO-1, GOTO-S - GOTO-3, P48 - ZTF-Cam, PS1 - GPC1","P60 - SEDM","1","1","","18.522","cyan-ATLAS","2024-10-13 14:46:46.848","ATLAS_Bot1","","","2024TNSTR3976....1T","2024TNSCR4473....1C","",""
"164106","SN 2024xyh","11:01:05.976","+01:52:07.12","SN II","0.039487","","","ZTF, ATLAS, GOTO, Pan-STARRS, YSE","ZTF, ATLAS, GOTO, Pan-STARRS","ZTF","ATLAS, GOTO, Pan-STARRS, YSE, ZTF","ZTF24abmuhbu","ATLAS-HKO - ATLAS-02, GOTO-N - GOTO-1, P48 - ZTF-Cam, PS1 - GPC1, PS2 - GPC2","P60 - SEDM","1","1","","19.284","r-ZTF","2024-10-12 12:47:00.000","Fritz","","","2024TNSTR3982....1S","2025TNSCR..39....1S","",""
"163939","SN 2024xsa","13:24:43.600","+44:53:43.44","SN II","0.017243","","","GaiaAlerts, ZTF, ATLAS, Pan-STARRS","GaiaAlerts, ZTF, ATLAS, Pan-STARRS","ZTF","ATLAS, GaiaAlerts, Pan-STARRS, ZTF","Gaia24cwo","ATLAS-HKO - ATLAS-02, ATLAS-MLO - ATLAS-01, Gaia - Gaia-photometric, P48 - ZTF-Cam, PS2 - GPC2","P60 - SEDM","1","1","","19.62","G-Gaia","2024-09-21 04:48:00.000","Gaia_Bot1","","","2024TNSTR3936....1H","2024TNSCR4596....1S","",""
"163936","SN 2024xrx","01:30:50.060","+25:54:57.37","SN II","0.037376","","","ZTF, GOTO, ATLAS, Pan-STARRS, BlackGEM","ZTF, GOTO, ATLAS, Pan-STARRS, BlackGEM","ZTF","ATLAS, BlackGEM, GOTO, Pan-STARRS, ZTF","ZTF24ablxiwv","ATLAS-HKO - ATLAS-02, ATLAS-MLO - ATLAS-01, BG4 - BlackGEM-Cam4, GOTO-N - GOTO-1, GOTO-N - GOTO-2, ML1 - MeerLICHT-Cam, P48 - ZTF-Cam, PS1 - GPC1","P200 - DBSP","1","1","","19.142","g-ZTF","2024-10-10 08:07:31.998","Fritz","","","2024TNSTR3944....1S","2024TNSCR4011....1R","",""
"163926","SN 2024xrn","08:15:33.841","+75:44:16.13","SN II","0.026","","","GOTO, ZTF, ATLAS, Pan-STARRS","GOTO, ZTF, ATLAS, Pan-STARRS","ZTF","ATLAS, GOTO, Pan-STARRS, ZTF","GOTO24gze","ATLAS-HKO - ATLAS-02, GOTO-N - GOTO-1, P48 - ZTF-Cam, PS1 - GPC1","P200 - DBSP","1","1","","19.25","L-GOTO","2024-10-05 03:18:18.144","GOTO_bot","","","2024TNSTR3937....1K","2024TNSCR4449....1J","",""
"163370","SN 2024xnt","10:01:16.649","-00:01:48.46","SN II","0.032706","","","ZTF, ALeRCE","ZTF","ZTF","ALeRCE, ZTF","ZTF24ablergc","P48 - ZTF-Cam","P200 - DBSP","1","1","","19.0423","r-ZTF","2024-10-03 12:32:34.998","Fritz","","","2024TNSTR3909....1S","2024TNSCR4011....1R","",""
"163364","SN 2024xnn","17:12:19.633","+47:24:08.14","SN II","0.037","","","ATLAS, ZTF, GOTO","ATLAS, ZTF, GOTO","ZTF","ATLAS, GOTO, ZTF","ATLAS24pev","ATLAS-HKO - ATLAS-02, ATLAS-MLO - ATLAS-01, GOTO-N - GOTO-1, P48 - ZTF-Cam","P200 - DBSP","1","1","","18.407","orange-ATLAS","2024-10-08 05:49:16.320","ATLAS_Bot1","","","2024TNSTR3901....1T","2024TNSCR4449....1J","",""
"163343","SN 2024xmu","22:30:23.741","+08:46:09.32","SN II","0.067802","","","ATLAS, ZTF, Pan-STARRS, Fink","ATLAS, ZTF, Pan-STARRS","ZTF","ATLAS, Fink, Pan-STARRS, ZTF","ATLAS24peo","ATLAS-MLO - ATLAS-01, ATLAS-STH - ATLAS-03, P48 - ZTF-Cam, PS2 - GPC2","P60 - SEDM","1","1","","19.337","orange-ATLAS","2024-10-07 08:27:42.912","ATLAS_Bot1","","","2024TNSTR3885....1T","2024TNSCR4317....1S","",""
"163301","SN 2024xle","00:29:11.087","+10:35:49.40","SN II","0.0324489","","","GOTO, ATLAS, ZTF, Pan-STARRS","GOTO, ATLAS, ZTF, Pan-STARRS","ZTF","ATLAS, GOTO, Pan-STARRS, ZTF","GOTO24gwj","ATLAS-HKO - ATLAS-02, ATLAS-STH - ATLAS-03, GOTO-N - GOTO-1, GOTO-S - GOTO-3, P48 - ZTF-Cam, PS2 - GPC2","P200 - DBSP","1","1","","19.46","L-GOTO","2024-10-05 03:08:18.528","GOTO_bot","","","2024TNSTR3875....1K","2024TNSCR4450....1S","",""
"163274","SN 2024xkd","09:00:16.092","+35:43:33.39","SN II","0.010264","","","GOTO, ZTF, ATLAS, Pan-STARRS","GOTO, ZTF, ATLAS, Pan-STARRS","ZTF","ATLAS, GOTO, Pan-STARRS, ZTF","GOTO24gve","ATLAS-MLO - ATLAS-01, GOTO-N - GOTO-1, P48 - ZTF-Cam, PS1 - GPC1","P200 - DBSP","1","1","","18.84","L-GOTO","2024-10-06 04:41:52.800","GOTO_bot","","","2024TNSTR3876....1K","2024TNSCR4026....1J","",""
"163202","SN 2024xhj","16:35:36.576","+48:44:01.77","SN II","0.03","","","ATLAS, ZTF, GOTO","ATLAS, ZTF, GOTO","ZTF","ATLAS, GOTO, ZTF","ATLAS24pag","ATLAS-HKO - ATLAS-02, ATLAS-MLO - ATLAS-01, GOTO-N - GOTO-1, P48 - ZTF-Cam","P60 - SEDM","1","1","","18.145","cyan-ATLAS","2024-10-04 05:45:31.680","ATLAS_Bot1","","","2024TNSTR3855....1T","2025TNSCR..39....1S","",""
"163162","SN 2024xfv","03:25:00.283","+25:57:22.91","SN II","0.035","","","ATLAS, ZTF, GOTO","ATLAS, ZTF, GOTO","ZTF","ATLAS, GOTO, ZTF","ATLAS24oxv","ATLAS-HKO - ATLAS-02, ATLAS-MLO - ATLAS-01, GOTO-N - GOTO-1, P48 - ZTF-Cam","P60 - SEDM","1","1","","19.528","cyan-ATLAS","2024-10-02 13:58:09.984","ATLAS_Bot1","","","2024TNSTR3839....1T","2024TNSCR4317....1S","",""
"163116","SN 2024xeb","10:35:15.380","+26:05:07.87","SN II","0.055","","","ZTF, ATLAS, GOTO, GaiaAlerts, Pan-STARRS","ZTF, ATLAS, GOTO, GaiaAlerts, Pan-STARRS","ZTF","ATLAS, GaiaAlerts, GOTO, Pan-STARRS, ZTF","ZTF24ableoob","ATLAS-HKO - ATLAS-02, ATLAS-MLO - ATLAS-01, Gaia - Gaia-photometric, GOTO-N - GOTO-1, GOTO-S - GOTO-3, P48 - ZTF-Cam, PS2 - GPC2","P60 - SEDM","1","1","","18.5062","r-ZTF","2024-09-27 12:41:29.996","Fritz","","","2024TNSTR3852....1R","2024TNSCR4009....1S","",""
"163035","SN 2024xay","07:10:41.807","+14:42:46.37","SN II","0.045","","","GOTO, ATLAS, ZTF","GOTO, ATLAS, ZTF","ZTF","ATLAS, GOTO, ZTF","GOTO24got","ATLAS-HKO - ATLAS-02, ATLAS-MLO - ATLAS-01, GOTO-N - GOTO-1, GOTO-S - GOTO-3, P48 - ZTF-Cam","P60 - SEDM","1","1","","18.68","L-GOTO","2024-09-22 18:20:09.600","GOTO_bot","","","2024TNSTR3821....1K","2024TNSCR4270....1S","",""
"162224","SN 2024vwp","17:14:56.010","+08:33:40.79","SN II","0.034","SDSS J171455.89+083341.5","","ALeRCE, ATLAS, GaiaAlerts, Pan-STARRS","ZTF, ATLAS, GaiaAlerts, Pan-STARRS","ZTF","ALeRCE, ATLAS, GaiaAlerts, Pan-STARRS","ZTF24abijcdx","ATLAS-CHL - ATLAS-04, ATLAS-HKO - ATLAS-02, Gaia - Gaia-photometric, P48 - ZTF-Cam, PS2 - GPC2","P200 - DBSP","1","1","","19.2197","r-ZTF","2024-09-22 04:54:19.002","ALeRCE","","","2024TNSTR3642....1F","2024TNSCR3711....1R","",""
"162203","SN 2024vvu","10:04:29.650","+14:45:50.44","SN II","0.023256","","","ZTF, GaiaAlerts, ATLAS, GOTO, BlackGEM, Pan-STARRS","ZTF, GaiaAlerts, ATLAS, GOTO, BlackGEM, Pan-STARRS","ZTF","ATLAS, BlackGEM, GaiaAlerts, GOTO, Pan-STARRS, ZTF","ZTF24abihsvi","ATLAS-MLO - ATLAS-01, ATLAS-STH - ATLAS-03, BG2 - BlackGEM-Cam2, BG4 - BlackGEM-Cam4, Gaia - Gaia-photometric, GOTO-N - GOTO-1, P48 - ZTF-Cam, PS1 - GPC1","P60 - SEDM","1","1","","18.0743","r-ZTF","2024-09-21 12:43:56.997","Fritz","","","2024TNSTR3651....1R","2024TNSCR3932....1S","",""
"162063","SN 2024vqy","13:04:22.837","+28:48:21.31","SN II","0.026","","","ZTF, ATLAS, GOTO, YSE, Pan-STARRS","ZTF, ATLAS, GOTO, Pan-STARRS","ZTF","ATLAS, GOTO, Pan-STARRS, YSE, ZTF","ZTF24abhzafp","ATLAS-HKO - ATLAS-02, GOTO-N - GOTO-1, GOTO-N - GOTO-2, P48 - ZTF-Cam, PS1 - GPC1","P60 - SEDM","1","1","","18.0578","r-ZTF","2024-09-18 02:46:35.996","Fritz","","","2024TNSTR3599....1S","2024TNSCR4635....1S","",""
"162015","SN 2024vpx","04:38:11.880","+08:54:43.27","SN II","0.0352","SDSS J043811.98+085444.8","","ALeRCE, GaiaAlerts, ATLAS, GOTO, BlackGEM, Pan-STARRS","ZTF, GaiaAlerts, ATLAS, GOTO, BlackGEM, Pan-STARRS","ZTF","ALeRCE, ATLAS, BlackGEM, GaiaAlerts, GOTO, Pan-STARRS","ZTF24abibcib","ATLAS-CHL - ATLAS-04, ATLAS-HKO - ATLAS-02, BG4 - BlackGEM-Cam4, Gaia - Gaia-photometric, GOTO-N - GOTO-1, GOTO-N - GOTO-2, P48 - ZTF-Cam, PS2 - GPC2","Lick-3m - KAST","1","1","","19.159","r-ZTF","2024-09-18 10:20:11.003","ALeRCE","","","2024TNSTR3561....1F","2024TNSCR3949....1W","",""
"161917","SN 2024vme","08:36:33.800","-01:38:58.10","SN II","0.017142","SDSS J083634.41-013902.2","","ALeRCE, GOTO","ZTF, GOTO","ZTF","ALeRCE, GOTO","ZTF24abhwvrb","GOTO-N - GOTO-1, GOTO-N - GOTO-2, P48 - ZTF-Cam","Keck1 - LRIS","1","1","","18.9937","r-ZTF","2024-09-15 12:20:15.000","ALeRCE","","","2024TNSTR3522....1F","2024TNSCR4010....1D","",""
"161902","SN 2024vls","06:46:38.140","+22:30:33.66","SN II","0.0245","","","ATLAS, ZTF, GaiaAlerts, GOTO","ATLAS, ZTF, GaiaAlerts, GOTO","ZTF","ATLAS, GaiaAlerts, GOTO, ZTF","ATLAS24ogf","ATLAS-MLO - ATLAS-01, Gaia - Gaia-photometric, GOTO-N - GOTO-2, P48 - ZTF-Cam","LT - SPRAT","1","1","","18.766","orange-ATLAS","2024-09-15 14:32:47.904","ATLAS_Bot1","","","2024TNSTR3523....1T","2024TNSCR3798....1W","",""
"161876","SN 2024vkt","08:10:04.890","+46:11:33.08","SN II","0.031603064","","","ZTF, GOTO, ATLAS, Pan-STARRS","ZTF, GOTO, ATLAS, Pan-STARRS","ZTF","ATLAS, GOTO, Pan-STARRS, ZTF","ZTF24abgvkwg","ATLAS-HKO - ATLAS-02, ATLAS-MLO - ATLAS-01, GOTO-N - GOTO-2, P48 - ZTF-Cam, PS2 - GPC2","LT - SPRAT","1","1","","18.4637","g-ZTF","2024-09-15 11:50:32.352","ZTF_CLU_PUBLIC","","","2024TNSTR3516....1D","2024TNSCR3759....1W","",""
"161835","SN 2024vjf","15:58:49.110","+14:58:17.29","SN II","0.035413","","","ZTF, GOTO, ATLAS, GaiaAlerts","ZTF, GOTO, ATLAS, GaiaAlerts","ZTF","ATLAS, GaiaAlerts, GOTO, ZTF","ZTF24abhptym","ATLAS-HKO - ATLAS-02, ATLAS-MLO - ATLAS-01, Gaia - Gaia-photometric, GOTO-N - GOTO-2, P48 - ZTF-Cam","P60 - SEDM","1","1","","18.9361","r-ZTF","2024-09-14 03:37:19.004","Fritz","","","2024TNSTR3503....1S","2024TNSCR3710....1S","",""
"161813","SN 2024vik","23:59:59.659","+32:42:43.76","SN II","0.035404","","","ZTF, ATLAS, Fink, YSE, LAST, GOTO","ZTF, ATLAS, Pan-STARRS, LAST, GOTO","ZTF","ATLAS, Fink, GOTO, LAST, Pan-STARRS, YSE, ZTF","ZTF24abhgjqn","ATLAS-MLO - ATLAS-01, GOTO-N - GOTO-1, LAST - LAST-Cam, P48 - ZTF-Cam, PS2 - GPC2","Lick-3m - KAST","1","1","","20.1595","r-ZTF","2024-09-13 08:43:20.999","Fritz","","","2024TNSTR3486....1S","2024TNSCR3949....1W","",""
"161649","SN 2024vcv","09:10:23.890","+24:38:08.70","SN II","0.045","","","ZTF, GOTO, GaiaAlerts, ATLAS, Pan-STARRS","ZTF, GOTO, GaiaAlerts, ATLAS, Pan-STARRS","ZTF","ATLAS, GaiaAlerts, GOTO, Pan-STARRS, ZTF","ZTF24abgweei","ATLAS-HKO - ATLAS-02, ATLAS-MLO - ATLAS-01, Gaia - Gaia-photometric, GOTO-N - GOTO-1, P48 - ZTF-Cam, PS2 - GPC2","P60 - SEDM","1","1","","18.4169","r-ZTF","2024-09-05 12:26:07.995","Fritz","","","2024TNSTR3402....1S","2024TNSCR3854....1S","",""
"161646","SN 2024vcs","08:48:26.850","+14:39:56.46","SN II","0.01","","","ZTF, GOTO, ATLAS, Pan-STARRS","ZTF, GOTO, ATLAS, Pan-STARRS","ZTF","ATLAS, GOTO, Pan-STARRS, ZTF","ZTF24abgoksi","ATLAS-MLO - ATLAS-01, GOTO-N - GOTO-1, GOTO-N - GOTO-2, P48 - ZTF-Cam, PS2 - GPC2","P60 - SEDM","1","1","","15.8164","r-ZTF","2024-09-08 12:15:30.000","Fritz","","","2024TNSTR3407....1R","2024TNSCR3472....1S","",""
"161645","SN 2024vcr","03:23:04.421","-16:42:40.30","SN II","0.045","","","ZTF, ATLAS, YSE, Pan-STARRS","ZTF, ATLAS, Pan-STARRS","ZTF","ATLAS, Pan-STARRS, YSE, ZTF","ZTF24abgeiva","ATLAS-CHL - ATLAS-04, P48 - ZTF-Cam, PS1 - GPC1, PS2 - GPC2","P60 - SEDM","1","1","","19.5576","r-ZTF","2024-09-07 10:27:50.002","Fritz","","","2024TNSTR3402....1S","2024TNSCR3797....1S","",""
"161616","SN 2024vbo","07:20:47.510","+25:20:58.45","SN II","0.032","","","GOTO, ZTF, GaiaAlerts","GOTO, ZTF, GaiaAlerts","ZTF","GaiaAlerts, GOTO, ZTF","GOTO24fuc","Gaia - Gaia-photometric, GOTO-N - GOTO-2, P48 - ZTF-Cam","LT - SPRAT","1","1","","18.89","L-GOTO","2024-09-07 04:56:47.904","GOTO_bot","","","2024TNSTR3391....1R","2024TNSCR3696....1W","",""
"161098","SN 2024uhu","17:09:22.692","-05:05:33.40","SN II","0.02","","","ZTF, ATLAS, GOTO","ZTF, ATLAS, GOTO","ZTF","ATLAS, GOTO, ZTF","ZTF24abesffh","ATLAS-HKO - ATLAS-02, ATLAS-MLO - ATLAS-01, GOTO-N - GOTO-1, GOTO-S - GOTO-3, P48 - ZTF-Cam","P60 - SEDM","1","1","","20.0777","g-ZTF","2024-08-31 04:34:20.997","Fritz","","","2024TNSTR3247....1P","2024TNSCR3742....1S","",""
"160997","SN 2024udy","02:07:37.977","+04:11:37.77","SN II","0.07","","","ZTF, ATLAS, GOTO, Pan-STARRS","ZTF, ATLAS, GOTO, Pan-STARRS","ZTF","ATLAS, GOTO, Pan-STARRS, ZTF","ZTF24abdounl","ATLAS-MLO - ATLAS-01, ATLAS-STH - ATLAS-03, GOTO-S - GOTO-4, P48 - ZTF-Cam, PS2 - GPC2","P60 - SEDM","1","1","","20.4285","g-ZTF","2024-08-27 11:03:40.999","Fritz","","","2024TNSTR3230....1S","2024TNSCR3854....1S","",""
"160879","SN 2024tzk","00:54:19.460","+35:03:33.41","SN II","0.03","","","GOTO, ZTF, ATLAS, GaiaAlerts, Pan-STARRS","GOTO, ZTF, ATLAS, GaiaAlerts, Pan-STARRS","ZTF","ATLAS, GaiaAlerts, GOTO, Pan-STARRS, ZTF","GOTO24ffz","ATLAS-HKO - ATLAS-02, ATLAS-MLO - ATLAS-01, Gaia - Gaia-photometric, GOTO-N - GOTO-1, P48 - ZTF-Cam, PS1 - GPC1","P200 - DBSP","1","1","","19.11","L-GOTO","2024-08-31 02:51:12.096","GOTO_bot","","","2024TNSTR3198....1K","2024TNSCR3744....1C","",""
"160877","SN 2024tzi","18:02:24.020","+30:06:26.24","SN II","0.02","","","ZTF, GOTO, ATLAS, GaiaAlerts","ZTF, GOTO, ATLAS, GaiaAlerts","ZTF, None","ATLAS, GaiaAlerts, GOTO, ZTF","ZTF24abeebbl","ATLAS-HKO - ATLAS-02, ATLAS-MLO - ATLAS-01, Gaia - Gaia-photometric, GOTO-N - GOTO-2, P48 - ZTF-Cam","Keck1 - LRIS, P60 - SEDM","1","1","","18.8741","g-ZTF","2024-08-31 04:53:18.003","Fritz","","","2024TNSTR3212....1S","2024TNSCR3327....1S, 2024TNSCR3347....1R","",""
"160718","SN 2024ttg","02:05:15.575","-13:33:21.58","SN II","0.09","","","ZTF","ZTF","ZTF","ZTF","ZTF24abdbdhr","P48 - ZTF-Cam","P60 - SEDM","1","1","","19.2619","g-ZTF","2024-08-26 10:57:21.997","Fritz","","","2024TNSTR3137....1S","2024TNSCR3351....1S","",""
"160051","SN 2024str","05:14:53.050","+05:24:54.68","SN II","0.0243","","","ZTF, ATLAS, GOTO, BlackGEM, GaiaAlerts, Pan-STARRS","ZTF, ATLAS, GOTO, BlackGEM, GaiaAlerts, Pan-STARRS","ZTF","ATLAS, BlackGEM, GaiaAlerts, GOTO, Pan-STARRS, ZTF","ZTF24abcbmug","ATLAS-MLO - ATLAS-01, BG4 - BlackGEM-Cam4, Gaia - Gaia-photometric, GOTO-S - GOTO-3, P48 - ZTF-Cam, PS1 - GPC1","P200 - DBSP","1","1","","18.8982","r-ZTF","2024-08-25 10:56:19.392","ZTF_CLU_PUBLIC","","","2024TNSTR3082....1D","2024TNSCR3285....1R","",""
"159829","SN 2024slp","07:22:04.971","+17:25:14.39","SN II","0.015798","","","ZTF, ATLAS, GOTO, Pan-STARRS","ZTF, ATLAS, GOTO, Pan-STARRS","ZTF","ATLAS, GOTO, Pan-STARRS, ZTF","ZTF24abcenxy","ATLAS-MLO - ATLAS-01, GOTO-N - GOTO-1, GOTO-N - GOTO-2, P48 - ZTF-Cam, PS2 - GPC2","P200 - DBSP","1","1","","17.6987","r-ZTF","2024-08-18 12:07:20.000","Fritz","","","2024TNSTR3027....1R","2024TNSCR3172....1D","",""
"159319","SN 2024rtl","05:38:17.956","+75:31:15.86","SN II","0.07","","","ZTF, ATLAS","ZTF, ATLAS","ZTF","ATLAS, ZTF","ZTF24aayncet","ATLAS-HKO - ATLAS-02, ATLAS-MLO - ATLAS-01, P48 - ZTF-Cam","P60 - SEDM","1","1","","18.8744","g-ZTF","2024-08-10 10:44:25.002","Fritz","","","2024TNSTR2864....1R","2024TNSCR2931....1S","",""
"159171","SN 2024rnu","17:43:28.890","+39:05:33.22","SN II","0.032","","","ZTF, GOTO, ATLAS, Pan-STARRS, GaiaAlerts","ZTF, GOTO, ATLAS, Pan-STARRS, GaiaAlerts","ZTF","ATLAS, GaiaAlerts, GOTO, Pan-STARRS, ZTF","ZTF24aazjdml","ATLAS-HKO - ATLAS-02, ATLAS-MLO - ATLAS-01, Gaia - Gaia-photometric, GOTO-N - GOTO-1, P48 - ZTF-Cam, PS2 - GPC2","P200 - DBSP","1","1","","18.9595","g-ZTF","2024-08-07 04:25:24.997","Fritz","","","2024TNSTR2807....1S","2024TNSCR2978....1Q","",""
"159065","SN 2024rkd","23:08:56.676","+03:14:04.27","SN II","0.042623","","","ZTF, GOTO, ATLAS, Fink, Pan-STARRS","ZTF, GOTO, ATLAS, Pan-STARRS","ZTF","ATLAS, Fink, GOTO, Pan-STARRS, ZTF","ZTF24aayxdbn","ATLAS-HKO - ATLAS-02, ATLAS-MLO - ATLAS-01, GOTO-N - GOTO-1, P48 - ZTF-Cam, PS1 - GPC1","P200 - DBSP","1","1","","19.4941","g-ZTF","2024-08-05 08:29:25.995","Fritz","","","2024TNSTR2774....1S","2024TNSCR3172....1D","",""
"158727","SN 2024qxz","23:23:55.057","+09:36:36.76","SN II","0.03","","","ZTF, ATLAS, GOTO, Fink, LAST, Pan-STARRS","ZTF, ATLAS, GOTO, LAST, Pan-STARRS","ZTF","ATLAS, Fink, GOTO, LAST, Pan-STARRS, ZTF","ZTF24aaxyrrd","ATLAS-HKO - ATLAS-02, GOTO-N - GOTO-1, GOTO-N - GOTO-2, LAST - LAST-Cam, P48 - ZTF-Cam, PS1 - GPC1","P60 - SEDM","1","1","","19.8792","r-ZTF","2024-07-31 09:10:53.996","Fritz","","","2024TNSTR2723....1R","2024TNSCR2958....1S","",""
"158518","SN 2024qqb","22:13:24.482","+26:21:42.65","SN II","0.047","","","ATLAS, ALeRCE","ATLAS, ZTF","ZTF","ALeRCE, ATLAS","ATLAS24mcm","ATLAS-HKO - ATLAS-02, ATLAS-MLO - ATLAS-01, P48 - ZTF-Cam","P60 - SEDM","1","1","","19.509","orange-ATLAS","2024-07-30 10:56:46.176","ATLAS_Bot1","","","2024TNSTR2655....1T","2024TNSCR2958....1S","",""
"158483","SN 2024qot","19:50:03.424","-25:11:51.58","SN II","0.0385","","","ZTF, GOTO, ATLAS","ZTF, GOTO, ATLAS","ZTF","ATLAS, GOTO, ZTF","ZTF24aaxtoch","ATLAS-CHL - ATLAS-04, ATLAS-STH - ATLAS-03, GOTO-N - GOTO-1, GOTO-N - GOTO-2, P48 - ZTF-Cam","Lick-3m - KAST","1","1","","19.8421","r-ZTF","2024-07-28 08:01:43.003","Fritz","","","2024TNSTR2664....1S","2024TNSCR2959....1W","",""
"158440","SN 2024qnc","01:53:35.464","+06:40:57.90","SN II","0.0312","","","ZTF, Pan-STARRS, ATLAS","ZTF, Pan-STARRS, ATLAS","ZTF","ATLAS, Pan-STARRS, ZTF","ZTF24aaxqnbe","ATLAS-MLO - ATLAS-01, P48 - ZTF-Cam, PS2 - GPC2","P200 - DBSP","1","1","","19.2826","r-ZTF","2024-07-29 09:32:59.000","Fritz","","","2024TNSTR2644....1R","2024TNSCR2794....1D","",""
"158393","SN 2024qmx","06:27:41.520","+52:43:40.30","SN II","0.035","","","ZTF, ATLAS, GOTO, YSE, GaiaAlerts, Pan-STARRS","ZTF, ATLAS, GOTO, Pan-STARRS, GaiaAlerts","ZTF","ATLAS, GaiaAlerts, GOTO, Pan-STARRS, YSE, ZTF","ZTF24aaxnvou","ATLAS-HKO - ATLAS-02, ATLAS-MLO - ATLAS-01, Gaia - Gaia-photometric, GOTO-N - GOTO-1, GOTO-N - GOTO-2, P48 - ZTF-Cam, PS2 - GPC2","P60 - SEDM","1","1","","18.4473","r-ZTF","2024-07-28 11:44:40.997","Fritz","","","2024TNSTR2644....1R","2024TNSCR3283....1S","",""
"158286","SN 2024qje","04:56:07.055","-07:30:46.54","SN II","0.025","","","ATLAS, GOTO, ZTF, Pan-STARRS","ATLAS, GOTO, ZTF, Pan-STARRS","ZTF","ATLAS, GOTO, Pan-STARRS, ZTF","ATLAS24luh","ATLAS-CHL - ATLAS-04, ATLAS-STH - ATLAS-03, GOTO-N - GOTO-2, GOTO-S - GOTO-3, P48 - ZTF-Cam, PS1 - GPC1","P200 - DBSP","1","1","","17.774","orange-ATLAS","2024-07-28 09:49:34.752","ATLAS_Bot1","","","2024TNSTR2625....1T","2024TNSCR3309....1S","",""
"158193","SN 2024qfq","20:57:58.208","-06:12:50.75","SN II","0.047","SDSS J205758.20-061251.1","","ALeRCE, ATLAS, Pan-STARRS, GOTO","ZTF, ATLAS, Pan-STARRS, GOTO","ZTF","ALeRCE, ATLAS, GOTO, Pan-STARRS","ZTF24aaxhomn","ATLAS-CHL - ATLAS-04, ATLAS-HKO - ATLAS-02, GOTO-N - GOTO-1, GOTO-N - GOTO-2, P48 - ZTF-Cam, PS2 - GPC2","P200 - DBSP","1","1","","19.6933","r-ZTF","2024-07-27 08:05:50.997","ALeRCE","","","2024TNSTR2624....1F","2024TNSCR3745....1R","",""
"157899","SN 2024pwa","23:15:24.008","+03:53:04.28","SN II","0.035","SDSS J231524.03+035302.1","","SGLF, ATLAS, Pan-STARRS","ZTF, ATLAS, Pan-STARRS","ZTF","ATLAS, Pan-STARRS, SGLF","ZTF24aawpwhq","ATLAS-CHL - ATLAS-04, ATLAS-HKO - ATLAS-02, P48 - ZTF-Cam, PS2 - GPC2","P60 - SEDM","1","1","","18.79","g-ZTF","2024-07-22 09:35:50.000","Ismael Perez-Fournon","","","2024TNSTR2530....1P","2024TNSCR2830....1S","",""
"157715","SN 2024ppj","16:36:45.690","+56:20:09.96","SN II","0.031","","","ZTF, ATLAS, GOTO, YSE, GaiaAlerts","ZTF, ATLAS, GOTO, Pan-STARRS, GaiaAlerts","ZTF","ATLAS, GaiaAlerts, GOTO, Pan-STARRS, YSE, ZTF","ZTF24aavyicb","ATLAS-HKO - ATLAS-02, ATLAS-MLO - ATLAS-01, Gaia - Gaia-photometric, GOTO-N - GOTO-1, P48 - ZTF-Cam, PS2 - GPC2","P200 - DBSP","1","1","","19.5757","g-ZTF","2024-07-16 04:42:36.000","Fritz","","","2024TNSTR2466....1S","2024TNSCR2650....1S","",""
"157592","SN 2024pkt","23:18:39.102","+15:57:33.08","SN II","0.025","","","ATLAS, GOTO, ZTF, Pan-STARRS","ATLAS, GOTO, ZTF, Pan-STARRS","ZTF","ATLAS, GOTO, Pan-STARRS, ZTF","ATLAS24lex","ATLAS-MLO - ATLAS-01, GOTO-N - GOTO-1, P48 - ZTF-Cam, PS2 - GPC2","Lick-3m - KAST","1","1","","18.158","orange-ATLAS","2024-07-13 12:44:42.720","ATLAS_Bot1","","","2024TNSTR2429....1T","2024TNSCR3004....1W","",""
"157468","SN 2024pge","23:41:02.078","+23:51:22.27","SN II","0.097","SDSS J234102.02+235121.6","","SGLF, Pan-STARRS","ZTF, Pan-STARRS","ZTF","Pan-STARRS, SGLF","ZTF24aaugpvz","P48 - ZTF-Cam, PS2 - GPC2","Gemini-N - GMOS","1","1","","19.945","r-ZTF","2024-07-10 08:58:13.000","Ismael Perez-Fournon","","","2024TNSTR2358....1P","2024TNSCR2977....1N","",""
"157382","SN 2024pcw","01:44:35.900","+37:41:51.79","SN II","0.0188599993","","","ATLAS, ZTF, GaiaAlerts, Pan-STARRS","ATLAS, ZTF, GaiaAlerts, Pan-STARRS","ZTF","ATLAS, GaiaAlerts, Pan-STARRS, ZTF","ATLAS24kve","ATLAS-HKO - ATLAS-02, ATLAS-MLO - ATLAS-01, Gaia - Gaia-photometric, P48 - ZTF-Cam, PS2 - GPC2","P200 - DBSP","1","1","","18.724","orange-ATLAS","2024-07-08 12:21:48.960","ATLAS_Bot1","","","2024TNSTR2326....1T","2024TNSCR2540....1C","",""
"156138","SN 2024nsp","01:14:04.860","-01:44:35.52","SN II","0.0164","UGC 00784","0.016348","SGLF, GOTO, ATLAS, GaiaAlerts, YSE, Pan-STARRS","ZTF, GOTO, ATLAS, GaiaAlerts, Pan-STARRS","ZTF, ePESSTO+","ATLAS, GaiaAlerts, GOTO, Pan-STARRS, SGLF, YSE","ZTF24aaugxzp","ATLAS-CHL - ATLAS-04, ATLAS-HKO - ATLAS-02, Gaia - Gaia-photometric, GOTO-N - GOTO-1, P48 - ZTF-Cam, PS1 - GPC1, PS2 - GPC2","ESO-NTT - EFOSC2-NTT, P60 - SEDM","1","1","","18.789","g-ZTF","2024-07-03 10:35:26.000","Ismael Perez-Fournon","","","2024TNSTR2228....1P","2024TNSCR2389....1S, 2024TNSCR2386....1D","",""
"156099","SN 2024nrc","02:45:43.945","+02:50:22.89","SN II","0.025","","","ATLAS, GOTO, ZTF, Pan-STARRS","ATLAS, GOTO, ZTF, Pan-STARRS","ZTF","ATLAS, GOTO, Pan-STARRS, ZTF","ATLAS24kdg","ATLAS-HKO - ATLAS-02, ATLAS-MLO - ATLAS-01, GOTO-N - GOTO-1, GOTO-S - GOTO-3, P48 - ZTF-Cam, PS2 - GPC2","P60 - SEDM","1","1","","18.091","orange-ATLAS","2024-07-02 14:09:22.176","ATLAS_Bot1","","","2024TNSTR2222....1T","2024TNSCR2793....1S","",""
"155798","SN 2024nfq","00:56:47.139","-01:47:09.88","SN II","0.04","","","ATLAS, ZTF","ATLAS, ZTF","ZTF","ATLAS, ZTF","ATLAS24jho","ATLAS-CHL - ATLAS-04, ATLAS-STH - ATLAS-03, P48 - ZTF-Cam","P60 - SEDM","1","1","","18.156","orange-ATLAS","2024-06-30 09:34:55.200","ATLAS_Bot1","","","2024TNSTR2182....1T","2024TNSCR2538....1S","",""
"155589","SN 2024mxq","14:44:05.831","+09:16:47.48","SN II","0.03106","","","ZTF, ATLAS, GOTO, Fink, BlackGEM","ZTF, ATLAS, GOTO, BlackGEM","ZTF, YSE","ATLAS, BlackGEM, Fink, GOTO, ZTF","ZTF24aatifzm","ATLAS-HKO - ATLAS-02, ATLAS-STH - ATLAS-03, BG4 - BlackGEM-Cam4, GOTO-N - GOTO-1, GOTO-N - GOTO-2, P48 - ZTF-Cam","Gemini-S - GMOS-S, P200 - DBSP","1","1","","19.5774","g-ZTF","2024-06-23 05:59:50.003","Fritz","","","2024TNSTR2141....1S","2024TNSCR2407....1P, 2025TNSCR.171....1J","",""
"155319","SN 2024mnp","02:10:11.740","+15:18:39.35","SN II","0.013612999580801","","","ATLAS, GOTO, ZTF, BlackGEM, GaiaAlerts, Pan-STARRS","ATLAS, GOTO, ZTF, BlackGEM, GaiaAlerts, Pan-STARRS","ZTF","ATLAS, BlackGEM, GaiaAlerts, GOTO, Pan-STARRS, ZTF","ATLAS24jnd","ATLAS-MLO - ATLAS-01, ATLAS-STH - ATLAS-03, BG2 - BlackGEM-Cam2, BG4 - BlackGEM-Cam4, Gaia - Gaia-photometric, GOTO-N - GOTO-1, GOTO-N - GOTO-2, P48 - ZTF-Cam, PS2 - GPC2","P60 - SEDM","1","1","","16.583","orange-ATLAS","2024-06-23 14:09:14.400","ATLAS_Bot1","","","2024TNSTR2060....1T","2024TNSCR2368....1S","",""
"155271","SN 2024mlt","22:25:50.389","+17:48:00.40","SN II","0.04","","","ZTF, ATLAS, Fink, Pan-STARRS","ZTF, ATLAS, Pan-STARRS","ZTF","ATLAS, Fink, Pan-STARRS, ZTF","ZTF24aasqcng","ATLAS-HKO - ATLAS-02, ATLAS-MLO - ATLAS-01, P48 - ZTF-Cam, PS1 - GPC1","P60 - SEDM","1","1","","19.7604","g-ZTF","2024-06-21 10:28:40.002","Fritz","","","2024TNSTR2064....1S","2024TNSCR2322....1S","",""
"154656","SN 2024lst","13:43:26.058","-11:22:23.68","SN II","0.026028","LEDA  966571","0.02603","ALeRCE, GOTO","ZTF, GOTO","ZTF","ALeRCE, GOTO","ZTF24aaskxai","GOTO-N - GOTO-1, GOTO-N - GOTO-2, P48 - ZTF-Cam","P60 - SEDM","1","1","","17.5285","g-ZTF","2024-06-19 05:32:07.996","ALeRCE","","","2024TNSTR2011....1M","2024TNSCR2409....1S","",""
"154560","SN 2024lpb","23:36:36.631","+01:08:27.58","SN II","0.075902","","","ZTF, ATLAS, Pan-STARRS","ZTF, ATLAS, Pan-STARRS","ZTF","ATLAS, Pan-STARRS, ZTF","ZTF24aarxxmm","ATLAS-CHL - ATLAS-04, ATLAS-MLO - ATLAS-01, P48 - ZTF-Cam, PS2 - GPC2","P60 - SEDM","1","1","","19.3181","g-ZTF","2024-06-15 10:11:19.003","Fritz","","","2024TNSTR2004....1S","2024TNSCR2589....1Q","",""
"153638","SN 2024lhv","02:41:09.560","+26:27:46.22","SN II","0.04","","","ZTF, ATLAS, GOTO, Pan-STARRS, GaiaAlerts","ZTF, ATLAS, GOTO, Pan-STARRS, GaiaAlerts","ZTF","ATLAS, GaiaAlerts, GOTO, Pan-STARRS, ZTF","ZTF24aasbtjr","ATLAS-HKO - ATLAS-02, ATLAS-MLO - ATLAS-01, Gaia - Gaia-photometric, GOTO-N - GOTO-2, P48 - ZTF-Cam, PS1 - GPC1","P60 - SEDM","1","1","","18.8201","r-ZTF","2024-06-14 11:17:33.999","Fritz","","","2024TNSTR1958....1R","2024TNSCR2707....1S","",""
"153421","SN 2024lel","20:55:33.103","+07:28:49.27","SN II","0.0189100001","","","ZTF","ZTF","ZTF","ZTF","ZTF24aarxfmk","P48 - ZTF-Cam","P200 - DBSP","1","1","","20.1134","g-ZTF","2024-05-16 10:25:59.808","ZTF_CLU_PUBLIC","","","2024TNSTR1935....1D","2024TNSCR3537....1C","",""
"153403","SN 2024ldu","19:54:05.168","+49:56:47.25","SN II","0.024957","","","ZTF","ZTF","ZTF","ZTF","ZTF24aarajmv","P48 - ZTF-Cam","Keck1 - LRIS","1","1","","20.1101","g-ZTF","2024-06-08 10:48:13.003","Fritz","","","2024TNSTR1933....1S","2024TNSCR3536....1D","",""
"153291","SN 2024kzn","23:56:42.040","+13:46:25.28","SN II","0.0362","","","ATLAS, GOTO, ZTF, GaiaAlerts, Pan-STARRS","ATLAS, GOTO, ZTF, GaiaAlerts, Pan-STARRS","ZTF","ATLAS, GaiaAlerts, GOTO, Pan-STARRS, ZTF","ATLAS24ivk","ATLAS-HKO - ATLAS-02, ATLAS-MLO - ATLAS-01, Gaia - Gaia-photometric, GOTO-N - GOTO-1, GOTO-S - GOTO-3, P48 - ZTF-Cam, PS2 - GPC2","P60 - SEDM","1","1","","19.003","orange-ATLAS","2024-06-10 13:58:34.176","ATLAS_Bot1","","","2024TNSTR1880....1T","2024TNSCR2455....1S","",""
"153164","SN 2024kww","17:13:38.672","+41:03:25.82","SN II","0.04","","","ZTF, ATLAS, GOTO, Pan-STARRS","ZTF, ATLAS, GOTO, Pan-STARRS","ZTF","ATLAS, GOTO, Pan-STARRS, ZTF","ZTF24aaqugzv","ATLAS-HKO - ATLAS-02, ATLAS-MLO - ATLAS-01, GOTO-N - GOTO-1, GOTO-N - GOTO-2, P48 - ZTF-Cam, PS1 - GPC1","P60 - SEDM","1","1","","20.6151","r-ZTF","2024-06-07 08:42:06.998","Fritz","","","2024TNSTR1874....1S","2024TNSCR2059....1S","",""
"152978","SN 2024kqi","15:21:49.320","+50:30:40.10","SN II","0.035261","","","ZTF, ATLAS, GOTO, GaiaAlerts","ZTF, ATLAS, GOTO, GaiaAlerts","ZTF","ATLAS, GaiaAlerts, GOTO, ZTF","ZTF24aaqzkpr","ATLAS-HKO - ATLAS-02, ATLAS-MLO - ATLAS-01, Gaia - Gaia-photometric, GOTO-N - GOTO-1, GOTO-N - GOTO-2, P48 - ZTF-Cam","P60 - SEDM","1","1","","20.6035","g-ZTF","2024-06-07 08:17:47.002","Fritz","","","2024TNSTR1859....1S","2024TNSCR2146....1S","",""
"152893","SN 2024knb","02:11:24.140","+46:42:14.83","SN II","0.0673","","","ZTF, GOTO, ATLAS, GaiaAlerts","ZTF, GOTO, ATLAS, GaiaAlerts","ZTF","ATLAS, GaiaAlerts, GOTO, ZTF","ZTF24aaqpnyq","ATLAS-HKO - ATLAS-02, ATLAS-MLO - ATLAS-01, Gaia - Gaia-photometric, GOTO-N - GOTO-1, GOTO-S - GOTO-3, P48 - ZTF-Cam","P200 - DBSP","1","1","","19.6256","r-ZTF","2024-06-03 11:25:42.003","Fritz","","","2024TNSTR1848....1S","2024TNSCR4140....1S","",""
"152344","SN 2024kbe","14:49:28.290","+32:23:00.13","SN II","0.0572","SDSS J144928.33+322300.3","","ALeRCE, ATLAS, Pan-STARRS, GOTO","ZTF, ATLAS, Pan-STARRS, GOTO","ZTF","ALeRCE, ATLAS, GOTO, Pan-STARRS","ZTF24aapexhw","ATLAS-HKO - ATLAS-02, ATLAS-MLO - ATLAS-01, GOTO-N - GOTO-1, P48 - ZTF-Cam, PS2 - GPC2","P200 - DBSP","1","1","","19.8403","g-ZTF","2024-05-30 07:26:28.000","ALeRCE","","","2024TNSTR1746....1F","2024TNSCR2455....1S","",""
"152327","SN 2024kan","22:49:07.019","+32:47:53.12","SN II","0.028","","","ZTF, ATLAS","ZTF, ATLAS","ZTF","ATLAS, ZTF","ZTF18abwisaz","ATLAS-HKO - ATLAS-02, P48 - ZTF-Cam","P200 - DBSP","1","1","","18.6851","r-ZTF","2024-06-01 09:43:12.864","ZTF_CLU_PUBLIC","","","2024TNSTR1756....1D","2024TNSCR2129....1Q","",""
"152247","SN 2024jxm","00:58:01.342","+30:42:23.65","SN II","0.015761","","","ZTF, ATLAS, GOTO, Pan-STARRS","ZTF, ATLAS, GOTO, Pan-STARRS","ZTF","ATLAS, GOTO, Pan-STARRS, ZTF","ZTF24aaplfjd","ATLAS-HKO - ATLAS-02, GOTO-N - GOTO-2, P48 - ZTF-Cam, PS2 - GPC2","P200 - DBSP","1","1","","19.5151","r-ZTF","2024-05-30 11:11:02.002","Fritz","","","2024TNSTR1734....1S","2024TNSCR2010....1Q","",""
"152099","SN 2024jrx","14:04:43.422","-09:42:52.65","SN II","0.0286","SDSS J140443.22-094249.1","","ALeRCE","ZTF","ZTF","ALeRCE","ZTF24aapdzay","P48 - ZTF-Cam","P200 - DBSP","1","1","","19.3244","g-ZTF","2024-05-27 06:00:47.002","ALeRCE","","","2024TNSTR1691....1M","2024TNSCR3551....1S","",""
"152087","SN 2024jrl","10:39:34.550","-00:15:07.20","SN II","0.0188","","","ATLAS, ZTF","ATLAS, ZTF","ZTF","ATLAS, ZTF","ATLAS24hup","ATLAS-MLO - ATLAS-01, ATLAS-STH - ATLAS-03, P48 - ZTF-Cam","P60 - SEDM","1","1","","18.824","orange-ATLAS","2024-05-28 05:56:45.600","ATLAS_Bot1","","","2024TNSTR1693....1T","2024TNSCR3711....1R","",""
"152075","SN 2024jqz","13:49:28.337","+71:30:59.71","SN II","0.0483","","","ZTF, ATLAS, GOTO","ZTF, ATLAS, GOTO","ZTF","ATLAS, GOTO, ZTF","ZTF24aapebzb","ATLAS-HKO - ATLAS-02, ATLAS-MLO - ATLAS-01, GOTO-N - GOTO-2, P48 - ZTF-Cam","P60 - SEDM","1","1","","19.064","g-ZTF","2024-05-29 05:46:39.002","Fritz","","","2024TNSTR1705....1S","2024TNSCR2146....1S","",""
"151916","SN 2024jky","14:41:39.805","+36:44:17.86","SN II","0.03","","","ZTF, ATLAS","ZTF, ATLAS","ZTF","ATLAS, ZTF","ZTF24aaovohi","ATLAS-HKO - ATLAS-02, P48 - ZTF-Cam","P200 - DBSP","1","1","","19.5282","g-ZTF","2024-05-22 07:23:43.995","Fritz","","","2024TNSTR1685....1Q","2024TNSCR3558....1Q","",""
"151862","SN 2024jjd","01:38:42.542","+31:06:32.05","SN II","0.04","","","ZTF, ATLAS, GOTO, Pan-STARRS","ZTF, ATLAS, GOTO, Pan-STARRS","ZTF","ATLAS, GOTO, Pan-STARRS, ZTF","ZTF24aaoupgb","ATLAS-HKO - ATLAS-02, ATLAS-MLO - ATLAS-01, GOTO-N - GOTO-1, GOTO-N - GOTO-2, P48 - ZTF-Cam, PS2 - GPC2","P60 - SEDM","1","1","","18.5149","r-ZTF","2024-05-26 11:30:44.999","Fritz","","","2024TNSTR1669....1S","2024TNSCR2023....1S","",""
"151861","SN 2024jjc","02:03:28.870","+38:07:09.16","SN II","0.01886","","","ZTF, GOTO, ATLAS, GaiaAlerts, Pan-STARRS","ZTF, GOTO, ATLAS, GaiaAlerts, Pan-STARRS","ZTF","ATLAS, GaiaAlerts, GOTO, Pan-STARRS, ZTF","ZTF24aaoupov","ATLAS-HKO - ATLAS-02, ATLAS-MLO - ATLAS-01, Gaia - Gaia-photometric, GOTO-N - GOTO-1, GOTO-N - GOTO-2, P48 - ZTF-Cam, PS1 - GPC1","LT - SPRAT","1","1","","17.1952","r-ZTF","2024-05-26 11:32:46.996","Fritz","","","2024TNSTR1669....1S","2024TNSCR2191....1W","",""
"151828","SN 2024jhv","16:57:47.978","+79:46:53.95","SN II","0.0496","WISEA J165747.59+794654.1","","ALeRCE, GOTO","ZTF, GOTO","ZTF","ALeRCE, GOTO","ZTF24aaotzpd","GOTO-N - GOTO-1, GOTO-N - GOTO-2, P48 - ZTF-Cam","LT - SPRAT","1","1","","18.696","r-ZTF","2024-05-26 08:44:09.004","ALeRCE","","","2024TNSTR1645....1F","2024TNSCR2220....1W","",""
"151765","SN 2024jfp","23:40:15.090","+04:20:33.14","SN II","0.01","","","ATLAS, GOTO, ALeRCE, GaiaAlerts, Pan-STARRS","ATLAS, GOTO, ZTF, GaiaAlerts, Pan-STARRS","ZTF","ALeRCE, ATLAS, GaiaAlerts, GOTO, Pan-STARRS","ATLAS24hpa","ATLAS-CHL - ATLAS-04, ATLAS-HKO - ATLAS-02, Gaia - Gaia-photometric, GOTO-N - GOTO-1, GOTO-S - GOTO-3, P48 - ZTF-Cam, PS2 - GPC2","P60 - SEDM","1","1","","17.336","orange-ATLAS","2024-05-22 14:05:51.360","ATLAS_Bot1","","","2024TNSTR1621....1T","2024TNSCR2069....1S","",""
"151757","SN 2024jfh","21:55:21.299","+09:21:59.92","SN II","0.0655","","","ZTF","ZTF","ZTF, ePESSTO+","ZTF","ZTF24aaooxcd","P48 - ZTF-Cam","ESO-NTT - EFOSC2-NTT, P200 - DBSP","1","1","","19.0588","g-ZTF","2024-05-20 10:23:08.001","Fritz","","","2024TNSTR1617....1H","2024TNSCR2410....1W, 2024TNSCR2404....1G","",""
"151647","SN 2024jbi","01:01:27.800","+22:49:07.90","SN II","0.0666","","","ZTF, ATLAS, GaiaAlerts","ZTF, ATLAS, GaiaAlerts","ZTF","ATLAS, GaiaAlerts, ZTF","ZTF24aagvvun","ATLAS-HKO - ATLAS-02, ATLAS-MLO - ATLAS-01, Gaia - Gaia-photometric, P48 - ZTF-Cam","Lick-3m - KAST","1","1","","17.9924","r-ZTF","2024-05-17 11:42:44.997","Fritz","","","2024TNSTR1574....1S","2024TNSCR2391....1W","",""
"151603","SN 2024izq","09:24:57.230","+40:23:58.19","SN II","0.0278040003","","","ZTF, Pan-STARRS","ZTF, Pan-STARRS","ZTF","Pan-STARRS, ZTF","ZTF24aamzqsv","P48 - ZTF-Cam, PS2 - GPC2","P200 - DBSP","1","1","","18.7551","g-ZTF","2024-05-17 05:45:27.360","ZTF_CLU_PUBLIC","","","2024TNSTR1563....1D","2024TNSCR3193....1Q","",""
"151520","SN 2024iwm","11:28:17.800","+26:58:26.33","SN II","0.0324","","","ZTF, ATLAS, GaiaAlerts","ZTF, ATLAS, GaiaAlerts","ZTF","ATLAS, GaiaAlerts, ZTF","ZTF18aaqpowv","ATLAS-HKO - ATLAS-02, ATLAS-MLO - ATLAS-01, Gaia - Gaia-photometric, P48 - ZTF-Cam","Lick-3m - KAST","1","1","","19.0342","r-ZTF","2024-05-15 05:16:11.003","Fritz","","","2024TNSTR1530....1S","2024TNSCR1852....1W","",""
"151474","SN 2024iut","00:55:32.360","+30:23:56.40","SN II","0.022265","","","ZTF, ATLAS, GaiaAlerts","ZTF, ATLAS, GaiaAlerts","ZTF","ATLAS, GaiaAlerts, ZTF","ZTF24aanngpp","ATLAS-HKO - ATLAS-02, ATLAS-MLO - ATLAS-01, Gaia - Gaia-photometric, P48 - ZTF-Cam","P60 - SEDM","1","1","","18.3388","r-ZTF","2024-05-13 11:49:17.996","Fritz","","","2024TNSTR1515....1S","2024TNSCR1811....1S","",""
"151401","SN 2024irz","14:42:10.955","+12:56:33.30","SN II","0.0281569995","","","ZTF, ATLAS, YSE","ZTF, ATLAS, Pan-STARRS","ZTF, YSE","ATLAS, Pan-STARRS, YSE, ZTF","ZTF24aanamle","ATLAS-CHL - ATLAS-04, ATLAS-HKO - ATLAS-02, P48 - ZTF-Cam, PS2 - GPC2","Gemini-S - GMOS-S, P200 - DBSP","1","1","","19.5369","r-ZTF","2024-05-11 06:09:26.999","Fritz","","","2024TNSTR1489....1S","2024TNSCR3585....1D, 2025TNSCR.171....1J","",""
"151210","SN 2024ikx","13:09:49.610","+11:24:39.89","SN II","0.025107","","","AMPEL, ATLAS, GOTO, Pan-STARRS, GaiaAlerts","ZTF, ATLAS, GOTO, Pan-STARRS, GaiaAlerts","ZTF","AMPEL, ATLAS, GaiaAlerts, GOTO, Pan-STARRS","ZTF24aampakt","ATLAS-CHL - ATLAS-04, ATLAS-HKO - ATLAS-02, Gaia - Gaia-photometric, GOTO-N - GOTO-1, GOTO-S - GOTO-4, P48 - ZTF-Cam, PS1 - GPC1","P200 - DBSP","1","1","","20.22","g-ZTF","2024-05-08 07:28:14.592","ZTF_AMPEL_NEW","","","2024TNSTR1437....1N","2024TNSCR1726....1D","",""
"150923","SN 2024iad","11:59:56.172","+22:11:28.15","SN II","0.022752","","","ZTF, GOTO, ATLAS","ZTF, GOTO, ATLAS","ZTF","ATLAS, GOTO, ZTF","ZTF24aalrjzr","ATLAS-HKO - ATLAS-02, ATLAS-MLO - ATLAS-01, GOTO-N - GOTO-1, P48 - ZTF-Cam","P200 - DBSP","1","1","","19.3835","g-ZTF","2024-05-04 07:11:00.384","ZTF_CLU_PUBLIC","","","2024TNSTR1388....1D","2024TNSCR3190....1D","",""
"150827","SN 2024hwq","09:54:13.770","+00:38:24.65","SN II","0.034","","","AMPEL, BlackGEM","ZTF, BlackGEM","ZTF","AMPEL, BlackGEM","ZTF24aakzvlb","ML1 - MeerLICHT-Cam, P48 - ZTF-Cam","P200 - DBSP","1","1","","19.52","r-ZTF","2024-05-03 04:06:34.272","ZTF_AMPEL_NEW","","","2024TNSTR1342....1N","2024TNSCR3190....1D","",""
"150621","SN 2024hpg","21:31:43.210","+00:21:43.65","SN II","0.029381","","","ZTF, GOTO, ATLAS, Pan-STARRS","ZTF, GOTO, ATLAS, Pan-STARRS","ZTF","ATLAS, GOTO, Pan-STARRS, ZTF","ZTF24aakzive","ATLAS-CHL - ATLAS-04, ATLAS-HKO - ATLAS-02, GOTO-N - GOTO-1, GOTO-S - GOTO-4, P48 - ZTF-Cam, PS2 - GPC2","P200 - DBSP","1","1","","19.3575","r-ZTF","2024-04-28 11:12:13.999","Fritz","","","2024TNSTR1305....1R","2024TNSCR1422....1D","",""
"150539","SN 2024hme","16:05:57.740","+27:11:21.22","SN II","0.0308030006","","","ZTF, Pan-STARRS, ATLAS, YSE","ZTF, Pan-STARRS, ATLAS","ZTF","ATLAS, Pan-STARRS, YSE, ZTF","ZTF24aalceob","ATLAS-HKO - ATLAS-02, ATLAS-MLO - ATLAS-01, P48 - ZTF-Cam, PS1 - GPC1, PS2 - GPC2","P200 - DBSP","1","1","","20.1372","g-ZTF","2024-04-29 07:24:47.232","ZTF_CLU_PUBLIC","","","2024TNSTR1264....1D","2024TNSCR3190....1D","",""
"150085","SN 2024gvy","21:19:22.500","-17:48:14.07","SN II","0.035","","","ATLAS, ALeRCE, Pan-STARRS","ATLAS, ZTF, Pan-STARRS","ZTF","ALeRCE, ATLAS, Pan-STARRS","ATLAS24gai","ATLAS-CHL - ATLAS-04, P48 - ZTF-Cam, PS2 - GPC2","P60 - SEDM","1","1","","18.03","orange-ATLAS","2024-04-18 08:52:16.896","ATLAS_Bot1","","","2024TNSTR1130....1T","2024TNSCR3283....1S","",""
"150061","SN 2024gvd","16:24:57.458","+53:32:33.85","SN II","0.067","","","ZTF, ATLAS, Pan-STARRS","ZTF, ATLAS, Pan-STARRS","ZTF","ATLAS, Pan-STARRS, ZTF","ZTF24aakghyl","ATLAS-HKO - ATLAS-02, P48 - ZTF-Cam, PS1 - GPC1","P200 - DBSP","1","1","","20.3631","g-ZTF","2024-04-16 11:15:24.001","Fritz","","","2024TNSTR1139....1W","2024TNSCR1785....1Q","",""
"149972","SN 2024grz","14:12:21.641","+08:30:19.24","SN II","0.02321","","","AMPEL, ATLAS, YSE, Pan-STARRS, GOTO","ZTF, ATLAS, Pan-STARRS, GOTO","ZTF","AMPEL, ATLAS, GOTO, Pan-STARRS, YSE","ZTF24aajzrsq","ATLAS-HKO - ATLAS-02, ATLAS-STH - ATLAS-03, GOTO-N - GOTO-1, GOTO-N - GOTO-2, P48 - ZTF-Cam, PS1 - GPC1, PS2 - GPC2","P200 - DBSP","1","1","","19.3","r-ZTF","2024-04-17 07:16:07.104","ZTF_AMPEL_NEW","","","2024TNSTR1091....1N","2024TNSCR1313....1R","",""
"149968","SN 2024grw","17:58:21.640","+09:40:53.44","SN II","0.0214","","","ATLAS, ZTF, GaiaAlerts","ATLAS, ZTF, GaiaAlerts","ZTF","ATLAS, GaiaAlerts, ZTF","ATLAS24fvu","ATLAS-HKO - ATLAS-02, ATLAS-STH - ATLAS-03, Gaia - Gaia-photometric, P48 - ZTF-Cam","P200 - DBSP","1","1","","18.365","orange-ATLAS","2024-04-17 03:08:27.168","ATLAS_Bot1","","","2024TNSTR1092....1T","2024TNSCR1411....1S","",""
"149477","SN 2024gah","16:12:31.758","+11:23:07.84","SN II","0.041003","","","ZTF","ZTF","ZTF","ZTF","ZTF24aaifkqk","P48 - ZTF-Cam","P200 - DBSP","1","1","","20.5901","g-ZTF","2024-04-04 10:03:06.912","ZTF_CLU_PUBLIC","","","2024TNSTR.979....1D","2024TNSCR3193....1Q","",""
"149226","SN 2024frf","17:47:44.660","+40:50:50.28","SN II","0.03","SDSS J174745.06+405052.0","","ALeRCE, ATLAS, GaiaAlerts, Pan-STARRS","ZTF, ATLAS, GaiaAlerts, Pan-STARRS","ZTF","ALeRCE, ATLAS, GaiaAlerts, Pan-STARRS","ZTF24aaijsxa","ATLAS-MLO - ATLAS-01, Gaia - Gaia-photometric, P48 - ZTF-Cam, PS2 - GPC2","P60 - SEDM","1","1","","19.7521","g-ZTF","2024-04-04 10:24:50.999","ALeRCE","","","2024TNSTR.921....1M","2024TNSCR1089....1S","",""
"149213","SN 2024fqs","23:02:27.811","+27:12:20.93","SN II","0.034","SDSS J230227.96+271224.2","","ALeRCE, Pan-STARRS","ZTF, Pan-STARRS","ZTF","ALeRCE, Pan-STARRS","ZTF24aaefwoh","P48 - ZTF-Cam, PS2 - GPC2","P200 - DBSP","1","1","","18.927","r-ZTF","2024-04-03 12:33:23.996","ALeRCE","","","2024TNSTR.921....1M","2024TNSCR1451....1Q","",""
"149168","SN 2024fpb","19:09:50.271","-17:55:43.47","SN II","0.022132","","","ZTF, BlackGEM","ZTF, BlackGEM","ZTF","BlackGEM, ZTF","ZTF24aaiahlv","BG2 - BlackGEM-Cam2, ML1 - MeerLICHT-Cam, P48 - ZTF-Cam","P200 - DBSP","1","1","","17.9","r-ZTF","2024-03-29 11:19:40.800","ZTF_Bot1","","","2024TNSTR.931....1F","2024TNSCR1105....1S","",""
"148819","SN 2024fdq","10:02:00.540","-08:09:45.64","SN II","0.0152409999","WISEA J100159.99-080944.5","","ALeRCE, Pan-STARRS, BlackGEM","ZTF, Pan-STARRS, BlackGEM","ZTF","ALeRCE, BlackGEM, Pan-STARRS","ZTF24aahzuph","ML1 - MeerLICHT-Cam, P48 - ZTF-Cam, PS1 - GPC1","P200 - DBSP","1","1","","18.7143","r-ZTF","2024-03-29 08:46:50.002","ALeRCE","","","2024TNSTR.857....1F","2024TNSCR3193....1Q","",""
"148814","SN 2024fdl","14:13:12.687","-06:29:28.63","SN II","0.04","","","ZTF, YSE, Pan-STARRS","ZTF, Pan-STARRS","ZTF","Pan-STARRS, YSE, ZTF","ZTF24aahnefg","P48 - ZTF-Cam, PS1 - GPC1, PS2 - GPC2","P60 - SEDM","1","1","","19","r-ZTF","2024-03-21 10:22:04.800","ZTF_Bot1","","","2024TNSTR.854....1F","2024TNSCR3283....1S","",""
"148776","SN 2024fca","22:25:39.819","+08:38:19.56","SN II","0.02","","","ZTF, ATLAS, GOTO, Pan-STARRS","ZTF, ATLAS, GOTO, Pan-STARRS","ZTF","ATLAS, GOTO, Pan-STARRS, ZTF","ZTF24aahxokj","ATLAS-HKO - ATLAS-02, ATLAS-MLO - ATLAS-01, GOTO-S - GOTO-3, GOTO-S - GOTO-4, P48 - ZTF-Cam, PS2 - GPC2","P60 - SEDM","1","1","","17.5","r-ZTF","2024-03-28 12:44:38.400","ZTF_Bot1","","","2024TNSTR.854....1F","2024TNSCR1532....1S","",""
"148738","SN 2024fas","10:51:55.377","+37:35:23.83","SN II","0.026033","","","ZTF, YSE, Pan-STARRS","ZTF, Pan-STARRS","ZTF","Pan-STARRS, YSE, ZTF","ZTF24aahwfsa","P48 - ZTF-Cam, PS1 - GPC1, PS2 - GPC2","Keck1 - LRIS","1","1","","19.5652","g-ZTF","2024-03-28 07:41:17.376","ZTF_CLU_PUBLIC","","","2024TNSTR.841....1D","2024TNSCR3554....1R","",""
"148723","SN 2024faf","11:28:57.346","+73:02:12.12","SN II","0.021198","","","ZTF","ZTF","ZTF","ZTF","ZTF24aahmgck","P48 - ZTF-Cam","P200 - DBSP","1","1","","19.6941","r-ZTF","2024-03-21 08:05:11.002","Fritz","","","2024TNSTR.840....1S","2024TNSCR3193....1Q","",""
"148721","SN 2024fad","11:07:12.810","+57:45:02.56","SN II","0.0328","","","AMPEL, ATLAS, GaiaAlerts, YSE","ZTF, ATLAS, GaiaAlerts, Pan-STARRS","ZTF","AMPEL, ATLAS, GaiaAlerts, Pan-STARRS, YSE","ZTF24aahwcei","ATLAS-HKO - ATLAS-02, ATLAS-MLO - ATLAS-01, Gaia - Gaia-photometric, P48 - ZTF-Cam, PS2 - GPC2","LT - SPRAT","1","1","","19.11","g-ZTF","2024-03-28 07:17:21.408","ZTF_AMPEL_NEW","","","2024TNSTR.833....1N","2024TNSCR1181....1W","",""
"148587","SN 2024evl","11:24:18.030","+00:38:38.99","SN II","0.026364","","","AMPEL, ATLAS, Pan-STARRS, WFST","ZTF, ATLAS, Pan-STARRS, WFST","ZTF","AMPEL, ATLAS, Pan-STARRS, WFST","ZTF24aahoxay","ATLAS-HKO - ATLAS-02, ATLAS-MLO - ATLAS-01, P48 - ZTF-Cam, PS1 - GPC1, WFST - WFST-WFC","P60 - SEDM","1","1","","18.95","r-ZTF","2024-03-22 06:02:47.616","ZTF_AMPEL_NEW","","","2024TNSTR.782....1N","2024TNSCR.886....1S","",""
"148540","SN 2024etu","12:09:47.719","+59:27:22.94","SN II","0.043443","","","ZTF, ATLAS","ZTF, ATLAS","ZTF","ATLAS, ZTF","ZTF24aahmyct","ATLAS-HKO - ATLAS-02, ATLAS-MLO - ATLAS-01, P48 - ZTF-Cam","P200 - DBSP","1","1","","19.7679","r-ZTF","2024-03-21 08:48:42.001","Fritz","","","2024TNSTR.773....1S","2024TNSCR1339....1D","",""
"148502","SN 2024esi","15:47:20.890","+10:46:57.42","SN II","0.0338","","","AMPEL, Pan-STARRS, BlackGEM","ZTF, Pan-STARRS, BlackGEM","ZTF","AMPEL, BlackGEM, Pan-STARRS","ZTF24aahestt","BG4 - BlackGEM-Cam4, ML1 - MeerLICHT-Cam, P48 - ZTF-Cam, PS1 - GPC1","Keck1 - LRIS","1","1","","19.66","g-ZTF","2024-03-20 11:04:50.880","ZTF_AMPEL_NEW","","","2024TNSTR.751....1N","2024TNSCR3586....1C","",""
"148493","SN 2024esa","11:08:19.268","+10:02:13.19","SN II","0.04085","","","ZTF, ATLAS, Pan-STARRS","ZTF, ATLAS, Pan-STARRS","ZTF","ATLAS, Pan-STARRS, ZTF","ZTF24aahhanf","ATLAS-HKO - ATLAS-02, ATLAS-STH - ATLAS-03, P48 - ZTF-Cam, PS2 - GPC2","P200 - DBSP","1","1","","18.4409","g-ZTF","2024-03-20 05:35:45.888","ZTF_CLU_PUBLIC","","","2024TNSTR.758....1D","2024TNSCR1313....1R","",""
"148462","SN 2024eqw","07:01:01.642","+51:15:58.82","SN II","0.020954","","","ZTF","ZTF","ZTF","ZTF","ZTF24aagwvgi","P48 - ZTF-Cam","Keck1 - LRIS","1","1","","19.53","g-ZTF","2024-03-10 03:41:45.600","ZTF_Bot1","","","2024TNSTR.745....1F","2024TNSCR3554....1R","",""
"148452","SN 2024eqm","10:24:04.030","+40:10:09.77","SN II","0.04","","","ZTF, ATLAS, YSE, GaiaAlerts, Pan-STARRS","ZTF, ATLAS, Pan-STARRS, GaiaAlerts","ZTF","ATLAS, GaiaAlerts, Pan-STARRS, YSE, ZTF","ZTF24aahgkxm","ATLAS-HKO - ATLAS-02, ATLAS-MLO - ATLAS-01, Gaia - Gaia-photometric, P48 - ZTF-Cam, PS1 - GPC1, PS2 - GPC2","P60 - SEDM","1","1","","19.46","r-ZTF","2024-03-19 05:42:43.200","ZTF_Bot1","","","2024TNSTR.745....1F","2024TNSCR1519....1S","",""
"148438","SN 2024epy","09:46:46.546","+13:31:53.43","SN II","0.024187","","","ZTF, ATLAS, Pan-STARRS","ZTF, ATLAS, Pan-STARRS","ZTF","ATLAS, Pan-STARRS, ZTF","ZTF24aahgmyj","ATLAS-CHL - ATLAS-04, ATLAS-HKO - ATLAS-02, P48 - ZTF-Cam, PS1 - GPC1","Keck1 - LRIS","1","1","","19.3069","r-ZTF","2024-03-19 05:27:45.002","ZTF_MMA_bot","","","2024TNSTR.746....1S","2024TNSCR3554....1R","",""
"148419","SN 2024epf","23:36:07.930","+44:23:13.13","SN II","0.015","","","GaiaAlerts, ALeRCE, GOTO, Pan-STARRS","GaiaAlerts, ZTF, GOTO, Pan-STARRS","ZTF","ALeRCE, GaiaAlerts, GOTO, Pan-STARRS","Gaia24baa","Gaia - Gaia-photometric, GOTO-N - GOTO-1, GOTO-N - GOTO-2, P48 - ZTF-Cam, PS1 - GPC1","P60 - SEDM","1","1","","18.88","G-Gaia","2024-03-16 05:09:36.000","Gaia_Bot1","","","2024TNSTR.727....1H","2024TNSCR1411....1S","",""
"148171","SN 2024egd","16:30:41.475","+44:30:40.06","SN II","0.0316749997","Z 224-62","0.03161","ALeRCE, ATLAS, Pan-STARRS","ZTF, ATLAS, Pan-STARRS","ZTF","ALeRCE, ATLAS, Pan-STARRS","ZTF24aagupsf","ATLAS-HKO - ATLAS-02, P48 - ZTF-Cam, PS1 - GPC1","NOT - ALFOSC","1","1","","18.4082","r-ZTF","2024-03-14 09:56:47.996","ALeRCE","","","2024TNSTR.687....1M","2024TNSCR.734....1S","",""
"148130","SN 2024ees","12:32:42.185","+14:32:27.37","SN II","0.0235","","","ZTF, ATLAS, BlackGEM, Pan-STARRS","ZTF, ATLAS, BlackGEM, Pan-STARRS","ZTF, ePESSTO+","ATLAS, BlackGEM, Pan-STARRS, ZTF","ZTF24aahalmb","ATLAS-MLO - ATLAS-01, ATLAS-STH - ATLAS-03, ML1 - MeerLICHT-Cam, P48 - ZTF-Cam, PS1 - GPC1","ESO-NTT - EFOSC2-NTT, LT - SPRAT","1","1","","18.4564","g-ZTF","2024-03-11 06:44:36.672","ZTF_CLU_PUBLIC","","","2024TNSTR.660....1D","2024TNSCR.904....1W, 2024TNSCR.896....1D","",""
"146741","SN 2024dit","05:19:17.349","+01:19:26.26","SN II","0.02671","","","ATLAS, ZTF, Pan-STARRS","ATLAS, ZTF, Pan-STARRS","ZTF","ATLAS, Pan-STARRS, ZTF","ATLAS24czx","ATLAS-CHL - ATLAS-04, ATLAS-HKO - ATLAS-02, P48 - ZTF-Cam, PS1 - GPC1","P200 - DBSP","1","1","","18.525","orange-ATLAS","2024-02-28 08:13:56.928","ATLAS_Bot1","","","2024TNSTR.545....1T","2024TNSCR1047....1S","",""
"146703","SN 2024dhi","11:13:08.674","+05:04:28.27","SN II","0.027054","","","ZTF, ATLAS, Pan-STARRS, WFST","ZTF, ATLAS, Pan-STARRS, WFST","ZTF","ATLAS, Pan-STARRS, WFST, ZTF","ZTF24aagiwoi","ATLAS-CHL - ATLAS-04, ATLAS-STH - ATLAS-03, P48 - ZTF-Cam, PS2 - GPC2, WFST - WFST-WFC","P200 - DBSP","1","1","","18.938","r-ZTF","2024-02-28 07:16:52.999","Fritz","","","2024TNSTR.552....1S","2024TNSCR1078....1Q","",""
"146697","SN 2024dhc","09:29:34.300","-11:01:56.24","SN II","0.0275","","","ATLAS, ZTF, GaiaAlerts, Pan-STARRS","ATLAS, ZTF, GaiaAlerts, Pan-STARRS","ZTF","ATLAS, GaiaAlerts, Pan-STARRS, ZTF","ATLAS24cww","ATLAS-CHL - ATLAS-04, ATLAS-STH - ATLAS-03, Gaia - Gaia-photometric, P48 - ZTF-Cam, PS1 - GPC1, PS2 - GPC2","LT - SPRAT","1","1","","17.887","orange-ATLAS","2024-02-26 04:47:26.304","ATLAS_Bot1","","","2024TNSTR.540....1T","2024TNSCR.904....1W","",""
"146668","SN 2024dga","14:59:35.960","+49:19:36.12","SN II","0.0267","","","ATLAS, Pan-STARRS, ZTF, ALeRCE, GaiaAlerts","ATLAS, Pan-STARRS, ZTF, GaiaAlerts","ZTF","ALeRCE, ATLAS, GaiaAlerts, Pan-STARRS, ZTF","ATLAS24cux","ATLAS-HKO - ATLAS-02, Gaia - Gaia-photometric, P48 - ZTF-Cam, PS2 - GPC2","NOT - ALFOSC","1","1","","18.241","orange-ATLAS","2024-02-23 11:56:32.640","ATLAS_Bot1","","","2024TNSTR.528....1T","2024TNSCR.780....1P","",""
"146591","SN 2024ddd","15:48:02.478","+25:14:59.25","SN II","0.0422249995","","","ATLAS, GOTO, ZTF, Pan-STARRS","ATLAS, GOTO, ZTF, Pan-STARRS","ZTF","ATLAS, GOTO, Pan-STARRS, ZTF","ATLAS24ctc","ATLAS-HKO - ATLAS-02, GOTO-N - GOTO-1, GOTO-N - GOTO-2, P48 - ZTF-Cam, PS1 - GPC1","Keck1 - LRIS","1","1","","18.456","orange-ATLAS","2024-02-21 12:59:19.680","ATLAS_Bot1","","","2024TNSTR.507....1T","2024TNSCR.937....1R","",""
"146507","SN 2024daa","14:25:57.210","-02:23:32.21","SN II","0.03121","","","Pan-STARRS, ZTF, ATLAS","Pan-STARRS, ZTF, ATLAS","ZTF","ATLAS, Pan-STARRS, ZTF","PS24axr","ATLAS-STH - ATLAS-03, P48 - ZTF-Cam, PS1 - GPC1","P200 - DBSP","1","1","","19.76","w-P1","2024-02-17 14:39:41.760","PS1_Bot1","","","2024TNSTR.489....1C","2024TNSCR3588....1Q","",""
"146490","SN 2024czj","13:09:05.130","+29:54:07.74","SN II","0.015","","","ATLAS, ZTF, GaiaAlerts","ATLAS, ZTF, GaiaAlerts","ZTF","ATLAS, GaiaAlerts, ZTF","ATLAS24cpo","ATLAS-HKO - ATLAS-02, Gaia - Gaia-photometric, P48 - ZTF-Cam","P60 - SEDM","1","1","","18.987","cyan-ATLAS","2024-02-17 13:33:16.992","ATLAS_Bot1","","","2024TNSTR.487....1T","2024TNSCR.663....1Q","",""
"146280","SN 2024cro","12:41:13.566","+20:40:12.00","SN II","0.022001","","","ZTF, Pan-STARRS, ATLAS","ZTF, Pan-STARRS, ATLAS","ZTF","ATLAS, Pan-STARRS, ZTF","ZTF24aaezido","ATLAS-HKO - ATLAS-02, P48 - ZTF-Cam, PS2 - GPC2","Keck1 - LRIS","1","1","","20.465","g-ZTF","2024-01-16 12:59:34.368","ZTF_CLU_PUBLIC","","","2024TNSTR.464....1D","2024TNSCR3553....1D","",""
"146050","SN 2024ciu","19:01:54.341","+28:20:06.29","SN II","0.01","LEDA 1832825","","ALeRCE, ATLAS","ZTF, ATLAS","ZTF","ALeRCE, ATLAS","ZTF24aaerzgo","ATLAS-MLO - ATLAS-01, P48 - ZTF-Cam","P60 - SEDM","1","1","","18.9851","g-ZTF","2024-02-12 12:46:07.003","ALeRCE","","","2024TNSTR.405....1F","2024TNSCR.856....1S","",""
"145982","SN 2024cgi","13:14:09.126","-05:35:43.48","SN II","0.074","LEDA 1042721","","ALeRCE, Pan-STARRS","ZTF, Pan-STARRS","ZTF","ALeRCE, Pan-STARRS","ZTF24aaekaaj","P48 - ZTF-Cam, PS1 - GPC1","Keck1 - LRIS","1","1","","19.6981","g-ZTF","2024-02-11 10:04:39.999","ALeRCE","","","2024TNSTR.393....1F","2024TNSCR3190....1D","",""
"145810","SN 2024cab","17:26:47.189","+38:03:01.47","SN II","0.041","","","ATLAS, ZTF","ATLAS, ZTF","ZTF","ATLAS, ZTF","ATLAS24boo","ATLAS-HKO - ATLAS-02, ATLAS-MLO - ATLAS-01, P48 - ZTF-Cam","P200 - DBSP","1","1","","18.598","orange-ATLAS","2024-01-31 14:50:15.936","ATLAS_Bot1","","","2024TNSTR.386....1T","2024TNSCR1078....1Q","",""
"145729","SN 2024bwy","17:29:47.530","+52:31:00.66","SN II","0.025","","","ATLAS, ZTF, GaiaAlerts","ATLAS, ZTF, GaiaAlerts","ZTF","ATLAS, GaiaAlerts, ZTF","ATLAS24bzy","ATLAS-HKO - ATLAS-02, Gaia - Gaia-photometric, P48 - ZTF-Cam","P60 - SEDM","1","1","","18.261","cyan-ATLAS","2024-02-07 15:20:57.120","ATLAS_Bot1","","","2024TNSTR.374....1T","2024TNSCR.846....1S","",""
"144963","SN 2024aul","10:21:53.237","+00:17:44.16","SN II","0.0215","SDSS J102153.20+001743.3","0.02148222","ALeRCE, ATLAS","ZTF, ATLAS","ZTF","ALeRCE, ATLAS","ZTF24aadkwni","ATLAS-CHL - ATLAS-04, ATLAS-HKO - ATLAS-02, P48 - ZTF-Cam","LT - SPRAT","1","1","","17.6095","g-ZTF","2024-01-26 10:10:51.001","ALeRCE","","","2024TNSTR.257....1M","2024TNSCR.543....1W","",""
"144765","SN 2024anc","10:58:15.981","+23:41:37.28","SN II","0.0212810002","","","ATLAS, Pan-STARRS, ZTF","ATLAS, Pan-STARRS, ZTF","ZTF","ATLAS, Pan-STARRS, ZTF","ATLAS24baz","ATLAS-MLO - ATLAS-01, P48 - ZTF-Cam, PS1 - GPC1","P60 - SEDM","1","1","","18.779","orange-ATLAS","2024-01-18 11:19:13.152","ATLAS_Bot1","","","2024TNSTR.203....1T","2024TNSCR.298....1S","",""
"144764","SN 2024anb","10:34:02.911","+16:21:48.46","SN II","0.0519","","","ZTF, Pan-STARRS, ATLAS","ZTF, Pan-STARRS, ATLAS","ZTF","ATLAS, Pan-STARRS, ZTF","ZTF24aacxzca","ATLAS-MLO - ATLAS-01, P48 - ZTF-Cam, PS2 - GPC2","Lick-3m - KAST","1","1","","20.15","r-ZTF","2024-01-17 10:04:48.000","ZTF_Bot1","","","2024TNSTR.207....1F","2024TNSCR.436....1W","",""
"144737","SN 2024amc","12:24:47.949","-00:59:23.35","SN II","0.03","","","ZTF, ATLAS, Pan-STARRS, BlackGEM","ZTF, ATLAS, Pan-STARRS, BlackGEM","ZTF","ATLAS, BlackGEM, Pan-STARRS, ZTF","ZTF24aadecbb","ATLAS-CHL - ATLAS-04, ATLAS-MLO - ATLAS-01, BG4 - BlackGEM-Cam4, ML1 - MeerLICHT-Cam, P48 - ZTF-Cam, PS1 - GPC1","P60 - SEDM","1","1","","20.06","r-ZTF","2024-01-16 11:39:50.400","ZTF_Bot1","","","2024TNSTR.197....1F","2024TNSCR3154....1S","",""
"144730","SN 2024alv","12:35:30.400","-02:19:24.81","SN II","0.023917","","","ZTF, Pan-STARRS","ZTF, Pan-STARRS","ZTF","Pan-STARRS, ZTF","ZTF24aadefcx","P48 - ZTF-Cam, PS2 - GPC2","Keck1 - LRIS","1","1","","19.9874","r-ZTF","2024-01-16 11:41:23.997","Fritz","","","2024TNSTR.198....1S","2024TNSCR3553....1D","",""
"144358","SN 2024yr","15:59:35.130","-13:09:12.53","SN II","0.02","","","ATLAS, GaiaAlerts, ZTF, Pan-STARRS, BlackGEM","ATLAS, GaiaAlerts, ZTF, Pan-STARRS, BlackGEM","ZTF","ATLAS, BlackGEM, GaiaAlerts, Pan-STARRS, ZTF","ATLAS24ask","ATLAS-CHL - ATLAS-04, ATLAS-MLO - ATLAS-01, BG4 - BlackGEM-Cam4, Gaia - Gaia-photometric, ML1 - MeerLICHT-Cam, P48 - ZTF-Cam, PS2 - GPC2","P60 - SEDM","1","1","","17.818","orange-ATLAS","2024-01-13 15:20:00.960","ATLAS_Bot1","","","2024TNSTR.132....1T","2024TNSCR.452....1S","",""
"144310","SN 2024xh","13:41:33.315","+15:42:47.01","SN II","0.06","","","ATLAS, ZTF, Pan-STARRS","ATLAS, ZTF, Pan-STARRS","ZTF","ATLAS, Pan-STARRS, ZTF","ATLAS24aqx","ATLAS-MLO - ATLAS-01, P48 - ZTF-Cam, PS2 - GPC2","Lick-3m - KAST","1","1","","19.038","orange-ATLAS","2024-01-11 14:58:05.088","ATLAS_Bot1","","","2024TNSTR.122....1T","2024TNSCR.436....1W","",""
"144290","SN 2024wp","11:24:39.244","+14:56:52.95","SN II","0.013864","UGC 6424","0.0139","SNHunt, ATLAS, ZTF, Pan-STARRS, BlackGEM","CRTS, ATLAS, ZTF, Pan-STARRS, BlackGEM","ZTF","ATLAS, BlackGEM, Pan-STARRS, SNHunt, ZTF","","ATLAS-MLO - ATLAS-01, ML1 - MeerLICHT-Cam, Other - Other, P48 - ZTF-Cam, PS2 - GPC2","P60 - SEDM","1","1","","18.9","V-crts-CRTS","2024-01-11 10:34:21.000","Andrew Drake","","","2024TNSTR.125....1M","2024TNSCR.191....1S","",""
"144067","SN 2024ov","11:50:28.791","-18:34:42.83","SN II","0.0228","ESO 572-5","0.023307","ALeRCE, ATLAS, Pan-STARRS, BlackGEM","ZTF, ATLAS, Pan-STARRS, BlackGEM","ZTF","ALeRCE, ATLAS, BlackGEM, Pan-STARRS","ZTF24aaasazz","ATLAS-CHL - ATLAS-04, ATLAS-STH - ATLAS-03, BG2 - BlackGEM-Cam2, ML1 - MeerLICHT-Cam, P48 - ZTF-Cam, PS2 - GPC2","P200 - DBSP","1","1","","20.091","g-ZTF","2024-01-06 13:27:31.003","ALeRCE","","","2024TNSTR..50....1F","2024TNSCR3553....1D","",""
"144020","SN 2024nj","08:06:43.069","+73:35:22.17","SN II","0.025","","","ZTF, ALeRCE, ATLAS","ZTF, ATLAS","ZTF","ALeRCE, ATLAS, ZTF","ZTF24aaaieeg","ATLAS-HKO - ATLAS-02, ATLAS-MLO - ATLAS-01, P48 - ZTF-Cam","P60 - SEDM","1","1","","18.97","r-ZTF","2024-01-06 07:35:02.400","ZTF_Bot1","","","2024TNSTR..57....1F","2024TNSCR.919....1S","",""
"143942","SN 2024ks","03:51:58.300","+27:20:35.77","SN II","0.02","","","ALeRCE, ATLAS, GaiaAlerts","ZTF, ATLAS, GaiaAlerts","ZTF","ALeRCE, ATLAS, GaiaAlerts","ZTF24aaaefgv","ATLAS-HKO - ATLAS-02, ATLAS-MLO - ATLAS-01, Gaia - Gaia-photometric, P48 - ZTF-Cam","P60 - SEDM","1","1","","19.1107","r-ZTF","2024-01-05 03:13:16.003","ALeRCE","","","2024TNSTR..49....1M","2024TNSCR3154....1S","",""
"143597","SN 2024V","11:52:01.487","+57:41:37.27","SN II","0.030779","","","Pan-STARRS, ALeRCE","Pan-STARRS, ZTF","ZTF","ALeRCE, Pan-STARRS","PS24j","P48 - ZTF-Cam, PS1 - GPC1","Keck1 - LRIS","1","1","","20.07","i-P1","2024-01-01 14:18:55.872","PS1_Bot1","","","2024TNSTR..10....1C","2024TNSCR3553....1D","",""
"143384","SN 2023acbs","02:44:05.109","+16:40:08.93","SN II","0.0393","","","ZTF, ATLAS, Pan-STARRS","ZTF, ATLAS, Pan-STARRS","ZTF","ATLAS, Pan-STARRS, ZTF","ZTF23abvnmam","ATLAS-HKO - ATLAS-02, P48 - ZTF-Cam, PS1 - GPC1","Lick-3m - KAST","1","1","","18.37","g-ZTF","2023-12-27 05:29:45.600","ZTF_Bot1","","","2023TNSTR3383....1F","2024TNSCR.436....1W","",""
"142970","SN 2023ablu","11:21:12.980","+49:19:08.26","SN II","0.128","","","Pan-STARRS, ATLAS, GaiaAlerts, ZTF","Pan-STARRS, ATLAS, GaiaAlerts, ZTF","ZTF","ATLAS, GaiaAlerts, Pan-STARRS, ZTF","PS23mvx","ATLAS-HKO - ATLAS-02, ATLAS-MLO - ATLAS-01, Gaia - Gaia-photometric, P48 - ZTF-Cam, PS1 - GPC1","P60 - SEDM","1","1","","19.24","i-P1","2023-12-25 14:34:46.272","PS1_Bot1","","","2023TNSTR3362....1C","2024TNSCR.101....1S","",""
"142884","SN 2023abim","11:49:12.680","+43:07:28.88","SN II","0.01","","","ATLAS, ALeRCE, Pan-STARRS, GaiaAlerts","ATLAS, ZTF, Pan-STARRS, GaiaAlerts","ZTF","ALeRCE, ATLAS, GaiaAlerts, Pan-STARRS","ATLAS23xvy","ATLAS-HKO - ATLAS-02, Gaia - Gaia-photometric, P48 - ZTF-Cam, PS1 - GPC1","P60 - SEDM","1","1","","17.72","orange-ATLAS","2023-12-25 13:03:44.928","ATLAS_Bot1","","","2023TNSTR3360....1T","2024TNSCR..26....1S","",""
"142758","SN 2023abdq","22:43:19.190","+34:00:16.96","SN II","0.0224","","","GaiaAlerts, ATLAS, ZTF","GaiaAlerts, ATLAS, ZTF","ZTF","ATLAS, GaiaAlerts, ZTF","Gaia23dsy","ATLAS-HKO - ATLAS-02, ATLAS-MLO - ATLAS-01, Gaia - Gaia-photometric, P48 - ZTF-Cam","P60 - SEDM","1","1","","18.69","G-Gaia","2023-12-22 17:52:48.000","Gaia_Bot1","","","2023TNSTR3352....1H","2024TNSCR..25....1S","",""
"141959","SN 2023zzk","03:38:52.780","+40:59:19.02","SN II","0.020127","","","ZTF, ATLAS","ZTF, ATLAS","ZTF","ATLAS, ZTF","ZTF23abtycgb","ATLAS-MLO - ATLAS-01, P48 - ZTF-Cam","P60 - SEDM","1","1","","19.16","g-ZTF","2023-12-14 03:57:36.000","ZTF_Bot1","","","2023TNSTR3245....1F","2024TNSCR..25....1S","",""
"141541","SN 2023zjt","23:03:51.270","+03:20:23.42","SN II","0.02","","","ZTF, ATLAS, GOTO, GaiaAlerts","ZTF, ATLAS, GOTO, GaiaAlerts","ZTF","ATLAS, GaiaAlerts, GOTO, ZTF","ZTF23absliqb","ATLAS-CHL - ATLAS-04, ATLAS-HKO - ATLAS-02, Gaia - Gaia-photometric, GOTO-S - GOTO-3, GOTO-S - GOTO-4, P48 - ZTF-Cam","P60 - SEDM","1","1","","18.73","g-ZTF","2023-12-10 03:07:12.000","ZTF_Bot1","","","2023TNSTR3189....1F","2024TNSCR..26....1S","",""
"141297","SN 2023zap","00:30:38.731","+12:40:54.05","SN II","0.031","","","ZTF","ZTF","ZTF","ZTF","ZTF23abrysyj","P48 - ZTF-Cam","Keck1 - LRIS","1","1","","19.5149","r-ZTF","2023-12-06 03:34:39.648","ZTF_CLU_PUBLIC","","","2023TNSTR3159....1D","2024TNSCR3553....1D","",""
"141252","SN 2023yyx","01:52:48.370","-22:44:34.91","SN II","0.031","","","ZTF, GaiaAlerts, Pan-STARRS, ATLAS","ZTF, GaiaAlerts, Pan-STARRS, ATLAS","ZTF","ATLAS, GaiaAlerts, Pan-STARRS, ZTF","ZTF23abrzxeb","ATLAS-CHL - ATLAS-04, ATLAS-STH - ATLAS-03, Gaia - Gaia-photometric, P48 - ZTF-Cam, PS2 - GPC2","P200 - DBSP","1","1","","18.87","g-ZTF","2023-12-06 05:05:16.800","ZTF_Bot1","","","2023TNSTR3143....1F","2024TNSCR.178....1D","",""
"141177","SN 2023ywa","00:54:43.675","+39:45:31.82","SN II","0.01","","","ATLAS, Pan-STARRS, ZTF","ATLAS, Pan-STARRS, ZTF","ZTF","ATLAS, Pan-STARRS","ATLAS23wqs","ATLAS-CHL - ATLAS-04, ATLAS-HKO - ATLAS-02, P48 - ZTF-Cam, PS1 - GPC1","NOT - ALFOSC","1","1","","18.829","orange-ATLAS","2023-12-03 09:17:24.576","ATLAS_Bot1","","","2023TNSTR3131....1T","2024TNSCR..84....1S, 2024TNSCR..83....1S","",""
"141094","SN 2023ysv","04:03:27.546","+27:21:30.53","SN II","0.01","","","ATLAS, GOTO, ZTF, Pan-STARRS","ATLAS, GOTO, ZTF, Pan-STARRS","ZTF","ATLAS, GOTO, Pan-STARRS, ZTF","ATLAS23wmw","ATLAS-CHL - ATLAS-04, ATLAS-HKO - ATLAS-02, GOTO-N - GOTO-2, P48 - ZTF-Cam, PS2 - GPC2","P60 - SEDM","1","1","","18.484","orange-ATLAS","2023-12-03 10:23:11.328","ATLAS_Bot1","","","2023TNSTR3125....1T","2023TNSCR3171....1S","",""
"140951","SN 2023yni","13:13:49.550","+06:57:39.49","SN II","0.02394","","","GaiaAlerts, ZTF, Pan-STARRS","GaiaAlerts, ZTF, Pan-STARRS","ZTF","GaiaAlerts, Pan-STARRS, ZTF","Gaia23djf","Gaia - Gaia-photometric, P48 - ZTF-Cam, PS2 - GPC2","P60 - SEDM","1","1","","18.09","G-Gaia","2023-11-24 14:02:24.000","Gaia_Bot1","","","2023TNSTR3077....1H","2023TNSCR3251....1S","",""
"140946","SN 2023ynd","11:36:44.925","-27:32:52.34","SN II","0.028","","","ATLAS, ZTF","ATLAS, ZTF","ZTF","ATLAS, ZTF","ATLAS23vwy","ATLAS-CHL - ATLAS-04, ATLAS-STH - ATLAS-03, P48 - ZTF-Cam","Keck1 - LRIS","1","1","","18.686","orange-ATLAS","2023-11-17 07:58:48.864","ATLAS_Bot1","","","2023TNSTR3076....1T","2024TNSCR3553....1D","",""
"140468","SN 2023xvo","11:20:24.288","+28:17:55.32","SN II","0.03285","","","ZTF, ATLAS, Pan-STARRS","ZTF, ATLAS, Pan-STARRS","ZTF","ATLAS, Pan-STARRS, ZTF","ZTF23abqwald","ATLAS-HKO - ATLAS-02, ATLAS-MLO - ATLAS-01, P48 - ZTF-Cam, PS2 - GPC2","P200 - DBSP","1","1","","19.3039","r-ZTF","2023-11-13 12:45:18.144","ZTF_CLU_PUBLIC","","","2023TNSTR2967....1D","2024TNSCR3553....1D","",""
"140408","SN 2023xth","06:44:45.142","+31:03:40.02","SN II","0.017","","","ZTF, ATLAS","ZTF, ATLAS","ZTF, ePESSTO+","ATLAS, ZTF","ZTF23abqkppm","ATLAS-HKO - ATLAS-02, ATLAS-MLO - ATLAS-01, P48 - ZTF-Cam","ESO-NTT - EFOSC2-NTT, P60 - SEDM","1","1","","20.71","r-ZTF","2023-11-06 11:36:57.600","ZTF_Bot1","","","2023TNSTR2959....1F","2023TNSCR3398....1S, 2023TNSCR3397....1B, 2024TNSCR..25....1S","",""
"140184","SN 2023xkv","13:19:54.360","+31:14:06.97","SN II","0.0189","","","ZTF, GaiaAlerts, ATLAS, Pan-STARRS","ZTF, GaiaAlerts, ATLAS, Pan-STARRS","ZTF","ATLAS, GaiaAlerts, Pan-STARRS, ZTF","ZTF23abpnqng","ATLAS-HKO - ATLAS-02, Gaia - Gaia-photometric, P48 - ZTF-Cam, PS2 - GPC2","P200 - DBSP","1","1","","18.1261","r-ZTF","2023-11-08 12:47:59.712","ZTF_CLU_PUBLIC","","","2023TNSTR2906....1D","2023TNSCR3203....1D","",""
"140126","SN 2023xip","08:04:42.961","+08:42:56.12","SN II","0.03","","","ZTF, Pan-STARRS","ZTF, Pan-STARRS","ZTF","Pan-STARRS, ZTF","ZTF23abpydvb","P48 - ZTF-Cam, PS2 - GPC2","P60 - SEDM","1","1","","18.67","g-ZTF","2023-11-10 09:37:26.400","ZTF_Bot1","","","2023TNSTR2905....1F","2023TNSCR3171....1S","",""
"139919","SN 2023xbb","20:33:06.425","-02:02:17.37","SN II","0.019","NGC 6926","0.02","SNHunt, ATLAS","CRTS, ATLAS","ZTF","ATLAS, SNHunt","","ATLAS-MLO - ATLAS-01, ATLAS-STH - ATLAS-03, Other - Other","Keck1 - LRIS","1","1","","19.3","V-crts-CRTS","2023-11-08 01:52:06.000","Andrew Drake","","","2023TNSTR2879....1M","2024TNSCR3553....1D","",""
"139738","SN 2023wui","09:12:34.348","-07:19:30.31","SN II","0.029","","","ZTF, Pan-STARRS","ZTF, Pan-STARRS","ZTF","Pan-STARRS, ZTF","ZTF23abmrwhw","P48 - ZTF-Cam, PS2 - GPC2","P200 - DBSP","1","1","","20.1279","r-ZTF","2023-10-19 11:34:21.216","ZTF_CLU_PUBLIC","","","2023TNSTR2867....1D","2024TNSCR3553....1D","",""
"139736","SN 2023wug","12:33:29.379","+26:44:23.58","SN II","0.021902","","","ZTF","ZTF","ZTF","ZTF","ZTF23abnkibu","P48 - ZTF-Cam","P200 - DBSP","1","1","","18.6532","r-ZTF","2023-10-25 13:03:45.792","ZTF_CLU_PUBLIC","","","2023TNSTR2867....1D","2024TNSCR3553....1D","",""
"139717","SN 2023wtp","04:57:01.377","+00:04:26.56","SN II","0.05","","","ZTF, Pan-STARRS, ATLAS","ZTF, Pan-STARRS, ATLAS","ZTF","ATLAS, Pan-STARRS, ZTF","ZTF23abokzba","ATLAS-CHL - ATLAS-04, ATLAS-STH - ATLAS-03, P48 - ZTF-Cam, PS1 - GPC1","P60 - SEDM","1","1","","19.53","g-ZTF","2023-11-03 08:09:36.000","ZTF_Bot1","","","2023TNSTR2866....1F","2023TNSCR2907....1F, 2026TNSCR.368....1S","",""
"139618","SN 2023wpw","20:52:10.204","-13:08:34.31","SN II","0.032796","LEDA  942276","0.0328","ALeRCE, Pan-STARRS","ZTF, Pan-STARRS","ZTF","ALeRCE, Pan-STARRS","ZTF23abookzh","P48 - ZTF-Cam, PS1 - GPC1","P200 - DBSP","1","1","","19.9793","r-ZTF","2023-11-04 02:37:16.003","ALeRCE","","","2023TNSTR2831....1F","2023TNSCR2982....1Q","",""
"139041","SN 2023vuj","10:41:07.164","-13:12:10.97","SN II","0.016","LEDA  170085","0.016002","ALeRCE, ATLAS, Pan-STARRS","ZTF, ATLAS, Pan-STARRS","ZTF","ALeRCE, ATLAS, Pan-STARRS","ZTF23abnjxml","ATLAS-CHL - ATLAS-04, P48 - ZTF-Cam, PS2 - GPC2","P60 - SEDM","1","1","","17.5972","r-ZTF","2023-10-25 12:31:35.003","ALeRCE","","","2023TNSTR2717....1M","2023TNSCR2979....1S","",""
"138994","SN 2023vsr","12:25:00.210","+28:33:19.04","SN II","0.030153","SDSS J122500.44+283330.9","0.03015276","ALeRCE, ATLAS, GaiaAlerts, Pan-STARRS","ZTF, ATLAS, GaiaAlerts, Pan-STARRS","ZTF","ALeRCE, ATLAS, GaiaAlerts, Pan-STARRS","ZTF23abncsdu","ATLAS-HKO - ATLAS-02, Gaia - Gaia-photometric, P48 - ZTF-Cam, PS2 - GPC2","P60 - SEDM","1","1","","17.6478","r-ZTF","2023-10-24 12:57:05.000","ALeRCE","","","2023TNSTR2703....1M","2023TNSCR2997....1S","",""
"138793","SN 2023vkz","08:28:36.174","+57:12:31.86","SN II","0.035","","","ATLAS, ZTF, Pan-STARRS","ATLAS, ZTF, Pan-STARRS","ZTF","ATLAS, Pan-STARRS, ZTF","ATLAS23ulf","ATLAS-HKO - ATLAS-02, P48 - ZTF-Cam, PS1 - GPC1","P200 - DBSP","1","1","","18.953","cyan-ATLAS","2023-10-19 12:45:07.776","ATLAS_Bot1","","","2023TNSTR2654....1T","2023TNSCR2998....1D","",""
"138764","SN 2023vjw","11:06:43.413","+53:13:30.96","SN II","0.026","","","ATLAS, YSE, ZTF, GOTO, MASTER, Pan-STARRS","ATLAS, Pan-STARRS, ZTF, GOTO, MASTER","ZTF","ATLAS, GOTO, MASTER, Pan-STARRS, YSE, ZTF","ATLAS23ukq","ATLAS-HKO - ATLAS-02, GOTO-N - GOTO-2, Other - Other, P48 - ZTF-Cam, PS1 - GPC1, PS2 - GPC2","P60 - SEDM","1","1","","18.876","cyan-ATLAS","2023-10-19 14:49:52.608","ATLAS_Bot1","","","2023TNSTR2654....1T","2023TNSCR2997....1S","",""
"138690","SN 2023vhb","12:19:13.180","+22:25:42.42","SN II","0.0222890005","UGC  7357","0.0223","ALeRCE, ATLAS, GaiaAlerts","ZTF, ATLAS, GaiaAlerts","ZTF","ALeRCE, ATLAS, GaiaAlerts","ZTF23aazprcc","ATLAS-HKO - ATLAS-02, Gaia - Gaia-photometric, P48 - ZTF-Cam","P60 - SEDM","1","1","","18.1309","r-ZTF","2023-10-18 12:46:00.998","ALeRCE","","","2023TNSTR2636....1M","2023TNSCR2996....1J","",""
"138624","SN 2023veo","09:11:18.950","-01:32:51.25","SN II","0.04","","","GaiaAlerts, ZTF, Pan-STARRS","GaiaAlerts, ZTF, Pan-STARRS","ZTF","GaiaAlerts, Pan-STARRS, ZTF","Gaia23cww","Gaia - Gaia-photometric, P48 - ZTF-Cam, PS1 - GPC1","P60 - SEDM","1","1","","18.6","G-Gaia","2023-10-14 03:34:33.600","Gaia_Bot1","","","2023TNSTR2625....1H","2023TNSCR3010....1S","",""
"138596","SN 2023vdm","19:06:04.253","+40:52:59.21","SN II","0.054171","UGC 11403","0.055721","ALeRCE, ATLAS, Fink","ZTF, ATLAS","ZTF","ALeRCE, ATLAS, Fink","ZTF23abkixfb","ATLAS-HKO - ATLAS-02, P48 - ZTF-Cam","P60 - SEDM","1","1","","19.6207","g-ZTF","2023-10-16 02:59:33.000","ALeRCE","","","2023TNSTR2606....1M","2023TNSCR3010....1S","",""
"138558","SN 2023vcc","19:19:35.845","+57:44:12.76","SN II","0.05","","","ATLAS, Fink","ATLAS, ZTF","ZTF","ATLAS, Fink","ATLAS23ugd","ATLAS-HKO - ATLAS-02, P48 - ZTF-Cam","P200 - DBSP","1","1","","18.703","cyan-ATLAS","2023-10-15 06:17:26.304","ATLAS_Bot1","","","2023TNSTR2607....1T","2023TNSCR2934....1D","",""
"138541","SN 2023vbl","06:42:49.480","+41:44:38.33","SN II","0.0315","WISEA J064249.33+414440.7","","ALeRCE, ATLAS, Fink, GaiaAlerts","ZTF, ATLAS, GaiaAlerts","ZTF","ALeRCE, ATLAS, Fink, GaiaAlerts","ZTF23abkdzxh","ATLAS-HKO - ATLAS-02, Gaia - Gaia-photometric, P48 - ZTF-Cam","LT - SPRAT","1","1","","18.883","r-ZTF","2023-10-15 09:18:16.001","ALeRCE","","","2023TNSTR2596....1F","2023TNSCR2857....1W","",""
"138428","SN 2023uxf","10:44:39.221","+26:10:48.39","SN II","0.020854","","","ATLAS, Pan-STARRS","ATLAS, Pan-STARRS","ZTF","ATLAS, Pan-STARRS","ATLAS23uep","ATLAS-HKO - ATLAS-02, PS1 - GPC1","P200 - DBSP","1","1","","18.679","cyan-ATLAS","2023-10-14 14:40:17.184","ATLAS_Bot1","","","2023TNSTR2587....1T","2024TNSCR3553....1D","",""
"138130","SN 2023uvb","09:53:58.550","-06:26:10.82","SN II","0.015","WISEA J095358.67-062604.9","","ALeRCE, Pan-STARRS, GaiaAlerts, ATLAS, BlackGEM","ZTF, Pan-STARRS, GaiaAlerts, ATLAS, BlackGEM","ZTF","ALeRCE, ATLAS, BlackGEM, GaiaAlerts, Pan-STARRS","ZTF23abjstcg","ATLAS-CHL - ATLAS-04, BG4 - BlackGEM-Cam4, Gaia - Gaia-photometric, ML1 - MeerLICHT-Cam, P48 - ZTF-Cam, PS1 - GPC1","P60 - SEDM","1","1","","18.788","r-ZTF","2023-10-13 12:20:16.002","ALeRCE","","","2023TNSTR2574....1F","2023TNSCR3149....1S","",""
"137974","SN 2023ush","19:18:25.393","+34:49:20.91","SN II","0.041","","","ZTF, ATLAS, Fink","ZTF, ATLAS","ZTF","ATLAS, Fink, ZTF","ZTF23abjehlx","ATLAS-HKO - ATLAS-02, P48 - ZTF-Cam","P200 - DBSP","1","1","","19.894","r-ZTF","2023-10-09 05:12:07.200","ZTF_CLU_PUBLIC","","","2023TNSTR2568....1D","2023TNSCR2982....1Q","",""
"137748","SN 2023ujp","15:57:33.001","+20:02:54.22","SN II","0.0327240005","","","ATLAS, ALeRCE, Pan-STARRS","ATLAS, ZTF, Pan-STARRS","ZTF","ALeRCE, ATLAS, Pan-STARRS","ATLAS23tuh","ATLAS-HKO - ATLAS-02, P48 - ZTF-Cam, PS1 - GPC1","P200 - DBSP","1","1","","18.791","cyan-ATLAS","2023-10-08 05:07:07.392","ATLAS_Bot1","","","2023TNSTR2525....1T","2024TNSCR..27....1D","",""
"137671","SN 2023ugq","03:54:38.970","+01:38:47.71","SN II","0.04","","","Pan-STARRS, ATLAS, GOTO, ZTF","Pan-STARRS, ATLAS, GOTO, ZTF","ZTF","ATLAS, GOTO, Pan-STARRS, ZTF","PS23jba","ATLAS-CHL - ATLAS-04, GOTO-N - GOTO-1, P48 - ZTF-Cam, PS1 - GPC1","P60 - SEDM","1","1","","19.59","w-P1","2023-10-06 11:57:19.296","PS1_Bot1","","","2023TNSTR2518....1C","2024TNSCR..25....1S","",""
"137578","SN 2023udb","04:25:05.785","-10:18:52.04","SN II","0.0326590016","","","ZTF, Pan-STARRS, ATLAS","ZTF, Pan-STARRS, ATLAS","ZTF","ATLAS, Pan-STARRS, ZTF","ZTF23abhyroo","ATLAS-CHL - ATLAS-04, P48 - ZTF-Cam, PS2 - GPC2","Keck1 - LRIS","1","1","","19.2678","g-ZTF","2023-10-04 10:10:16.320","ZTF_CLU_PUBLIC","","","2023TNSTR2492....1D","2023TNSCR2815....1D","",""
"137574","SN 2023ucx","03:59:54.897","+32:36:41.14","SN II","0.017692","","","ZTF, Pan-STARRS","ZTF, Pan-STARRS","ZTF","Pan-STARRS, ZTF","ZTF23abhruov","P48 - ZTF-Cam, PS2 - GPC2","Keck1 - LRIS","1","1","","19.682","r-ZTF","2023-09-30 10:11:03.840","ZTF_CLU_PUBLIC","","","2023TNSTR2492....1D","2024TNSCR3553....1D","",""
"137250","SN 2023tro","07:42:45.503","+47:24:44.46","SN II","0.03186","SDSS J074246.01+472455.3","","ALeRCE","ZTF","ZTF","ALeRCE","ZTF23abhbzbo","P48 - ZTF-Cam","Keck1 - LRIS","1","1","","20.2002","r-ZTF","2023-09-26 11:47:20.000","ALeRCE","","","2023TNSTR2389....1M","2024TNSCR3554....1R","",""
"137123","SN 2023tmr","09:53:55.960","+23:23:03.41","SN II","0.01319","NVSS J095356+232301","0.01319","ALeRCE, GaiaAlerts, ATLAS, Pan-STARRS","ZTF, GaiaAlerts, ATLAS, Pan-STARRS","ZTF","ALeRCE, ATLAS, GaiaAlerts, Pan-STARRS","ZTF23abgnvsh","ATLAS-HKO - ATLAS-02, Gaia - Gaia-photometric, P48 - ZTF-Cam, PS2 - GPC2","P60 - SEDM","1","1","","17.0131","r-ZTF","2023-09-24 12:28:37.001","ALeRCE","","","2023TNSTR2365....1F","2023TNSCR2648....1S","",""
"136653","SN 2023sux","09:45:18.670","+30:49:42.06","SN II","0.03","","","ZTF, GaiaAlerts, ATLAS, Pan-STARRS","ZTF, GaiaAlerts, ATLAS, Pan-STARRS","ZTF","ATLAS, GaiaAlerts, Pan-STARRS, ZTF","ZTF23abefecu","ATLAS-HKO - ATLAS-02, Gaia - Gaia-photometric, P48 - ZTF-Cam, PS2 - GPC2","P60 - SEDM","1","1","","18.22","r-ZTF","2023-09-16 12:21:36.000","ZTF_Bot1","","","2023TNSTR2296....1F","2023TNSCR2647....1J","",""
"136560","SN 2023srj","08:38:50.572","+01:24:21.46","SN II","0.029043","","","ZTF","ZTF","ZTF","ZTF","ZTF23abdubpv","P48 - ZTF-Cam","P200 - DBSP","1","1","","19.02","r-ZTF","2023-09-15 12:21:36.000","ZTF_Bot1","","","2023TNSTR2289....1F","2023TNSCR2998....1D","",""
"136535","SN 2023sqk","08:16:04.370","+58:04:15.64","SN II","0.0246","","","GaiaAlerts, Pan-STARRS","GaiaAlerts, Pan-STARRS","ZTF","GaiaAlerts, Pan-STARRS","Gaia23cja","Gaia - Gaia-photometric, PS1 - GPC1","P200 - DBSP","1","1","","18.62","G-Gaia","2023-09-11 22:27:50.400","Gaia_Bot1","","","2023TNSTR2275....1H","2024TNSCR3553....1D","",""
"136242","SN 2023sfd","11:07:37.310","+67:34:24.82","SN II","0.02","","","GaiaAlerts, ZTF","GaiaAlerts, ZTF","ZTF","GaiaAlerts, ZTF","Gaia23chp","Gaia - Gaia-photometric, P48 - ZTF-Cam","P60 - SEDM","1","1","","18.98","G-Gaia","2023-09-07 10:06:14.400","Gaia_Bot1","","","2023TNSTR2248....1H","2023TNSCR2972....1S","",""
"136128","SN 2023sau","05:03:18.865","-01:37:59.59","SN II","0.016","","","ZTF","ZTF","ZTF","ZTF","ZTF23abccimv","P48 - ZTF-Cam","P60 - SEDM","1","1","","18.2","r-ZTF","2023-09-09 10:37:55.200","ZTF_Bot1","","","2023TNSTR2231....1F","2023TNSCR2510....1S","",""
"136105","SN 2023rzx","01:30:04.564","+29:46:42.97","SN II","0.041529","","","ATLAS, ZTF, Pan-STARRS","ATLAS, ZTF, Pan-STARRS","ZTF","ATLAS, Pan-STARRS, ZTF","ATLAS23sgj","ATLAS-HKO - ATLAS-02, P48 - ZTF-Cam, PS1 - GPC1","P60 - SEDM","1","1","","19.328","cyan-ATLAS","2023-09-10 11:51:36.288","ATLAS_Bot1","","","2023TNSTR2220....1T","2023TNSCR2429....1J","",""
"135992","SN 2023rvo","08:49:16.360","+36:07:14.88","SN II","0.025215","","","ZTF, GaiaAlerts, ATLAS, Pan-STARRS","ZTF, GaiaAlerts, ATLAS, Pan-STARRS","ZTF","ATLAS, GaiaAlerts, Pan-STARRS, ZTF","ZTF23abbtkrv","ATLAS-HKO - ATLAS-02, Gaia - Gaia-photometric, P48 - ZTF-Cam, PS2 - GPC2","P200 - DBSP","1","1","","18.86","r-ZTF","2023-09-08 12:27:21.600","ZTF_Bot1","","","2023TNSTR2219....1F","2023TNSCR2649....1D","",""
"135942","SN 2023rtq","04:51:46.611","+38:56:10.09","SN II","0.013","2MASX J04514426+3856227","","ALeRCE, ATLAS","ZTF, ATLAS","ZTF","ALeRCE, ATLAS","ZTF23abbsxzs","ATLAS-HKO - ATLAS-02, P48 - ZTF-Cam","Keck1 - LRIS","1","1","","19.2902","r-ZTF","2023-09-08 11:48:19.996","ALeRCE","","","2023TNSTR2203....1M","2024TNSCR3553....1D","",""
"135842","SN 2023rpu","09:23:47.490","+42:11:12.01","SN II","0.0138290003","SDSS J092347.75+421100.4","0.0138455","ALeRCE, GaiaAlerts, ATLAS","ZTF, GaiaAlerts, ATLAS","ZTF","ALeRCE, ATLAS, GaiaAlerts","ZTF23aaomzth","ATLAS-HKO - ATLAS-02, Gaia - Gaia-photometric, P48 - ZTF-Cam","P60 - SEDM","1","1","","18.014","r-ZTF","2023-09-07 12:14:57.998","ALeRCE","","","2023TNSTR2186....1M","2024TNSCR3190....1D","",""
"135832","SN 2023rpk","05:11:05.185","-07:15:09.49","SN II","0.035","","","ZTF, ATLAS, Pan-STARRS","ZTF, ATLAS, Pan-STARRS","ZTF","ATLAS, Pan-STARRS, ZTF","ZTF23abaeenk","ATLAS-CHL - ATLAS-04, P48 - ZTF-Cam, PS2 - GPC2","P60 - SEDM","1","1","","18.84","r-ZTF","2023-09-04 11:31:12.000","ZTF_Bot1","","","2023TNSTR2198....1F","2023TNSCR2814....1S","",""
"135788","SN 2023rns","15:03:27.742","+80:12:59.20","SN II","0.035011","","","ZTF, ATLAS","ZTF, ATLAS","ZTF","ATLAS, ZTF","ZTF23abbfonh","ATLAS-HKO - ATLAS-02, P48 - ZTF-Cam","P60 - SEDM","1","1","","18.38","g-ZTF","2023-09-07 03:51:50.400","ZTF_Bot1","","","2023TNSTR2198....1F","2023TNSCR2430....1S","",""
"135724","SN 2023rli","02:36:03.556","+19:26:47.68","SN II","0.0279","","","ZTF, ATLAS, Fink, Pan-STARRS","ZTF, ATLAS, Pan-STARRS","ZTF","ATLAS, Fink, Pan-STARRS, ZTF","ZTF23abbcycg","ATLAS-CHL - ATLAS-04, ATLAS-HKO - ATLAS-02, P48 - ZTF-Cam, PS1 - GPC1","P200 - DBSP","1","1","","18.39","g-ZTF","2023-09-06 09:00:00.000","ZTF_Bot1","","","2023TNSTR2183....1F","2023TNSCR2646....1P","",""
"135714","SN 2023rky","00:47:53.060","+19:35:37.10","SN II","0.015197","","","ZTF, ATLAS, Pan-STARRS, GaiaAlerts","ZTF, ATLAS, Pan-STARRS, GaiaAlerts","ZTF","ATLAS, GaiaAlerts, Pan-STARRS, ZTF","ZTF23abbccir","ATLAS-CHL - ATLAS-04, ATLAS-HKO - ATLAS-02, Gaia - Gaia-photometric, P48 - ZTF-Cam, PS1 - GPC1","P60 - SEDM","1","1","","18.66","g-ZTF","2023-09-06 08:03:50.400","ZTF_Bot1","","","2023TNSTR2183....1F","2023TNSCR2201....1S","",""
"135405","SN 2023qzh","04:58:06.284","+35:33:51.41","SN II","0.0209480003","","","ZTF","ZTF","ZTF","ZTF","ZTF23abaibbk","P48 - ZTF-Cam","Keck1 - LRIS","1","1","","20.4202","r-ZTF","2023-08-26 11:22:41.376","ZTF_CLU_PUBLIC","","","2023TNSTR2113....1D","2024TNSCR3553....1D","",""
"135074","SN 2023qoz","08:05:04.670","+29:43:24.67","SN II","0.021527","","","ZTF, ATLAS, GaiaAlerts, Pan-STARRS","ZTF, ATLAS, GaiaAlerts, Pan-STARRS","ZTF","ATLAS, GaiaAlerts, Pan-STARRS, ZTF","ZTF23aazltms","ATLAS-CHL - ATLAS-04, ATLAS-HKO - ATLAS-02, Gaia - Gaia-photometric, P48 - ZTF-Cam, PS2 - GPC2","P60 - SEDM","1","1","","18.18","r-ZTF","2023-08-22 12:00:00.000","ZTF_Bot1","","","2023TNSTR2053....1F","2023TNSCR2257....1S","",""
"134766","SN 2023qec","22:31:11.091","+18:33:32.41","SN II","0.02079","","","YSE, ZTF, ATLAS, Pan-STARRS","Pan-STARRS, ZTF, ATLAS","ZTF","ATLAS, Pan-STARRS, YSE, ZTF","PS23gvs","ATLAS-HKO - ATLAS-02, P48 - ZTF-Cam, PS2 - GPC2","P60 - SEDM","1","1","","19.97","g-P1","2023-08-21 08:52:28.128","YSE_Bot1","","","2023TNSTR2031....1J","2023TNSCR2120....1S","",""
"134239","SN 2023plh","03:24:03.683","+34:36:10.21","SN II","0.035","WISEA J032403.43+343609.0","","ALeRCE, ATLAS, Fink, Pan-STARRS","ZTF, ATLAS, Pan-STARRS","ZTF","ALeRCE, ATLAS, Fink, Pan-STARRS","ZTF23aaxtmrr","ATLAS-HKO - ATLAS-02, P48 - ZTF-Cam, PS2 - GPC2","P60 - SEDM","1","1","","19.4289","r-ZTF","2023-08-14 10:07:47.004","ALeRCE","","","2023TNSTR1949....1M","2023TNSCR2099....1S","",""
"134141","SN 2023phn","00:40:29.153","-10:18:18.92","SN II","0.0270319991","SDSS J004029.06-101819.7","0.02701749","ALeRCE, ATLAS, Pan-STARRS","ZTF, ATLAS, Pan-STARRS","ZTF","ALeRCE, ATLAS, Pan-STARRS","ZTF23aaxtplp","ATLAS-CHL - ATLAS-04, ATLAS-STH - ATLAS-03, P48 - ZTF-Cam, PS1 - GPC1","P200 - DBSP","1","1","","19.964","g-ZTF","2023-08-14 10:35:40.001","ALeRCE","","","2023TNSTR1948....1M","2023TNSCR2512....1F","",""
"134103","SN 2023pgb","07:08:18.139","+50:41:36.30","SN II","0.01996","","","ZTF, ATLAS, Pan-STARRS","ZTF, ATLAS, Pan-STARRS","ZTF","ATLAS, Pan-STARRS, ZTF","ZTF23aaxdfya","ATLAS-HKO - ATLAS-02, P48 - ZTF-Cam, PS2 - GPC2","P60 - SEDM","1","1","","17.44","r-ZTF","2023-08-12 11:54:14.400","ZTF_Bot1","","","2023TNSTR1957....1F","2023TNSCR2280....1S","",""
"134100","SN 2023pfz","02:25:05.897","+22:13:22.43","SN II","0.03376","","","ZTF, Pan-STARRS, GOTO, ATLAS","ZTF, Pan-STARRS, GOTO, ATLAS","ZTF","ATLAS, GOTO, Pan-STARRS, ZTF","ZTF23aaxchnm","ATLAS-CHL - ATLAS-04, ATLAS-HKO - ATLAS-02, GOTO-N - GOTO-2, P48 - ZTF-Cam, PS2 - GPC2","P200 - DBSP","1","1","","20.401","g-ZTF","2023-08-12 10:07:06.240","ZTF_CLU_PUBLIC","","","2023TNSTR1958....1D","2023TNSCR2816....1F","",""
"134023","SN 2023pdb","07:05:53.640","+54:24:40.57","SN II","0.04106","WISEA J070554.39+542439.9","","ALeRCE, Pan-STARRS, ATLAS","ZTF, Pan-STARRS, ATLAS","ZTF","ALeRCE, ATLAS, Pan-STARRS","ZTF23aaxcriv","ATLAS-HKO - ATLAS-02, P48 - ZTF-Cam, PS2 - GPC2","P60 - SEDM","1","1","","18.2565","r-ZTF","2023-08-12 11:33:13.003","ALeRCE","","","2023TNSTR1930....1F","2023TNSCR2280....1S","",""
"134020","SN 2023pcy","02:56:58.780","-01:18:29.02","SN II","0.0379730016","","","ATLAS, ZTF, Pan-STARRS, GaiaAlerts","ATLAS, ZTF, Pan-STARRS, GaiaAlerts","ZTF","ATLAS, GaiaAlerts, Pan-STARRS, ZTF","ATLAS23quh","ATLAS-CHL - ATLAS-04, ATLAS-STH - ATLAS-03, Gaia - Gaia-photometric, P48 - ZTF-Cam, PS1 - GPC1","P60 - SEDM","1","1","","18.967","cyan-ATLAS","2023-08-12 09:15:50.400","ATLAS_Bot1","","","2023TNSTR1932....1T","2023TNSCR2315....1S","",""
"133969","SN 2023paz","21:13:31.801","-20:58:08.76","SN II","0.0328","","","ZTF, ATLAS, Pan-STARRS, BlackGEM","ZTF, ATLAS, Pan-STARRS, BlackGEM","ZTF","ATLAS, BlackGEM, Pan-STARRS, ZTF","ZTF23aawyiyk","ATLAS-CHL - ATLAS-04, ML1 - MeerLICHT-Cam, P48 - ZTF-Cam, PS1 - GPC1","P200 - DBSP","1","1","","19.36","r-ZTF","2023-08-12 08:02:24.000","ZTF_Bot1","","","2023TNSTR1936....1F","2023TNSCR2646....1P","",""
"133887","SN 2023oxw","02:52:46.250","-20:51:32.62","SN II","0.025","","","ATLAS, ZTF, Pan-STARRS, GaiaAlerts","ATLAS, ZTF, Pan-STARRS, GaiaAlerts","ZTF","ATLAS, GaiaAlerts, Pan-STARRS, ZTF","ATLAS23qot","ATLAS-CHL - ATLAS-04, ATLAS-STH - ATLAS-03, Gaia - Gaia-photometric, P48 - ZTF-Cam, PS2 - GPC2","P60 - SEDM","1","1","","18.565","orange-ATLAS","2023-08-10 07:57:02.592","ATLAS_Bot1","","","2023TNSTR1913....1T","2023TNSCR2316....1S","",""
"133763","SN 2023ote","23:44:54.952","+12:21:21.44","SN II","0.02","","","ZTF, ATLAS","ZTF, ATLAS","ZTF","ATLAS, ZTF","ZTF23aawkjdx","ATLAS-CHL - ATLAS-04, P48 - ZTF-Cam","P60 - SEDM","1","1","","18.34","r-ZTF","2023-08-07 09:36:00.000","ZTF_Bot1","","","2023TNSTR1885....1F","2023TNSCR2018....1S","",""
"133695","SN 2023oqo","13:58:57.660","+61:40:52.93","SN II","0.02992","SDSS J135857.97+614050.5","0.02991954","ALeRCE, ATLAS, GaiaAlerts","ZTF, ATLAS, GaiaAlerts","ZTF","ALeRCE, ATLAS, GaiaAlerts","ZTF23aawcxun","ATLAS-HKO - ATLAS-02, Gaia - Gaia-photometric, P48 - ZTF-Cam","P200 - DBSP","1","1","","18.582","g-ZTF","2023-08-06 04:43:27.002","ALeRCE","","","2023TNSTR1869....1F","2023TNSCR2270....1D","",""
"133664","SN 2023opj","04:21:07.864","+66:04:27.27","SN II","0.0275","","","ZTF","ZTF","ZTF","ZTF","ZTF23aateobf","P48 - ZTF-Cam","P200 - DBSP","1","1","","20.01","r-ZTF","2023-08-03 11:13:55.200","ZTF_Bot1","","","2023TNSTR1876....1F","2024TNSCR3553....1D","",""
"133555","SN 2023olf","03:43:46.270","+72:58:25.61","SN II","0.02","WISEA J034346.49+725825.6","","ALeRCE, ATLAS, GaiaAlerts","ZTF, ATLAS, GaiaAlerts","ZTF","ALeRCE, ATLAS, GaiaAlerts","ZTF23aavvdix","ATLAS-HKO - ATLAS-02, Gaia - Gaia-photometric, P48 - ZTF-Cam","P60 - SEDM","1","1","","18.4009","g-ZTF","2023-08-03 10:53:37.997","ALeRCE","","","2023TNSTR1841....1M","2023TNSCR2099....1S","",""
"133482","SN 2023oiz","04:40:05.520","+17:18:28.62","SN II","0.01","","","ATLAS, ALeRCE, Pan-STARRS, GaiaAlerts, GOTO","ATLAS, ZTF, Pan-STARRS, GaiaAlerts, GOTO","ZTF","ALeRCE, ATLAS, GaiaAlerts, GOTO, Pan-STARRS","ATLAS23qaz","ATLAS-HKO - ATLAS-02, Gaia - Gaia-photometric, GOTO-N - GOTO-1, GOTO-N - GOTO-2, P48 - ZTF-Cam, PS1 - GPC1","P60 - SEDM","1","1","","17.987","orange-ATLAS","2023-08-01 14:00:15.264","ATLAS_Bot1","","","2023TNSTR1830....1T","2023TNSCR2018....1S","",""
"133323","SN 2023odm","02:49:50.810","+02:05:35.59","SN II","0.035","SDSS J024951.10+020545.0","","ALeRCE, ATLAS, GaiaAlerts, Pan-STARRS","ZTF, ATLAS, GaiaAlerts, Pan-STARRS","ZTF","ALeRCE, ATLAS, GaiaAlerts, Pan-STARRS","ZTF23aavecfo","ATLAS-STH - ATLAS-03, Gaia - Gaia-photometric, P48 - ZTF-Cam, PS2 - GPC2","P60 - SEDM","1","1","","20.2288","g-ZTF","2023-07-28 10:22:33.001","ALeRCE","","","2023TNSTR1794....1M","2023TNSCR2099....1S","",""
"133193","SN 2023nym","00:05:13.918","-11:30:08.76","SN II","0.022556","IC 1529","","ALeRCE, Pan-STARRS","ZTF, Pan-STARRS","ZTF","ALeRCE, Pan-STARRS","ZTF23aaaweph","P48 - ZTF-Cam, PS1 - GPC1","P60 - SEDM","1","1","","18.9309","r-ZTF","2023-07-25 10:34:55.004","ALeRCE","","","2023TNSTR1761....1M","2023TNSCR2269....1S","",""
"133192","SN 2023nyl","05:14:14.803","-02:51:13.19","SN II","0.03","","","ATLAS, ZTF, Pan-STARRS","ATLAS, ZTF, Pan-STARRS","ZTF","ATLAS, Pan-STARRS, ZTF","ATLAS23poc","ATLAS-CHL - ATLAS-04, P48 - ZTF-Cam, PS2 - GPC2","P60 - SEDM","1","1","","18.099","orange-ATLAS","2023-07-25 09:42:15.840","ATLAS_Bot1","","","2023TNSTR1763....1T","2023TNSCR2166....1S","",""
"132861","SN 2023nly","02:04:31.698","+01:35:05.40","SN II","0.08","","","ATLAS, ZTF, Pan-STARRS","ATLAS, ZTF, Pan-STARRS","ZTF","ATLAS, Pan-STARRS, ZTF","ATLAS23pdo","ATLAS-CHL - ATLAS-04, ATLAS-STH - ATLAS-03, P48 - ZTF-Cam, PS2 - GPC2","P60 - SEDM","1","1","","19.605","cyan-ATLAS","2023-07-18 03:09:06.912","ATLAS_Bot1","","","2023TNSTR1708....1T","2023TNSCR2814....1S","",""
"132851","SN 2023nlo","15:04:13.705","+16:45:27.64","SN II","0.043","SDSS J150413.76+164526.1","","ALeRCE, ATLAS","ZTF, ATLAS","ZTF","ALeRCE, ATLAS","ZTF23aasocjj","ATLAS-CHL - ATLAS-04, ATLAS-HKO - ATLAS-02, P48 - ZTF-Cam","P60 - SEDM","1","1","","19.2011","r-ZTF","2023-07-18 05:24:27.000","ALeRCE","","","2023TNSTR1700....1M","2023TNSCR1965....1J","",""
"132790","SN 2023njg","02:25:44.333","+24:50:05.25","SN II","0.03456","","","ATLAS, Pan-STARRS, ZTF","ATLAS, Pan-STARRS, ZTF","ZTF","ATLAS, Pan-STARRS, ZTF","ATLAS23oyv","ATLAS-HKO - ATLAS-02, P48 - ZTF-Cam, PS2 - GPC2","P60 - SEDM","1","1","","18.772","cyan-ATLAS","2023-07-16 14:25:33.312","ATLAS_Bot1","","","2023TNSTR1693....1T","2023TNSCR2099....1S","",""
"132682","SN 2023nfg","03:20:42.980","-01:06:33.48","SN II","0.020908","","","ATLAS, ZTF, GaiaAlerts","ATLAS, ZTF, GaiaAlerts","ZTF","ATLAS, GaiaAlerts, ZTF","ATLAS23orz","ATLAS-CHL - ATLAS-04, ATLAS-STH - ATLAS-03, Gaia - Gaia-photometric, P48 - ZTF-Cam","P200 - DBSP","1","1","","18.342","orange-ATLAS","2023-07-15 08:01:40.800","ATLAS_Bot1","","","2023TNSTR1678....1T","2023TNSCR2100....1D","",""
"132506","SN 2023myo","01:10:02.424","+32:54:45.12","SN II","0.035407","","","ZTF, ATLAS, Pan-STARRS","ZTF, ATLAS, Pan-STARRS","ZTF","ATLAS, Pan-STARRS, ZTF","ZTF23aarktow","ATLAS-HKO - ATLAS-02, P48 - ZTF-Cam, PS1 - GPC1","P60 - SEDM","1","1","","19.99","r-ZTF","2023-07-12 10:24:57.600","ZTF_Bot1","","","2023TNSTR1659....1F","2023TNSCR2018....1S","",""
"132379","SN 2023mtr","14:30:20.231","+08:13:04.02","SN II","0.053228","","","ATLAS, ZTF","ATLAS, ZTF","ZTF","ATLAS, ZTF","ATLAS23nvd","ATLAS-CHL - ATLAS-04, ATLAS-STH - ATLAS-03, P48 - ZTF-Cam","P200 - DBSP","1","1","","18.664","cyan-ATLAS","2023-07-11 17:59:52.224","ATLAS_Bot1","","","2023TNSTR1627....1T","2023TNSCR2100....1D","",""
"132323","SN 2023mrn","19:32:16.958","-06:04:20.97","SN II","0.0321","","","ZTF","ZTF","ZTF","ZTF","ZTF23aaqocso","P48 - ZTF-Cam","Keck1 - LRIS","1","1","","20.7171","g-ZTF","2023-07-09 08:32:02.976","ZTF_CLU_PUBLIC","","","2023TNSTR1619....1D","2024TNSCR3553....1D","",""
"132279","SN 2023mpz","20:20:49.950","+09:29:57.84","SN II","0.005","GALEXASC J202049.64+092955.3","","ALeRCE, ATLAS, GaiaAlerts","ZTF, ATLAS, GaiaAlerts","ZTF","ALeRCE, ATLAS, GaiaAlerts","ZTF23aaquhaz","ATLAS-CHL - ATLAS-04, ATLAS-STH - ATLAS-03, Gaia - Gaia-photometric, P48 - ZTF-Cam","P60 - SEDM","1","1","","17.5569","g-ZTF","2023-07-09 09:03:49.997","ALeRCE","","","2023TNSTR1612....1F","2023TNSCR1722....1S","",""
"132263","SN 2023mpj","14:34:24.786","+02:53:04.80","SN II","0.0298","","","ZTF, ATLAS, YSE, Pan-STARRS","ZTF, ATLAS, Pan-STARRS","ZTF","ATLAS, Pan-STARRS, YSE, ZTF","ZTF23aaqtckr","ATLAS-CHL - ATLAS-04, ATLAS-STH - ATLAS-03, P48 - ZTF-Cam, PS1 - GPC1","P200 - DBSP","1","1","","20.43","g-ZTF","2023-06-25 06:36:00.000","ZTF_Bot1","","","2023TNSTR1607....1F","2024TNSCR3553....1D","",""
"132262","SN 2023mpi","18:10:48.218","+61:32:38.13","SN II","0.1","","","ZTF, ATLAS","ZTF, ATLAS","ZTF","ATLAS, ZTF","ZTF23aaqmxxo","ATLAS-HKO - ATLAS-02, P48 - ZTF-Cam","Lick-3m - KAST","1","1","","19.84","g-ZTF","2023-07-03 10:43:40.800","ZTF_Bot1","","","2023TNSTR1607....1F","2023TNSCR2036....1W, 2023TNSCR2067....1W","",""
"132199","SN 2023mmy","11:52:02.859","+38:01:22.93","SN II","0.035","","","ATLAS, ZTF, Pan-STARRS","ATLAS, ZTF, Pan-STARRS","ZTF","ATLAS, Pan-STARRS, ZTF","ATLAS23nqd","ATLAS-HKO - ATLAS-02, P48 - ZTF-Cam, PS2 - GPC2","P60 - SEDM","1","1","","18.828","cyan-ATLAS","2023-07-08 06:32:32.640","ATLAS_Bot1","","","2023TNSTR1595....1T","2024TNSCR3584....1S","",""
"132173","SN 2023mly","02:03:09.044","+35:00:32.19","SN II","0.045","","","ATLAS, ALeRCE, Pan-STARRS","ATLAS, ZTF, Pan-STARRS","ZTF","ALeRCE, ATLAS, Pan-STARRS","ATLAS23npi","ATLAS-HKO - ATLAS-02, P48 - ZTF-Cam, PS2 - GPC2","P60 - SEDM","1","1","","18.45","orange-ATLAS","2023-07-08 14:21:52.992","ATLAS_Bot1","","","2023TNSTR1595....1T","2023TNSCR1835....1S","",""
"132164","SN 2023mlq","17:46:19.516","+10:06:21.83","SN II","0.04","","","ZTF, ATLAS, Pan-STARRS","ZTF, ATLAS, Pan-STARRS","ZTF","ATLAS, Pan-STARRS, ZTF","ZTF23aaqniyk","ATLAS-CHL - ATLAS-04, ATLAS-STH - ATLAS-03, P48 - ZTF-Cam, PS1 - GPC1","P60 - SEDM","1","1","","19.41","g-ZTF","2023-07-02 05:11:02.400","ZTF_Bot1","","","2023TNSTR1600....1F","2023TNSCR2018....1S","",""
"131996","SN 2023mfq","02:45:38.721","-15:00:43.46","SN II","0.025","","","ATLAS, ALeRCE, Pan-STARRS","ATLAS, ZTF, Pan-STARRS","ZTF","ALeRCE, ATLAS, Pan-STARRS","ATLAS23ndd","ATLAS-CHL - ATLAS-04, P48 - ZTF-Cam, PS1 - GPC1","P60 - SEDM","1","1","","18.449","orange-ATLAS","2023-07-01 09:42:08.928","ATLAS_Bot1","","","2023TNSTR1544....1T","2023TNSCR2099....1S","",""
"131988","SN 2023mfi","03:37:21.827","+87:21:07.33","SN II","0.0153","","","ATLAS, ALeRCE","ATLAS, ZTF","ZTF","ALeRCE, ATLAS","ATLAS23mtj","ATLAS-HKO - ATLAS-02, P48 - ZTF-Cam","P200 - DBSP","1","1","","17.746","cyan-ATLAS","2023-06-19 07:32:20.832","ATLAS_Bot1","","","2023TNSTR1544....1T","2023TNSCR2099....1S","",""
"131979","SN 2023mez","02:04:44.503","+08:32:45.31","SN II","0.0117","","","Pan-STARRS, ALeRCE","Pan-STARRS, ZTF","ZTF","ALeRCE, Pan-STARRS","PS23fcx","P48 - ZTF-Cam, PS2 - GPC2","P200 - DBSP","1","1","","20.14","w-P1","2023-06-30 13:52:05.376","PS1_Bot1","","","2023TNSTR1545....1C","2024TNSCR3553....1D","",""
"131902","SN 2023mca","18:09:58.477","+68:49:19.05","SN II","0.01","","","ZTF, Pan-STARRS","ZTF, Pan-STARRS","ZTF","Pan-STARRS, ZTF","ZTF23aapvuyy","P48 - ZTF-Cam, PS2 - GPC2","P60 - SEDM","1","1","","17.78","g-ZTF","2023-06-27 10:16:19.200","ZTF_Bot1","","","2023TNSTR1529....1F","2023TNSCR1663....1S","",""
"131838","SN 2023lzr","01:51:07.835","+25:44:19.05","SN II","0.04","","","ATLAS, ALeRCE, Pan-STARRS","ATLAS, ZTF, Pan-STARRS","ZTF","ALeRCE, ATLAS, Pan-STARRS","ATLAS23mzr","ATLAS-HKO - ATLAS-02, P48 - ZTF-Cam, PS1 - GPC1","P60 - SEDM","1","1","","18.329","cyan-ATLAS","2023-06-28 14:16:28.992","ATLAS_Bot1","","","2023TNSTR1514....1T","2023TNSCR1835....1S","",""
"131834","SN 2023lzn","00:55:07.587","+31:32:47.72","SN II","0.018","","","ATLAS, ALeRCE, Pan-STARRS","ATLAS, ZTF, Pan-STARRS","ZTF","ALeRCE, ATLAS, Pan-STARRS","ATLAS23mzk","ATLAS-HKO - ATLAS-02, P48 - ZTF-Cam, PS1 - GPC1","P60 - SEDM","1","1","","18.554","cyan-ATLAS","2023-06-28 13:28:01.632","ATLAS_Bot1","","","2023TNSTR1514....1T","2023TNSCR1623....1S","",""
"131792","SN 2023lxz","12:42:33.760","+51:12:17.12","SN II","0.03018","","","ZTF, ATLAS","ZTF, ATLAS","ZTF","ATLAS, ZTF","ZTF23aapufht","ATLAS-HKO - ATLAS-02, P48 - ZTF-Cam","P60 - SEDM","1","1","","18.95","r-ZTF","2023-06-27 06:30:14.400","ZTF_Bot1","","","2023TNSTR1506....1F","2023TNSCR1593....1S","",""
"131165","SN 2023lad","03:19:31.159","+40:44:29.90","SN II","0.020237","","","ZTF, ATLAS, YSE, Pan-STARRS","ZTF, ATLAS, Pan-STARRS","ZTF","ATLAS, Pan-STARRS, YSE, ZTF","ZTF23aaoihto","ATLAS-HKO - ATLAS-02, P48 - ZTF-Cam, PS1 - GPC1","P60 - SEDM","1","1","","17.07","r-ZTF","2023-06-16 11:21:07.200","ZTF_Bot1","","","2023TNSTR1416....1F","2023TNSCR1675....1S","",""
"131162","SN 2023laa","01:54:31.877","+17:40:37.95","SN II","0.0229829997","UGC 01372","","ALeRCE, ATLAS, Pan-STARRS","ZTF, ATLAS, Pan-STARRS","ZTF","ALeRCE, ATLAS, Pan-STARRS","ZTF23aaomkar","ATLAS-HKO - ATLAS-02, P48 - ZTF-Cam, PS2 - GPC2","P200 - DBSP","1","1","","18.6588","r-ZTF","2023-06-17 11:05:07.002","ALeRCE","","","2023TNSTR1409....1M","2023TNSCR1636....1D","",""
"131161","SN 2023kzz","17:17:06.309","-14:54:04.88","SN II","0.028","","","ZTF","ZTF","ZTF","ZTF","ZTF23aanymcl","P48 - ZTF-Cam","P200 - DBSP","1","1","","19.64","r-ZTF","2023-06-15 07:33:36.000","ZTF_Bot1","","","2023TNSTR1416....1F","2024TNSCR3553....1D","",""
"131014","SN 2023kui","18:02:11.161","+70:29:18.78","SN II","0.06","","","ATLAS, ZTF, Fink","ATLAS, ZTF","ZTF","ATLAS, Fink, ZTF","ATLAS23mla","ATLAS-HKO - ATLAS-02, P48 - ZTF-Cam","P60 - SEDM","1","1","","19.463","cyan-ATLAS","2023-06-15 11:17:20.832","ATLAS_Bot1","","","2023TNSTR1386....1T","2023TNSCR1791....1S","",""
"130979","SN 2023ksz","19:39:46.808","+59:21:50.18","SN II","0.0368","","","ZTF, ATLAS, Pan-STARRS","ZTF, ATLAS, Pan-STARRS","ZTF","ATLAS, Pan-STARRS, ZTF","ZTF23aanexof","ATLAS-HKO - ATLAS-02, P48 - ZTF-Cam, PS1 - GPC1","P60 - SEDM","1","1","","19.7","g-ZTF","2023-06-08 07:46:33.600","ZTF_Bot1","","","2023TNSTR1392....1F","2023TNSCR1790....1J","",""
"130826","SN 2023kne","17:25:19.084","+58:49:02.21","SN II","0.0284850001","","","ZTF","ZTF","ZTF","ZTF","ZTF23aamzlzc","P48 - ZTF-Cam","P200 - DBSP","1","1","","20.1465","r-ZTF","2023-06-09 08:49:48.288","ZTF_CLU_PUBLIC","","","2023TNSTR1374....1D","2024TNSCR3553....1D","",""
"130806","SN 2023kmk","15:02:20.550","-10:12:07.52","SN II","0.01","","","ATLAS, ZTF, Pan-STARRS, GaiaAlerts","ATLAS, ZTF, Pan-STARRS, GaiaAlerts","ZTF","ATLAS, GaiaAlerts, Pan-STARRS, ZTF","ATLAS23mfj","ATLAS-CHL - ATLAS-04, Gaia - Gaia-photometric, P48 - ZTF-Cam, PS1 - GPC1","P60 - SEDM","1","1","","18.661","cyan-ATLAS","2023-06-13 03:12:06.624","ATLAS_Bot1","","","2023TNSTR1371....1T","2023TNSCR1574....1S","",""
"130625","SN 2023kfm","17:06:48.058","-05:04:15.73","SN II","0.02471037209034","","","ZTF","ZTF","ZTF","ZTF","ZTF23aanehpl","P48 - ZTF-Cam","Keck1 - LRIS","1","1","","20.5413","r-ZTF","2023-05-28 08:59:57.408","ZTF_CLU_PUBLIC","","","2023TNSTR1360....1D","2024TNSCR3559....1S","",""
"130476","SN 2023jzt","01:35:57.844","-16:15:14.85","SN II","0.03728","","","ATLAS, ALeRCE","ATLAS, ZTF","ZTF","ALeRCE, ATLAS","ATLAS23lrs","ATLAS-CHL - ATLAS-04, ATLAS-STH - ATLAS-03, P48 - ZTF-Cam","P60 - SEDM","1","1","","17.94","orange-ATLAS","2023-06-06 04:17:49.920","ATLAS_Bot1","","","2023TNSTR1338....1T","2023TNSCR1878....1S","",""
"130347","SN 2023jvc","01:56:39.778","+43:20:19.68","SN II","0.0265","","","ALeRCE, ATLAS, Pan-STARRS","ZTF, ATLAS, Pan-STARRS","ZTF","ALeRCE, ATLAS, Pan-STARRS","ZTF23aamskdj","ATLAS-HKO - ATLAS-02, P48 - ZTF-Cam, PS2 - GPC2","LT - SPRAT","1","1","","19.7691","r-ZTF","2023-05-30 11:29:22.004","ALeRCE","","","2023TNSTR1293....1F","2023TNSCR2066....1W","",""
"130345","SN 2023jva","23:45:48.318","+29:44:45.67","SN II","0.0372","","","ZTF, ATLAS, Pan-STARRS","ZTF, ATLAS, Pan-STARRS","ZTF","ATLAS, Pan-STARRS, ZTF","ZTF23aamsarj","ATLAS-HKO - ATLAS-02, P48 - ZTF-Cam, PS2 - GPC2","Keck1 - LRIS","1","1","","19.13","g-ZTF","2023-06-02 10:07:40.800","ZTF_Bot1","","","2023TNSTR1301....1F","2023TNSCR1730....1S","",""
"130180","SN 2023jpg","08:23:52.925","-05:07:58.44","SN II","0.05","","","ATLAS, ZTF, Pan-STARRS","ATLAS, ZTF, Pan-STARRS","ZTF","ATLAS, Pan-STARRS, ZTF","ATLAS23lnk","ATLAS-CHL - ATLAS-04, P48 - ZTF-Cam, PS1 - GPC1","P60 - SEDM","1","1","","18.433","orange-ATLAS","2023-05-09 01:44:15.360","ATLAS_Bot1","","","2023TNSTR1253....1T","2023TNSCR2814....1S","",""
"129988","SN 2023jid","22:40:43.226","+36:38:39.43","SN II","0.027","","","ZTF, Pan-STARRS, YSE","ZTF, Pan-STARRS","ZTF","Pan-STARRS, YSE, ZTF","ZTF23aakirso","P48 - ZTF-Cam, PS1 - GPC1, PS2 - GPC2","P200 - DBSP","1","1","","20.2052","r-ZTF","2023-04-21 11:51:45.792","ZTF_CLU_PUBLIC","","","2023TNSTR1219....1D","2024TNSCR3558....1Q","",""
"129692","SN 2023iwz","19:52:18.465","+42:53:12.11","SN II","0.01","","","ZTF, ATLAS","ZTF, ATLAS","ZTF","ATLAS, ZTF","ZTF23aakcbfv","ATLAS-HKO - ATLAS-02, P48 - ZTF-Cam","P60 - SEDM","1","1","","19.46","g-ZTF","2023-05-17 08:42:43.200","ZTF_Bot1","","","2023TNSTR1160....1F","2023TNSCR1327....1S","",""
"129548","SN 2023irp","18:26:50.257","+25:23:58.91","SN II","0.015","","","ZTF, ATLAS","ZTF, ATLAS","ZTF","ATLAS, ZTF","ZTF23aajkfls","ATLAS-CHL - ATLAS-04, ATLAS-HKO - ATLAS-02, P48 - ZTF-Cam","P60 - SEDM","1","1","","16.8","g-ZTF","2023-05-14 09:20:09.600","ZTF_Bot1","","","2023TNSTR1134....1F","2023TNSCR1195....1S","",""
"129467","SN 2023iop","00:14:42.699","+21:51:33.77","SN II","0.095","","","ZTF, ATLAS, YSE","ZTF, ATLAS, Pan-STARRS","ZTF","ATLAS, Pan-STARRS, YSE, ZTF","ZTF23aajucmw","ATLAS-HKO - ATLAS-02, P48 - ZTF-Cam, PS1 - GPC1","P60 - SEDM","1","1","","19.37","r-ZTF","2023-05-11 11:36:57.600","ZTF_Bot1","","","2023TNSTR1125....1F","2023TNSCR1780....1S","",""
"129242","SN 2023iga","00:24:32.143","+29:13:10.63","SN II","0.0162","","","ZTF, ATLAS","ZTF, ATLAS","ZTF","ATLAS, ZTF","ZTF23aajkjxm","ATLAS-HKO - ATLAS-02, P48 - ZTF-Cam","P60 - SEDM","1","1","","17.5084","r-ZTF","2023-05-13 11:32:30.624","ZTF_CLU_PUBLIC","","","2023TNSTR1086....1D","2023TNSCR1305....1S","",""
"129073","SN 2023hzt","13:30:01.550","+75:34:09.13","SN II","0.0305","","","ATLAS, ZTF","ATLAS, ZTF","ZTF","ATLAS, ZTF","ATLAS23kfy","ATLAS-HKO - ATLAS-02, P48 - ZTF-Cam","P60 - SEDM","1","1","","18.865","cyan-ATLAS","2023-05-12 10:14:08.736","ATLAS_Bot1","","","2023TNSTR1062....1T","2023TNSCR1382....1S","",""
"128961","SN 2023hvo","08:41:32.880","+22:01:36.64","SN II","0.01","SDSS J084132.91+220134.1","","ALeRCE, ATLAS, Pan-STARRS","ZTF, ATLAS, Pan-STARRS","ZTF","ALeRCE, ATLAS, Pan-STARRS","ZTF23aaixruf","ATLAS-CHL - ATLAS-04, ATLAS-HKO - ATLAS-02, P48 - ZTF-Cam, PS2 - GPC2","P60 - SEDM","1","1","","19.2362","r-ZTF","2023-05-09 04:08:48.002","ALeRCE","","","2023TNSTR1034....1M","2023TNSCR1117....1S","",""
"128803","SN 2023hpp","22:03:52.070","+20:35:02.08","SN II","0.012422","","","ATLAS, ZTF, GaiaAlerts, Pan-STARRS","ATLAS, ZTF, GaiaAlerts, Pan-STARRS","ZTF","ATLAS, GaiaAlerts, Pan-STARRS, ZTF","ATLAS23jya","ATLAS-CHL - ATLAS-04, ATLAS-HKO - ATLAS-02, Gaia - Gaia-photometric, P48 - ZTF-Cam, PS2 - GPC2","P60 - SEDM","1","1","","18.844","orange-ATLAS","2023-05-03 14:24:35.424","ATLAS_Bot1","","","2023TNSTR1000....1T","2023TNSCR1043....1S","",""
"128688","SN 2023hlf","12:26:26.179","+31:13:32.35","SN II","0.0024","NGC 4414","0.00236","ZTF, DLT40","ZTF, DLT40","ZTF","DLT40, ZTF","ZTF23aaitpjv","Other - Other, P48 - ZTF-Cam","P60 - SEDM","1","1","","17.84","r-ZTF","2023-05-01 05:41:03.840","Viraj Karambelkar","","","2023TNSTR.983....1K","2023TNSCR.990....1K","",""
"128466","SN 2023hcv","23:39:35.665","+21:55:05.38","SN II","0.0227","","","ZTF","ZTF","ZTF","ZTF","ZTF23aaihsvm","P48 - ZTF-Cam","P200 - DBSP","1","1","","18.71","r-ZTF","2023-04-28 11:49:55.200","ZTF_Bot1","","","2023TNSTR.967....1F","2023TNSCR1524....1S","",""
"128440","SN 2023hbv","15:44:33.769","+10:17:50.50","SN II","0.0348","","","ATLAS","ATLAS","ZTF","ATLAS","ATLAS23jsb","ATLAS-CHL - ATLAS-04","P60 - SEDM","1","1","","19.278","cyan-ATLAS","2023-04-29 06:29:32.064","ATLAS_Bot1","","","2023TNSTR.964....1T","2023TNSCR1336....1S","",""
"128329","SN 2023gxq","10:18:12.238","+34:40:19.80","SN II","0.0293","SDSS J101812.38+344020.4","0.02927135","ALeRCE","ZTF","ZTF","ALeRCE","ZTF23aaiecnn","P48 - ZTF-Cam","Keck1 - LRIS","1","1","","19.5728","g-ZTF","2023-04-28 05:41:23.997","ALeRCE","","","2023TNSTR.950....1M","2023TNSCR1792....1D","",""
"128083","SN 2023gol","12:43:32.244","+40:05:56.44","SN II","0.05","","","ATLAS, ZTF, Pan-STARRS","ATLAS, ZTF, Pan-STARRS","ZTF","ATLAS, Pan-STARRS, ZTF","ATLAS23jld","ATLAS-HKO - ATLAS-02, P48 - ZTF-Cam, PS1 - GPC1","P60 - SEDM","1","1","","18.95","cyan-ATLAS","2023-04-23 09:41:09.312","ATLAS_Bot1","","","2023TNSTR.888....1T","2023TNSCR1116....1S","",""
"127967","SN 2023gkb","21:31:00.829","-03:58:53.78","SN II","0.026181","","","ATLAS, ALeRCE, Pan-STARRS","ATLAS, ZTF, Pan-STARRS","ZTF","ALeRCE, ATLAS, Pan-STARRS","ATLAS23ism","ATLAS-CHL - ATLAS-04, P48 - ZTF-Cam, PS1 - GPC1","P60 - SEDM","1","1","","18.75","cyan-ATLAS","2023-04-22 09:16:37.920","ATLAS_Bot1","","","2023TNSTR.880....1T","2023TNSCR1195....1S","",""
"127888","SN 2023ghl","11:09:11.729","+53:21:43.82","SN II","0.027067","","","ZTF, ATLAS, Fink, Pan-STARRS, YSE","ZTF, ATLAS, Pan-STARRS","ZTF","ATLAS, Fink, Pan-STARRS, YSE, ZTF","ZTF23aagkutf","ATLAS-HKO - ATLAS-02, P48 - ZTF-Cam, PS1 - GPC1, PS2 - GPC2","NOT - ALFOSC","1","1","","19.84","g-ZTF","2023-04-19 07:22:04.800","ZTF_Bot1","","","2023TNSTR.870....1F","2023TNSCR1033....1S","",""
"127730","SN 2023gbq","22:11:08.578","-24:27:56.49","SN II","0.0379","","","ATLAS, Pan-STARRS, ALeRCE, GW-MMADS","ATLAS, Pan-STARRS, ZTF, GW-MMADS","ZTF","ALeRCE, ATLAS, GW-MMADS, Pan-STARRS","ATLAS23imd","ATLAS-CHL - ATLAS-04, CTIO-4m - DECAM, P48 - ZTF-Cam, PS2 - GPC2","P60 - SEDM","1","1","","18.106","cyan-ATLAS","2023-04-18 09:34:50.016","ATLAS_Bot1","","","2023TNSTR.835....1T","2023TNSCR1635....1S","",""
"127649","SN 2023fyo","10:55:02.390","-10:49:16.98","SN II","0.02","","","ATLAS, ZTF, Fink, Pan-STARRS","ATLAS, ZTF, Pan-STARRS","ZTF","ATLAS, Fink, Pan-STARRS, ZTF","ATLAS23ijk","ATLAS-CHL - ATLAS-04, ATLAS-STH - ATLAS-03, P48 - ZTF-Cam, PS2 - GPC2","P60 - SEDM","1","1","","19.446","cyan-ATLAS","2023-04-17 03:01:03.936","ATLAS_Bot1","","","2023TNSTR.820....1T","2023TNSCR1042....1S","",""
"127531","SN 2023fub","07:40:26.810","+25:08:00.22","SN II","0.029397","","","ATLAS, ZTF, Pan-STARRS","ATLAS, ZTF, Pan-STARRS","ZTF","ATLAS, Pan-STARRS, ZTF","ATLAS23ibg","ATLAS-HKO - ATLAS-02, P48 - ZTF-Cam, PS2 - GPC2","P200 - DBSP","1","1","","19.082","cyan-ATLAS","2023-04-15 06:05:54.240","ATLAS_Bot1","","","2023TNSTR.806....1T","2023TNSCR1142....1D","",""
"127481","SN 2023fse","22:03:51.396","+11:24:19.13","SN II","0.035","","","ZTF, Pan-STARRS","ZTF, Pan-STARRS","ZTF","Pan-STARRS, ZTF","ZTF23aaeklqg","P48 - ZTF-Cam, PS2 - GPC2","P60 - SEDM","1","1","","18.7","r-ZTF","2023-04-08 12:14:24.000","ZTF_Bot1","","","2023TNSTR.801....1F","2023TNSCR1460....1S","",""
"126997","SN 2023fax","14:38:27.142","+30:01:44.91","SN II","0.045","SDSS J143827.16+300148.2","","ALeRCE, ATLAS, Pan-STARRS","ZTF, ATLAS, Pan-STARRS","ZTF","ALeRCE, ATLAS, Pan-STARRS","ZTF23aaeqonb","ATLAS-HKO - ATLAS-02, P48 - ZTF-Cam, PS2 - GPC2","LT - SPRAT","1","1","","19.6733","g-ZTF","2023-04-10 07:49:30.996","ALeRCE","","","2023TNSTR.752....1M","2023TNSCR.998....1W","",""
"126930","SN 2023eyj","17:17:36.766","+48:38:17.87","SN II","0.0244200006","","","ZTF, ATLAS, Pan-STARRS","ZTF, ATLAS, Pan-STARRS","ZTF","ATLAS, Pan-STARRS, ZTF","ZTF23aaejumk","ATLAS-HKO - ATLAS-02, P48 - ZTF-Cam, PS2 - GPC2","P200 - DBSP","1","1","","19.59","g-ZTF","2023-04-08 09:23:02.400","ZTF_Bot1","","","2023TNSTR.755....1F","2023TNSCR.855....1D","",""
"126771","SN 2023esk","21:02:36.740","+08:18:53.30","SN II","0.0183","","","ZTF, ATLAS, Pan-STARRS","ZTF, ATLAS, Pan-STARRS","ZTF","ATLAS, Pan-STARRS, ZTF","ZTF23aadcltm","ATLAS-CHL - ATLAS-04, P48 - ZTF-Cam, PS2 - GPC2","P60 - SEDM","1","1","","17.45","r-ZTF","2023-03-13 12:51:50.400","ZTF_Bot1","","","2023TNSTR.738....1F","2023TNSCR.749....1J","",""
"126608","SN 2023emg","22:55:14.085","+36:40:26.99","SN II","0.0188","","","ZTF","ZTF","ZTF","ZTF","ZTF23aaefrgo","P48 - ZTF-Cam","P200 - DBSP","1","1","","19.0797","r-ZTF","2023-04-02 12:22:56.352","ZTF_CLU_PUBLIC","","","2023TNSTR.702....1D","2023TNSCR1142....1D","",""
"126571","SN 2023ekx","09:41:11.980","+63:35:40.85","SN II","0.05","","","Pan-STARRS, ZTF, GaiaAlerts","Pan-STARRS, ZTF, GaiaAlerts","ZTF","GaiaAlerts, Pan-STARRS, ZTF","PS23bdw","Gaia - Gaia-photometric, P48 - ZTF-Cam, PS1 - GPC1","LT - SPRAT","1","1","","19.05","i-P1","2023-03-31 07:19:23.232","PS1_Bot1","","","2023TNSTR.694....1C","2023TNSCR.877....1W","",""
"126421","SN 2023efg","21:05:19.680","-10:28:17.40","SN II","0.025","","","GaiaAlerts, ATLAS, ALeRCE, Pan-STARRS","GaiaAlerts, ATLAS, ZTF, Pan-STARRS","ZTF","ALeRCE, ATLAS, GaiaAlerts, Pan-STARRS","Gaia23bfi","ATLAS-CHL - ATLAS-04, Gaia - Gaia-photometric, P48 - ZTF-Cam, PS1 - GPC1","P60 - SEDM","1","1","","18.29","G-Gaia","2023-03-21 07:12:00.000","Gaia_Bot1","","","2023TNSTR.665....1H","2023TNSCR1141....1S","",""
"126311","SN 2023ebb","11:24:34.680","+46:53:37.18","SN II","0.022","","","ZTF, GaiaAlerts, ATLAS, Pan-STARRS","ZTF, GaiaAlerts, ATLAS, Pan-STARRS","ZTF","ATLAS, GaiaAlerts, Pan-STARRS, ZTF","ZTF23aadruma","ATLAS-HKO - ATLAS-02, Gaia - Gaia-photometric, P48 - ZTF-Cam, PS2 - GPC2","LT - SPRAT","1","1","","18.64","g-ZTF","2023-03-27 10:46:33.600","ZTF_Bot1","","","2023TNSTR.658....1F","2023TNSCR.831....1W","",""
"126293","SN 2023eaj","19:44:49.430","+44:43:32.05","SN II","0.0335","","","ZTF","ZTF","ZTF","ZTF","ZTF23aacgjgl","P48 - ZTF-Cam","P60 - SEDM","1","1","","18.7311","r-ZTF","2023-03-18 11:18:28.224","ZTF_CLU_PUBLIC","","","2023TNSTR.646....1D","2023TNSCR.909....1S","",""
"126149","SN 2023duy","12:41:45.605","-09:08:55.37","SN II","0.0367","","","ATLAS, ZTF, Pan-STARRS","ATLAS, ZTF, Pan-STARRS","ZTF","ATLAS, Pan-STARRS, ZTF","ATLAS23egh","ATLAS-CHL - ATLAS-04, ATLAS-STH - ATLAS-03, P48 - ZTF-Cam, PS2 - GPC2","P60 - SEDM","1","1","","19.114","cyan-ATLAS","2023-03-21 22:41:23.424","ATLAS_Bot1","","","2023TNSTR.599....1T","2023TNSCR.920....1S","",""
"126132","SN 2023duh","09:28:51.707","-12:53:43.40","SN II","0.0415","","","ATLAS, ZTF","ATLAS, ZTF","ZTF","ATLAS, ZTF","ATLAS23efd","ATLAS-CHL - ATLAS-04, ATLAS-HKO - ATLAS-02, P48 - ZTF-Cam","LT - SPRAT","1","1","","18.985","orange-ATLAS","2023-03-21 08:16:45.408","ATLAS_Bot1","","","2023TNSTR.592....1T","2023TNSCR.832....1W","",""
"126018","SN 2023dqa","14:08:49.016","-10:47:56.97","SN II","0.035","","","ATLAS, Pan-STARRS, ZTF","ATLAS, Pan-STARRS, ZTF","ZTF","ATLAS, Pan-STARRS, ZTF","ATLAS23ebv","ATLAS-CHL - ATLAS-04, ATLAS-HKO - ATLAS-02, P48 - ZTF-Cam, PS2 - GPC2","P60 - SEDM","1","1","","19.186","orange-ATLAS","2023-03-17 12:25:11.136","ATLAS_Bot1","","","2023TNSTR.572....1T","2023TNSCR.988....1S","",""
"125985","SN 2023dot","09:33:43.725","-13:19:30.75","SN II","0.055","","","ATLAS, ZTF, Pan-STARRS","ATLAS, ZTF, Pan-STARRS","ZTF","ATLAS, Pan-STARRS, ZTF","ATLAS23dwj","ATLAS-CHL - ATLAS-04, ATLAS-HKO - ATLAS-02, P48 - ZTF-Cam, PS1 - GPC1","LT - SPRAT","1","1","","18.917","orange-ATLAS","2023-03-17 08:12:23.616","ATLAS_Bot1","","","2023TNSTR.565....1T","2023TNSCR.877....1W","",""
"125827","SN 2023dis","16:40:28.534","+39:13:54.93","SN II","0.0298","","","Pan-STARRS, ATLAS","Pan-STARRS, ATLAS","ZTF","ATLAS, Pan-STARRS","PS23aqs","ATLAS-HKO - ATLAS-02, PS1 - GPC1","P200 - DBSP","1","1","","19.32","w-P1","2023-03-17 14:28:21.792","PS1_Bot1","","","2023TNSTR.567....1C","2024TNSCR3553....1D","",""
"125762","SN 2023dgg","12:33:50.870","+03:26:44.45","SN II","0.03282","","","Pan-STARRS, ATLAS, ZTF","Pan-STARRS, ATLAS, ZTF","ZTF","ATLAS, Pan-STARRS, ZTF","PS23apg","ATLAS-CHL - ATLAS-04, ATLAS-STH - ATLAS-03, P48 - ZTF-Cam, PS1 - GPC1","P60 - SEDM","1","1","","19.06","w-P1","2023-03-16 11:06:02.592","PS1_Bot1","","","2023TNSTR.554....1C","2023TNSCR.686....1S","",""
"125656","SN 2023dce","14:50:26.620","+85:48:48.13","SN II","0.063","","","ZTF, ATLAS, GaiaAlerts","ZTF, ATLAS, GaiaAlerts","ZTF","ATLAS, GaiaAlerts, ZTF","ZTF23aadbbxv","ATLAS-HKO - ATLAS-02, Gaia - Gaia-photometric, P48 - ZTF-Cam","Keck1 - LRIS","1","1","","17.27","g-ZTF","2023-03-13 07:59:31.200","ZTF_Bot1","","","2023TNSTR.541....1F","2023TNSCR1223....1S","",""
"125525","SN 2023cxf","11:52:36.223","+13:28:01.29","SN II","0.020635","","","ATLAS, ZTF, Pan-STARRS","ATLAS, ZTF, Pan-STARRS","ZTF","ATLAS, Pan-STARRS, ZTF","ATLAS23ded","ATLAS-CHL - ATLAS-04, ATLAS-STH - ATLAS-03, P48 - ZTF-Cam, PS2 - GPC2","P200 - DBSP","1","1","","18.979","cyan-ATLAS","2023-03-02 06:00:33.696","ATLAS_Bot1","","","2023TNSTR.509....1T","2023TNSCR.921....1D","",""
"125513","SN 2023cwt","19:40:08.966","+38:30:50.54","SN II","0.01","","","ATLAS, ALeRCE","ATLAS, ZTF","ZTF","ALeRCE, ATLAS","ATLAS23dkt","ATLAS-HKO - ATLAS-02, P48 - ZTF-Cam","P60 - SEDM","1","1","","17.393","orange-ATLAS","2023-03-06 14:46:52.896","ATLAS_Bot1","","","2023TNSTR.503....1T","2023TNSCR.654....1S","",""
"125218","SN 2023cme","02:37:20.994","-15:25:20.67","SN II","0.02424","","","ATLAS, Pan-STARRS, ZTF","ATLAS, Pan-STARRS, ZTF","ZTF","ATLAS, Pan-STARRS, ZTF","ATLAS23cnm","ATLAS-CHL - ATLAS-04, ATLAS-STH - ATLAS-03, P48 - ZTF-Cam, PS2 - GPC2","Keck1 - LRIS","1","1","","18.04","orange-ATLAS","2023-02-22 18:35:30.624","ATLAS_Bot1","","","2023TNSTR.422....1T","2024TNSCR3553....1D","",""
"125093","SN 2023chj","18:05:39.630","+31:37:14.12","SN II","0.04","GALEXASC J180539.68+313714.9","","ALeRCE, GaiaAlerts, ATLAS","ZTF, GaiaAlerts, ATLAS","ZTF","ALeRCE, ATLAS, GaiaAlerts","ZTF23aacrvqj","ATLAS-HKO - ATLAS-02, Gaia - Gaia-photometric, P48 - ZTF-Cam","P60 - SEDM","1","1","","19.2928","r-ZTF","2023-02-19 12:17:37.000","ALeRCE","","","2023TNSTR.391....1F","2023TNSCR.769....1S","",""
"124791","SN 2023bvt","08:54:13.020","+20:48:11.56","SN II","0.030412","","","ATLAS, GaiaAlerts","ATLAS, GaiaAlerts","ZTF","ATLAS, GaiaAlerts","ATLAS23chj","ATLAS-CHL - ATLAS-04, ATLAS-STH - ATLAS-03, Gaia - Gaia-photometric","P60 - SEDM","1","1","","18.917","cyan-ATLAS","2023-02-18 03:06:04.608","ATLAS_Bot1","","","2023TNSTR.385....1T","2023TNSCR.987....1J","",""
"124781","SN 2023bvj","09:50:56.040","+33:33:10.94","SN II","0.00512","","","ATLAS, SGLF, Pan-STARRS, GaiaAlerts","ATLAS, ZTF, Pan-STARRS, GaiaAlerts","ZTF","ATLAS, GaiaAlerts, Pan-STARRS, SGLF","ATLAS23cgq","ATLAS-CHL - ATLAS-04, Gaia - Gaia-photometric, P48 - ZTF-Cam, PS1 - GPC1","P60 - SEDM","1","1","","17.287","cyan-ATLAS","2023-02-18 04:11:13.344","ATLAS_Bot1","","","2023TNSTR.385....1T","2023TNSCR.397....1S","",""
"124770","SN 2023buy","08:20:53.700","+39:14:29.72","SN II","0.0286","SDSS J082054.22+391423.0","0.02861966","ALeRCE, ATLAS, Pan-STARRS, GaiaAlerts","ZTF, ATLAS, Pan-STARRS, GaiaAlerts","ZTF","ALeRCE, ATLAS, GaiaAlerts, Pan-STARRS","ZTF23aacjetk","ATLAS-CHL - ATLAS-04, ATLAS-HKO - ATLAS-02, Gaia - Gaia-photometric, P48 - ZTF-Cam, PS1 - GPC1","P60 - SEDM","1","1","","17.9997","r-ZTF","2023-02-17 05:08:54.001","ALeRCE","","","2023TNSTR.378....1F","2023TNSCR.751....1Q","",""
"124647","SN 2023bqh","18:23:23.050","+60:45:26.68","SN II","0.012732","UGC 11225","0.012829","XOSS, GaiaAlerts, ZTF, ATLAS","XOSS, GaiaAlerts, ZTF, ATLAS","ZTF","ATLAS, GaiaAlerts, XOSS, ZTF","PSP23C","ATLAS-HKO - ATLAS-02, Gaia - Gaia-photometric, Other - Other, P48 - ZTF-Cam","P60 - SEDM","1","1","","17.7","Clear-","2023-02-12 23:33:50.976","Mi Zhang","","","2023TNSTR.351....1R","2023TNSCR.410....1S","",""
"124567","SN 2023bng","09:56:38.489","-15:34:21.09","SN II","0.031358","","","ZTF, ATLAS, Pan-STARRS","ZTF, ATLAS, Pan-STARRS","ZTF","ATLAS, Pan-STARRS, ZTF","ZTF23aacfkak","ATLAS-CHL - ATLAS-04, ATLAS-STH - ATLAS-03, P48 - ZTF-Cam, PS2 - GPC2","P60 - SEDM","1","1","","18.8327","r-ZTF","2023-02-10 06:56:57.120","ZTF_CLU_PUBLIC","","","2023TNSTR.331....1D","2023TNSCR.397....1S","",""
"124537","SN 2023bmd","15:10:08.826","+46:06:23.24","SN II","0.019603","SDSS J151008.80+460616.8","0.01912391","ALeRCE, ATLAS, Pan-STARRS","ZTF, ATLAS, Pan-STARRS","ZTF","ALeRCE, ATLAS, Pan-STARRS","ZTF23aacdlsh","ATLAS-HKO - ATLAS-02, P48 - ZTF-Cam, PS2 - GPC2","LT - SPRAT","1","1","","18.3762","g-ZTF","2023-02-09 11:47:06.003","ALeRCE","","","2023TNSTR.314....1F","2023TNSCR.491....1H","",""
"124530","SN 2023blw","07:28:09.442","+52:28:17.54","SN II","0.0216579996","","","ZTF, Pan-STARRS","ZTF, Pan-STARRS","ZTF","Pan-STARRS, ZTF","ZTF23aabtmzm","P48 - ZTF-Cam, PS2 - GPC2","P200 - DBSP","1","1","","19.2877","r-ZTF","2023-02-07 04:55:41.376","ZTF_CLU_PUBLIC","","","2023TNSTR.320....1D","2024TNSCR3553....1D","",""
"124422","SN 2023bia","16:11:46.218","+37:27:45.81","SN II","0.032314","SDSS J161145.92+372740.3","0.03231402","ALeRCE, ATLAS, Pan-STARRS","ZTF, ATLAS, Pan-STARRS","ZTF","ALeRCE, ATLAS, Pan-STARRS","ZTF23aabutcv","ATLAS-HKO - ATLAS-02, P48 - ZTF-Cam, PS1 - GPC1","P60 - SEDM","1","1","","17.7412","r-ZTF","2023-02-04 12:20:00.001","ALeRCE","","","2023TNSTR.281....1F","2023TNSCR.354....1J","",""
"124421","SN 2023bhz","18:54:33.748","+45:15:40.67","SN II","0.1","WISEA J185433.70+451544.0","","ALeRCE, ATLAS, Pan-STARRS","ZTF, ATLAS, Pan-STARRS","ZTF","ALeRCE, ATLAS, Pan-STARRS","ZTF23aabutzu","ATLAS-HKO - ATLAS-02, P48 - ZTF-Cam, PS2 - GPC2","Lick-3m - KAST","1","1","","17.5463","r-ZTF","2023-02-04 12:56:09.997","ALeRCE","","","2023TNSTR.281....1F","2023TNSCR.998....1W","",""
"124353","SN 2023bfs","14:04:57.394","+25:01:30.85","SN II","0.035251","SDSS J140457.37+250132.8","0.03525086","ALeRCE, ATLAS, Pan-STARRS","ZTF, ATLAS, Pan-STARRS","ZTF","ALeRCE, ATLAS, Pan-STARRS","ZTF23aabrson","ATLAS-CHL - ATLAS-04, ATLAS-HKO - ATLAS-02, P48 - ZTF-Cam, PS2 - GPC2","P60 - SEDM","1","1","","18.8382","r-ZTF","2023-02-02 11:25:19.998","ALeRCE","","","2023TNSTR.262....1F","2023TNSCR.384....1S","",""
"124322","SN 2023ben","10:25:48.019","+38:20:14.60","SN II","0.054427","","","ZTF, ATLAS, Pan-STARRS","ZTF, ATLAS, Pan-STARRS","ZTF","ATLAS, Pan-STARRS, ZTF","ZTF23aabnyfa","ATLAS-CHL - ATLAS-04, ATLAS-HKO - ATLAS-02, P48 - ZTF-Cam, PS1 - GPC1","P60 - SEDM","1","1","","18.69","r-ZTF","2023-02-02 07:12:00.000","ZTF_Bot1","","","2023TNSTR.268....1F","2023TNSCR.410....1S","",""
"124091","SN 2023avz","07:14:44.987","+05:49:47.42","SN II","0.03","","","ZTF","ZTF","ZTF","ZTF","ZTF23aabbrdb","P48 - ZTF-Cam","P60 - SEDM","1","1","","19.67","g-ZTF","2023-01-25 06:28:48.000","ZTF_Bot1","","","2023TNSTR.217....1F","2023TNSCR.377....1S","",""
"123816","SN 2023amc","18:36:27.640","+10:20:44.12","SN II","0.01","WISEA J183627.79+102045.9","","ALeRCE, ATLAS, GaiaAlerts","ZTF, ATLAS, GaiaAlerts","ZTF","ALeRCE, ATLAS, GaiaAlerts","ZTF23aaaziou","ATLAS-CHL - ATLAS-04, ATLAS-HKO - ATLAS-02, Gaia - Gaia-photometric, P48 - ZTF-Cam","P60 - SEDM","1","1","","17.6269","r-ZTF","2023-01-24 13:36:12.997","ALeRCE","","","2023TNSTR.177....1M","2023TNSCR.234....1S","",""
"123793","SN 2023ali","15:48:39.790","-08:18:24.19","SN II","0.096","","","ZTF, GaiaAlerts, ATLAS, Pan-STARRS","ZTF, GaiaAlerts, ATLAS, Pan-STARRS","ZTF","ATLAS, GaiaAlerts, Pan-STARRS, ZTF","ZTF23aaawatw","ATLAS-HKO - ATLAS-02, ATLAS-STH - ATLAS-03, Gaia - Gaia-photometric, P48 - ZTF-Cam, PS2 - GPC2","Keck1 - LRIS","1","1","","18.13","r-ZTF","2023-01-23 12:08:38.400","ZTF_Bot1","","","2023TNSTR.182....1F","2023TNSCR.842....1S","",""
"123646","SN 2023afu","13:52:11.399","-14:42:12.64","SN II","0.035","","","ZTF, ATLAS","ZTF, ATLAS","ZTF","ATLAS, ZTF","ZTF20acwflza","ATLAS-CHL - ATLAS-04, ATLAS-STH - ATLAS-03, P48 - ZTF-Cam","P60 - SEDM","1","1","","17.96","r-ZTF","2023-01-07 12:31:40.800","ZTF_Bot1","","","2023TNSTR.182....1F","2023TNSCR.187....1S","",""
"122818","SN 2023cv","15:13:28.780","-20:40:51.89","SN II","0.007565","","","ATLAS, ZTF, GaiaAlerts, Pan-STARRS","ATLAS, ZTF, GaiaAlerts, Pan-STARRS","ZTF","ATLAS, GaiaAlerts, Pan-STARRS, ZTF","ATLAS23afk","ATLAS-CHL - ATLAS-04, ATLAS-STH - ATLAS-03, Gaia - Gaia-photometric, P48 - ZTF-Cam, PS1 - GPC1","P60 - SEDM","1","1","","17.816","orange-ATLAS","2023-01-08 01:54:21.024","ATLAS_Bot1","","","2023TNSTR..35....1T","2023TNSCR.186....1S","",""
"122921","SN 2022aegi","15:54:25.730","+04:01:34.75","SN II","0.035","","","ZTF, GaiaAlerts","ZTF, GaiaAlerts","ZTF","GaiaAlerts, ZTF","ZTF22acaipkl","Gaia - Gaia-photometric, P48 - ZTF-Cam","Lick-3m - KAST","1","1","","19.35","r-ZTF","2022-12-22 13:33:35.000","ZTF_Bot1","","","2023TNSTR..70....1F","2023TNSCR.418....1J","",""
"122720","SN 2022aefe","15:12:02.130","+21:17:46.46","SN II","0.016055","","","GaiaAlerts, ZTF, ATLAS","GaiaAlerts, ZTF, ATLAS","ZTF","ATLAS, GaiaAlerts, ZTF","Gaia23aam","ATLAS-HKO - ATLAS-02, Gaia - Gaia-photometric, P48 - ZTF-Cam","LT - SPRAT","1","1","","18.73","G-Gaia","2022-12-31 13:46:33.600","Gaia_Bot1","","","2023TNSTR..11....1H","2023TNSCR.233....1P","",""
"122441","SN 2022advo","14:50:46.770","+73:49:18.26","SN II","0.023293","MRK 0288","0.023293","ALeRCE, GaiaAlerts, ATLAS","ZTF, GaiaAlerts, ATLAS","ZTF","ALeRCE, ATLAS, GaiaAlerts","ZTF22acahury","ATLAS-HKO - ATLAS-02, Gaia - Gaia-photometric, P48 - ZTF-Cam","LT - SPRAT","1","1","","17.7545","r-ZTF","2022-12-22 11:28:11.001","ALeRCE","","","2022TNSTR3636....1M","2023TNSCR..55....1H","",""
"122394","SN 2022adtt","01:14:05.293","+38:07:05.22","SN II","0.027","UGC 00781","0.027913","ALeRCE, ATLAS","ZTF, ATLAS","ZTF","ALeRCE, ATLAS","ZTF22abzdzek","ATLAS-HKO - ATLAS-02, P48 - ZTF-Cam","Keck1 - LRIS","1","1","","19.7917","r-ZTF","2022-12-19 05:28:43.003","ALeRCE","","","2022TNSTR3638....1M","2023TNSCR.254....1K","",""
"122382","SN 2022adth","10:15:39.937","+45:56:25.15","SN II","0.0306","LEDA   29952","0.03056","ALeRCE","ZTF","ZTF","ALeRCE","ZTF22abzqwmp","P48 - ZTF-Cam","Keck1 - LRIS","1","1","","19.0331","g-ZTF","2022-12-20 10:44:26.998","ALeRCE","","","2022TNSTR3638....1M","2023TNSCR.254....1K","",""
"121796","SN 2022acwt","20:49:22.852","+21:10:28.96","SN II","0.02","","","ZTF","ZTF","ZTF","ZTF","ZTF22abyllwi","P48 - ZTF-Cam","P60 - SEDM","1","1","","17.63","r-ZTF","2022-12-10 03:08:38.400","ZTF_Bot1","","","2022TNSTR3590....1F","2024TNSCR3189....1S","",""
"121790","SN 2022acwn","06:33:29.430","+34:14:36.96","SN II","0.015","","","ATLAS, ALeRCE, GaiaAlerts, Pan-STARRS","ATLAS, ZTF, GaiaAlerts, Pan-STARRS","ZTF","ALeRCE, ATLAS, GaiaAlerts, Pan-STARRS","ATLAS22bnqh","ATLAS-HKO - ATLAS-02, Gaia - Gaia-photometric, P48 - ZTF-Cam, PS1 - GPC1","P60 - SEDM","1","1","","18.298","orange-ATLAS","2022-12-13 11:53:27.744","ATLAS_Bot1","","","2022TNSTR3578....1T","2023TNSCR.199....1S","",""
"121781","SN 2022acwe","02:28:07.210","-05:43:37.02","SN II","0.03029","","","ZTF, YSE, ATLAS, Pan-STARRS, GaiaAlerts","ZTF, Pan-STARRS, ATLAS, GaiaAlerts","ZTF","ATLAS, GaiaAlerts, Pan-STARRS, YSE, ZTF","ZTF22abyivxh","ATLAS-CHL - ATLAS-04, Gaia - Gaia-photometric, P48 - ZTF-Cam, PS1 - GPC1, PS2 - GPC2","P60 - SEDM","1","1","","18.5161","g-ZTF","2022-12-09 05:32:42.720","ZTF_CLU_PUBLIC","","","2022TNSTR3581....1D","2022TNSCR3615....1S","",""
"121654","SN 2022acrl","11:34:21.023","+15:39:49.31","SN II","0.0173","SDSS J113421.25+153937.4","0.01729967","ALeRCE, ATLAS, Pan-STARRS","ZTF, ATLAS, Pan-STARRS","ZTF","ALeRCE, ATLAS, Pan-STARRS","ZTF22abyohff","ATLAS-MLO - ATLAS-01, ATLAS-STH - ATLAS-03, P48 - ZTF-Cam, PS2 - GPC2","P60 - SEDM","1","1","","18.411","r-ZTF","2022-12-10 11:56:40.001","ALeRCE","","","2022TNSTR3561....1F","2022TNSCR3623....1S","",""
"121651","SN 2022acri","14:34:19.170","+25:52:55.42","SN II","0.021728","SDSS J143419.19+255256.3","0.02148517","ALeRCE, ATLAS, GaiaAlerts","ZTF, ATLAS, GaiaAlerts","ZTF","ALeRCE, ATLAS, GaiaAlerts","ZTF22abyokkf","ATLAS-HKO - ATLAS-02, Gaia - Gaia-photometric, P48 - ZTF-Cam","P60 - SEDM","1","1","","18.1842","g-ZTF","2022-12-10 12:22:53.000","ALeRCE","","","2022TNSTR3561....1F","2022TNSCR3614....1S","",""
"121528","SN 2022acmq","23:14:42.359","+21:05:31.11","SN II","0.031732","","","ZTF, Fink, ATLAS","ZTF, ATLAS","ZTF","ATLAS, Fink, ZTF","ZTF22abyiisu","ATLAS-HKO - ATLAS-02, P48 - ZTF-Cam","P60 - SEDM","1","1","","18.91","r-ZTF","2022-12-09 04:35:02.400","ZTF_Bot1","","","2022TNSTR3559....1F","2022TNSCR3649....1S","",""
"121516","SN 2022acme","10:31:39.870","-18:31:07.22","SN II","0.05","","","Pan-STARRS, ZTF, ATLAS","Pan-STARRS, ZTF, ATLAS","ZTF","ATLAS, Pan-STARRS, ZTF","PS22mjo","ATLAS-STH - ATLAS-03, P48 - ZTF-Cam, PS1 - GPC1","P60 - SEDM","1","1","","21.39","w-P1","2022-12-01 14:39:36.576","PS1_Bot1","","","2022TNSTR3554....1C","2023TNSCR.410....1S","",""
"121469","SN 2022ackj","08:55:09.645","+57:21:04.41","SN II","0.026","","","ZTF, Pan-STARRS","ZTF, Pan-STARRS","ZTF","Pan-STARRS, ZTF","ZTF22abqvqie","P48 - ZTF-Cam, PS2 - GPC2","Keck1 - LRIS","1","1","","20.8063","g-ZTF","2022-10-26 10:22:52.320","ZTF_CLU_PUBLIC","","","2022TNSTR3538....1D","2024TNSCR3556....1K","",""
"121227","SN 2022acbf","05:02:14.100","-12:52:28.58","SN II","0.015","LEDA  946332","","ALeRCE, ATLAS, Pan-STARRS","ZTF, ATLAS, Pan-STARRS","ZTF","ALeRCE, ATLAS, Pan-STARRS","ZTF22abxgnre","ATLAS-CHL - ATLAS-04, ATLAS-STH - ATLAS-03, P48 - ZTF-Cam, PS2 - GPC2","P60 - SEDM","1","1","","19.3978","g-ZTF","2022-11-26 08:02:29.996","ALeRCE","","","2022TNSTR3479....1M","2023TNSCR.301....1S","",""
"121098","SN 2022abwk","13:47:43.990","+17:42:44.71","SN II","0.026235","","","ZTF, ALeRCE, ATLAS, GaiaAlerts, Pan-STARRS","ZTF, ATLAS, GaiaAlerts, Pan-STARRS","ZTF","ALeRCE, ATLAS, GaiaAlerts, Pan-STARRS, ZTF","ZTF22abxlqol","ATLAS-HKO - ATLAS-02, Gaia - Gaia-photometric, P48 - ZTF-Cam, PS2 - GPC2","LT - SPRAT","1","1","","19.5034","r-ZTF","2022-11-26 12:57:41.184","ZTF_CLU_PUBLIC","","","2022TNSTR3466....1D","2023TNSCR..48....1S","",""
"120688","SN 2022abgs","11:03:00.203","-16:17:19.69","SN II","0.013006","","","ATLAS, ALeRCE","ATLAS, ZTF","ZTF","ALeRCE, ATLAS","ATLAS22bmfv","ATLAS-CHL - ATLAS-04, ATLAS-MLO - ATLAS-01, P48 - ZTF-Cam","P60 - SEDM","1","1","","17.213","orange-ATLAS","2022-11-18 07:51:54.144","ATLAS_Bot1","","","2022TNSTR3397....1T","2022TNSCR3460....1S","",""
"120635","SN 2022aber","10:21:25.302","+67:32:03.71","SN II","0.04","","","ALeRCE, ATLAS","ZTF, ATLAS","ZTF","ALeRCE, ATLAS","ZTF22abtomri","ATLAS-HKO - ATLAS-02, ATLAS-MLO - ATLAS-01, P48 - ZTF-Cam","P60 - SEDM","1","1","","20.279","g-ZTF","2022-11-18 11:16:42.004","ALeRCE","","","2022TNSTR3380....1M","2022TNSCR3513....1S","",""
"120464","SN 2022aayf","23:25:24.083","-20:44:12.81","SN II","0.0424","","","ZTF, ATLAS, Fink","ZTF, ATLAS","ZTF","ATLAS, Fink, ZTF","ZTF22abvcdmu","ATLAS-CHL - ATLAS-04, ATLAS-STH - ATLAS-03, P48 - ZTF-Cam","LT - SPRAT","1","1","","19.16","g-ZTF","2022-11-19 04:03:21.600","ZTF_Bot1","","","2022TNSTR3376....1F","2022TNSCR3635....1H","",""
"120348","SN 2022aatu","08:51:18.919","+01:27:28.82","SN II","0.0386","","","ZTF, ATLAS, Fink, Pan-STARRS","ZTF, ATLAS, Pan-STARRS","ZTF","ATLAS, Fink, Pan-STARRS, ZTF","ZTF22abtsybt","ATLAS-MLO - ATLAS-01, P48 - ZTF-Cam, PS2 - GPC2","P60 - SEDM","1","1","","19.14","g-ZTF","2022-11-14 11:11:02.400","ZTF_Bot1","","","2022TNSTR3366....1F","2022TNSCR3583....1S","",""
"120305","SN 2022aasd","13:01:31.398","+36:29:47.81","SN II","0.036","SDSS J130131.40+362947.2","","ALeRCE, ATLAS, Pan-STARRS","ZTF, ATLAS, Pan-STARRS","ZTF","ALeRCE, ATLAS, Pan-STARRS","ZTF22abvaxqi","ATLAS-HKO - ATLAS-02, ATLAS-MLO - ATLAS-01, P48 - ZTF-Cam, PS2 - GPC2","P60 - SEDM","1","1","","18.3683","r-ZTF","2022-11-16 12:20:55.997","ALeRCE","","","2022TNSTR3350....1M","2022TNSCR3513....1S","",""
"120229","SN 2022aapg","13:28:55.433","-02:15:46.40","SN II","0.013","SDSS J132855.53-021545.1","","ALeRCE, ATLAS, Pan-STARRS","ZTF, ATLAS, Pan-STARRS","ZTF","ALeRCE, ATLAS, Pan-STARRS","ZTF22abunrnh","ATLAS-CHL - ATLAS-04, ATLAS-STH - ATLAS-03, P48 - ZTF-Cam, PS2 - GPC2","P60 - SEDM","1","1","","17.1311","r-ZTF","2022-11-17 13:07:24.997","ALeRCE","","","2022TNSTR3340....1M","2022TNSCR3393....1J","",""
"120228","SN 2022aapf","13:29:49.564","-01:25:50.84","SN II","0.02128","MCG+00-34-038","0.02128","ALeRCE, ATLAS, Pan-STARRS","ZTF, ATLAS, Pan-STARRS","ZTF","ALeRCE, ATLAS, Pan-STARRS","ZTF22abunrdy","ATLAS-CHL - ATLAS-04, ATLAS-STH - ATLAS-03, P48 - ZTF-Cam, PS2 - GPC2","P60 - SEDM","1","1","","17.4549","r-ZTF","2022-11-17 13:07:24.997","ALeRCE","","","2022TNSTR3339....1M","2022TNSCR3449....1S, 2024TNSCR4777....1S","",""
"120022","SN 2022aahi","11:02:53.465","+28:29:13.16","SN II","0.071","SDSS J110253.31+282910.9","","ALeRCE, ATLAS","ZTF, ATLAS","ZTF","ALeRCE, ATLAS","ZTF22abtsttg","ATLAS-HKO - ATLAS-02, ATLAS-MLO - ATLAS-01, P48 - ZTF-Cam","P60 - SEDM","1","1","","18.6741","r-ZTF","2022-11-14 10:13:54.998","ALeRCE","","","2022TNSTR3304....1M","2022TNSCR3664....1J","",""
"120020","SN 2022aahg","10:24:00.258","-18:33:17.10","SN II","0.017","","","ZTF, YSE","ZTF, Pan-STARRS","ZTF","Pan-STARRS, YSE, ZTF","ZTF22abttbmf","P48 - ZTF-Cam, PS2 - GPC2","P60 - SEDM","1","1","","18.8464","g-ZTF","2022-11-14 11:43:41.088","ZTF_CLU_PUBLIC","","","2022TNSTR3311....1D","2022TNSCR3477....1S","",""
"119830","SN 2022zzz","12:23:26.403","+16:43:18.69","SN II","0.03051","","","ATLAS, ZTF","ATLAS, ZTF","ZTF","ATLAS, ZTF","","ATLAS-MLO - ATLAS-01, Other - Other, P48 - ZTF-Cam","P60 - SEDM","1","1","","17.9","Clear-","2022-11-12 19:46:16.000","Koichi Itagaki","","","2022TNSTR3280....1I","2022TNSCR3511....1P","",""
"119773","SN 2022zxw","01:55:13.929","+53:11:58.43","SN II","0.025","","","ZTF, ATLAS","ZTF, ATLAS","ZTF","ATLAS, ZTF","ZTF22abtcphd","ATLAS-HKO - ATLAS-02, ATLAS-MLO - ATLAS-01, P48 - ZTF-Cam","LT - SPRAT","1","1","","19.09","g-ZTF","2022-11-10 09:44:38.400","ZTF_Bot1","","","2022TNSTR3285....1F","2022TNSCR3514....1H","",""
"119770","SN 2022zxt","08:40:16.380","+56:02:36.02","SN II","0.026","","","ZTF, ATLAS, Pan-STARRS","ZTF, ATLAS, Pan-STARRS","ZTF","ATLAS, Pan-STARRS, ZTF","ZTF22abtcsyd","ATLAS-HKO - ATLAS-02, ATLAS-MLO - ATLAS-01, P48 - ZTF-Cam, PS2 - GPC2","P60 - SEDM","1","1","","18.6251","g-ZTF","2022-11-12 07:42:04.032","ZTF_CLU_PUBLIC","","","2022TNSTR3286....1D","2022TNSCR3360....1S","",""
"119768","SN 2022zxr","12:55:06.354","+58:47:11.57","SN II","0.008745","","","ZTF, ATLAS, Pan-STARRS","ZTF, ATLAS, Pan-STARRS","ZTF","ATLAS, Pan-STARRS, ZTF","ZTF22abtcyhv","ATLAS-MLO - ATLAS-01, P48 - ZTF-Cam, PS2 - GPC2","P60 - SEDM","1","1","","16.649","r-ZTF","2022-11-10 11:46:32.160","ZTF_CLU_PUBLIC","","","2022TNSTR3273....1D","2022TNSCR3301....1S","",""
"119751","SN 2022zxa","02:39:57.743","+10:27:34.52","SN II","0.025","","","ZTF, ATLAS","ZTF, ATLAS","ZTF","ATLAS, ZTF","ZTF22abtfczg","ATLAS-CHL - ATLAS-04, ATLAS-MLO - ATLAS-01, P48 - ZTF-Cam","LT - SPRAT","1","1","","18.16","r-ZTF","2022-11-11 07:09:07.200","ZTF_Bot1","","","2022TNSTR3272....1F","2022TNSCR3418....1H","",""
"119462","SN 2022zmb","10:38:43.180","+56:33:14.53","SN II","0.01449","SDSS J103843.15+563314.6","0.01448957","ALeRCE, ATLAS, Pan-STARRS, YSE","ZTF, ATLAS, Pan-STARRS","ZTF","ALeRCE, ATLAS, Pan-STARRS, YSE","ZTF22abssiet","ATLAS-MLO - ATLAS-01, P48 - ZTF-Cam, PS2 - GPC2","P60 - SEDM","1","1","","18.6121","r-ZTF","2022-11-04 11:21:43.998","ALeRCE","","","2022TNSTR3220....1M","2022TNSCR3316....1S","",""
"119409","SN 2022zkb","11:37:04.560","+50:49:09.34","SN II","0.05","SDSS J113704.56+504909.4","","ALeRCE, ATLAS, Pan-STARRS","ZTF, ATLAS, Pan-STARRS","ZTF","ALeRCE, ATLAS, Pan-STARRS","ZTF18aajjoko","ATLAS-MLO - ATLAS-01, P48 - ZTF-Cam, PS1 - GPC1","LT - SPRAT","1","1","","18.258","g-ZTF","2022-11-01 12:27:51.002","ALeRCE","","","2022TNSTR3202....1M","2022TNSCR3448....1P","",""
"119401","SN 2022zjt","12:07:25.642","+62:56:18.59","SN II","0.035","SDSS J120726.53+625623.1","","ALeRCE, ATLAS, Pan-STARRS","ZTF, ATLAS, Pan-STARRS","ZTF","ALeRCE, ATLAS, Pan-STARRS","ZTF22absmdsy","ATLAS-MLO - ATLAS-01, P48 - ZTF-Cam, PS2 - GPC2","P60 - SEDM","1","1","","18.7914","g-ZTF","2022-11-01 12:25:08.000","ALeRCE","","","2022TNSTR3202....1M","2022TNSCR3289....1S","",""
"118911","SN 2022yrl","01:27:33.685","+21:42:39.96","SN II","0.048","","","ZTF, Pan-STARRS","ZTF, Pan-STARRS","ZTF","Pan-STARRS, ZTF","ZTF22abppdgt","P48 - ZTF-Cam, PS2 - GPC2","P200 - DBSP","1","1","","20.11","g-ZTF","2022-10-21 06:20:09.600","ZTF_Bot1","","","2022TNSTR3122....1F","2024TNSCR3509....1D","",""
"118886","SN 2022yqm","00:42:46.099","-07:35:56.01","SN II","0.051","SDSS J004246.18-073554.3","","ALeRCE, ATLAS, Fink, Pan-STARRS","ZTF, ATLAS, Pan-STARRS","ZTF","ALeRCE, ATLAS, Fink, Pan-STARRS","ZTF22abqbqty","ATLAS-CHL - ATLAS-04, ATLAS-HKO - ATLAS-02, P48 - ZTF-Cam, PS2 - GPC2","P60 - SEDM","1","1","","20.4138","g-ZTF","2022-10-22 05:02:03.998","ALeRCE","","","2022TNSTR3104....1M","2022TNSCR3513....1S","",""
"118847","SN 2022yoz","21:04:24.444","-21:46:39.92","SN II","0.028797","","","ATLAS, ALeRCE","ATLAS, ZTF","ZTF","ALeRCE, ATLAS","ATLAS22bkam","ATLAS-CHL - ATLAS-04, ATLAS-STH - ATLAS-03, P48 - ZTF-Cam","P60 - SEDM","1","1","","19.022","cyan-ATLAS","2022-10-25 00:49:43.392","ATLAS_Bot1","","","2022TNSTR3106....1T","2022TNSCR3316....1S","",""
"118792","SN 2022ymx","02:43:41.676","+42:01:17.78","SN II","0.019637","","","ZTF","ZTF","ZTF","ZTF","ZTF22abgntys","P48 - ZTF-Cam","P60 - SEDM","1","1","","19.23","r-ZTF","2022-10-12 08:08:09.600","ZTF_Bot1","","","2022TNSTR3097....1F","2022TNSCR3186....1Y","",""
"118768","SN 2022yma","03:08:48.340","-07:02:06.56","SN II","0.0289","","","ATLAS, ZTF, Pan-STARRS","ATLAS, ZTF, Pan-STARRS","ZTF","ATLAS, Pan-STARRS, ZTF","ATLAS22bjwn","ATLAS-CHL - ATLAS-04, ATLAS-MLO - ATLAS-01, P48 - ZTF-Cam, PS1 - GPC1","P200 - DBSP","1","1","","19.46","cyan-ATLAS","2022-10-23 05:51:29.376","ATLAS_Bot1","","","2022TNSTR3083....1T","2022TNSCR3541....1D","",""
"118523","SN 2022ycs","07:50:56.419","+18:37:35.45","SN II","0.01","","","ZTF, ATLAS, Pan-STARRS","ZTF, ATLAS, Pan-STARRS","ZTF","ATLAS, Pan-STARRS, ZTF","ZTF22abnejmu","ATLAS-MLO - ATLAS-01, P48 - ZTF-Cam, PS1 - GPC1","P60 - SEDM","1","1","","19.31","g-ZTF","2022-10-14 11:25:26.400","ZTF_Bot1","","","2022TNSTR3046....1F","2022TNSCR3102....1S","",""
"118043","SN 2022xmk","02:08:14.533","+34:45:12.63","SN II","0.03","","","ZTF","ZTF","ZTF","ZTF","ZTF22abmmhdm","P48 - ZTF-Cam","P60 - SEDM","1","1","","19.17","r-ZTF","2022-10-12 07:33:36.000","ZTF_Bot1","","","2022TNSTR2986....1F","2024TNSCR3189....1S","",""
"117965","SN 2022xjk","02:16:32.508","-11:20:59.40","SN II","0.013403","","","ZTF, ATLAS, Pan-STARRS","ZTF, ATLAS, Pan-STARRS","ZTF","ATLAS, Pan-STARRS, ZTF","ZTF22abmsaxp","ATLAS-CHL - ATLAS-04, ATLAS-HKO - ATLAS-02, P48 - ZTF-Cam, PS1 - GPC1","P60 - SEDM","1","1","","99","r-ZTF","2022-10-12 08:27:25.632","ZTF_CLU_PUBLIC","","","2022TNSTR2964....1D","2022TNSCR2990....1S","",""
"117735","SN 2022xav","09:39:17.646","+32:18:38.46","SN II","0.0226","","","ZTF, ATLAS","ZTF, ATLAS","ZTF","ATLAS, ZTF","ZTF22ablnrcv","ATLAS-HKO - ATLAS-02, ATLAS-MLO - ATLAS-01, P48 - ZTF-Cam","P200 - DBSP","1","1","","18.8","g-ZTF","2022-10-06 11:22:33.600","ZTF_Bot1","","","2022TNSTR2930....1F","2022TNSCR3434....1P","",""
"117688","SN 2022wza","03:12:37.130","+45:12:34.85","SN II","0.01","","","ZTF, GaiaAlerts, ATLAS","ZTF, GaiaAlerts, ATLAS","ZTF","ATLAS, GaiaAlerts, ZTF","ZTF22abkkhao","ATLAS-MLO - ATLAS-01, Gaia - Gaia-photometric, P48 - ZTF-Cam","P60 - SEDM","1","1","","20.42","g-ZTF","2022-10-02 09:25:55.200","ZTF_Bot1","","","2022TNSTR2930....1F","2022TNSCR3024....1S","",""
"117567","SN 2022wuq","10:57:29.494","+28:44:05.75","SN II","0.0426","","","ZTF, ATLAS, Pan-STARRS","ZTF, ATLAS, Pan-STARRS","ZTF","ATLAS, Pan-STARRS, ZTF","ZTF22ablbvag","ATLAS-HKO - ATLAS-02, ATLAS-MLO - ATLAS-01, P48 - ZTF-Cam, PS1 - GPC1","P60 - SEDM","1","1","","18.7","r-ZTF","2022-10-04 12:37:26.400","ZTF_Bot1","","","2022TNSTR2895....1F","2022TNSCR3054....1S","",""
"117537","SN 2022wtm","09:48:46.307","+00:16:20.62","SN II","0.0202","WISEA J094846.29+001618.7","0.020181","ASAS-SN, ZTF, ATLAS","ASAS-SN, ZTF, ATLAS","ZTF","ASAS-SN, ATLAS, ZTF","ASASSN-22mo","ASASSN-1 - Brutus, ASASSN-5 - Payne-Gaposchkin, ATLAS-HKO - ATLAS-02, ATLAS-STH - ATLAS-03, P48 - ZTF-Cam","P200 - DBSP","1","1","","16.2","g-Sloan","2022-10-04 14:52:48.000","Krzysztof Stanek","","","2022TNSTR2880....1S","2022TNSCR3317....1D","",""
"117464","SN 2022wqs","17:29:45.560","+05:29:22.56","SN II","0.03","","","ZTF, ATLAS, GaiaAlerts","ZTF, ATLAS, GaiaAlerts","ZTF","ATLAS, GaiaAlerts, ZTF","ZTF22abjrrea","ATLAS-MLO - ATLAS-01, Gaia - Gaia-photometric, P48 - ZTF-Cam","P200 - DBSP","1","1","","19.1382","r-ZTF","2022-10-01 04:07:26.112","ZTF_CLU_PUBLIC","","","2022TNSTR2874....1D","2022TNSCR3317....1D","",""
"117308","SN 2022wku","08:37:48.206","+44:30:00.46","SN II","0.13415","","","ZTF, ATLAS, YSE, Pan-STARRS","ZTF, ATLAS, Pan-STARRS","ZTF","ATLAS, Pan-STARRS, YSE, ZTF","ZTF22abjzweh","ATLAS-HKO - ATLAS-02, ATLAS-MLO - ATLAS-01, P48 - ZTF-Cam, PS1 - GPC1, PS2 - GPC2","P60 - SEDM","1","1","","18.81","r-ZTF","2022-10-01 10:49:26.400","ZTF_Bot1","","","2022TNSTR2852....1F","2022TNSCR3054....1S","",""
"117100","SN 2022wcz","00:22:43.716","+08:28:49.49","SN II","0.02","SDSS J002243.81+082849.7","","ALeRCE, Pan-STARRS, Fink, ATLAS","ZTF, Pan-STARRS, ATLAS","ZTF","ALeRCE, ATLAS, Fink, Pan-STARRS","ZTF22abiwwyf","ATLAS-CHL - ATLAS-04, ATLAS-HKO - ATLAS-02, P48 - ZTF-Cam, PS1 - GPC1","P60 - SEDM","1","1","","20.7636","r-ZTF","2022-09-26 08:07:17.000","ALeRCE","","","2022TNSTR2802....1M","2022TNSCR2958....1S","",""
"117066","SN 2022wbr","04:29:15.658","+40:14:46.86","SN II","0.0198","","","ZTF","ZTF","ZTF","ZTF","ZTF22abitour","P48 - ZTF-Cam","P200 - DBSP","1","1","","20.5896","g-ZTF","2022-09-27 11:12:47.808","ZTF_CLU_PUBLIC","","","2022TNSTR2798....1D","2024TNSCR3556....1K","",""
"116980","SN 2022vym","08:54:01.100","+18:41:18.06","SN II","0.0145","","","GaiaAlerts, ATLAS, ZTF, Pan-STARRS","GaiaAlerts, ATLAS, ZTF, Pan-STARRS","ZTF","ATLAS, GaiaAlerts, Pan-STARRS, ZTF","Gaia22eac","ATLAS-HKO - ATLAS-02, ATLAS-MLO - ATLAS-01, Gaia - Gaia-photometric, P48 - ZTF-Cam, PS2 - GPC2","P60 - SEDM","1","1","","18.73","G-Gaia","2022-09-24 21:56:09.600","Gaia_Bot1","","","2022TNSTR2784....1H","2022TNSCR2891....1S","",""
"116786","SN 2022vrc","04:48:32.970","-10:37:09.37","SN II","0.03","","","ZTF, ATLAS, Fink, Pan-STARRS, GaiaAlerts","ZTF, ATLAS, Pan-STARRS, GaiaAlerts","ZTF","ATLAS, Fink, GaiaAlerts, Pan-STARRS, ZTF","ZTF22abhuvqj","ATLAS-HKO - ATLAS-02, ATLAS-MLO - ATLAS-01, Gaia - Gaia-photometric, P48 - ZTF-Cam, PS2 - GPC2","P60 - SEDM","1","1","","18.74","r-ZTF","2022-09-24 10:40:48.000","ZTF_Bot1","","","2022TNSTR2766....1F","2022TNSCR2899....1S","",""
"116656","SN 2022vmi","07:46:45.230","+23:41:48.01","SN II","0.0453479","","","ZTF, ATLAS, GaiaAlerts","ZTF, ATLAS, GaiaAlerts","ZTF","ATLAS, GaiaAlerts, ZTF","ZTF22abhhxuv","ATLAS-HKO - ATLAS-02, ATLAS-MLO - ATLAS-01, Gaia - Gaia-photometric, P48 - ZTF-Cam","P200 - DBSP","1","1","","18.83","g-ZTF","2022-09-22 11:05:16.800","ZTF_Bot1","","","2022TNSTR2741....1F","2022TNSCR3545....1D","",""
"116551","SN 2022vik","09:27:34.281","+18:26:43.43","SN II","0.0081","","","ZTF, ATLAS, Pan-STARRS","ZTF, ATLAS, Pan-STARRS","ZTF","ATLAS, Pan-STARRS, ZTF","ZTF22abgveih","ATLAS-HKO - ATLAS-02, ATLAS-MLO - ATLAS-01, P48 - ZTF-Cam, PS1 - GPC1","P60 - SEDM","1","1","","15.98","r-ZTF","2022-09-20 12:25:55.200","ZTF_Bot1","","","2022TNSTR2728....1F","2022TNSCR2770....1S","",""
"116548","SN 2022vih","23:09:48.702","+19:40:34.85","SN II","0.035741","","","ZTF, ATLAS, Pan-STARRS","ZTF, ATLAS, Pan-STARRS","ZTF","ATLAS, Pan-STARRS, ZTF","ZTF22abgyfnv","ATLAS-HKO - ATLAS-02, ATLAS-MLO - ATLAS-01, P48 - ZTF-Cam, PS2 - GPC2","P60 - SEDM","1","1","","19.57","r-ZTF","2022-09-21 06:43:12.000","ZTF_Bot1","","","2022TNSTR2728....1F","2022TNSCR2857....1S","",""
"116068","SN 2022uqv","09:17:50.748","+09:41:52.19","SN II","0.0390830003","","","ZTF, Pan-STARRS","ZTF, Pan-STARRS","ZTF","Pan-STARRS, ZTF","ZTF22abgbhjs","P48 - ZTF-Cam, PS2 - GPC2","P60 - SEDM","1","1","","19.01","g-ZTF","2022-09-17 12:21:36.000","ZTF_Bot1","","","2022TNSTR2690....1F","2022TNSCR2745....1S","",""
"116007","SN 2022uop","02:15:58.381","+01:35:33.45","SN II","0.01","","","ZTF, ATLAS, Fink, Pan-STARRS","ZTF, ATLAS, Pan-STARRS","ZTF","ATLAS, Fink, Pan-STARRS, ZTF","ZTF22abfzdkz","ATLAS-CHL - ATLAS-04, ATLAS-HKO - ATLAS-02, P48 - ZTF-Cam, PS1 - GPC1","P60 - SEDM","1","1","","19.6","g-ZTF","2022-09-17 08:22:33.600","ZTF_Bot1","","","2022TNSTR2678....1F","2022TNSCR2732....1S","",""
"115819","SN 2022uhk","18:50:17.280","+75:27:59.90","SN II","0.07","","","Pan-STARRS, ATLAS, ZTF, GaiaAlerts","Pan-STARRS, ATLAS, ZTF, GaiaAlerts","ZTF","ATLAS, GaiaAlerts, Pan-STARRS, ZTF","PS22ikd","ATLAS-MLO - ATLAS-01, Gaia - Gaia-photometric, P48 - ZTF-Cam, PS1 - GPC1","LT - SPRAT","1","1","","18.91","i-P1","2022-09-15 08:33:00.000","PS1_Bot1","","","2022TNSTR2677....1C","2022TNSCR2868....1P","",""
"115714","SN 2022udk","19:25:21.894","+52:19:34.12","SN II","0.0548","","","ATLAS, ALeRCE","ATLAS, ZTF","ZTF","ALeRCE, ATLAS","ATLAS22beri","ATLAS-MLO - ATLAS-01, P48 - ZTF-Cam","P200 - DBSP","1","1","","18.618","orange-ATLAS","2022-09-15 07:09:58.176","ATLAS_Bot1","","","2022TNSTR2654....1T","2022TNSCR3256....1S","",""
"115703","SN 2022ucz","17:02:11.750","+82:41:15.94","SN II","0.042","","","ZTF, GaiaAlerts, ATLAS, Fink","ZTF, GaiaAlerts, ATLAS","ZTF","ATLAS, Fink, GaiaAlerts, ZTF","ZTF22abfutah","ATLAS-HKO - ATLAS-02, ATLAS-MLO - ATLAS-01, Gaia - Gaia-photometric, P48 - ZTF-Cam","P60 - SEDM","1","1","","20.79","r-ZTF","2022-08-28 04:52:19.200","ZTF_Bot1","","","2022TNSTR2659....1F","2022TNSCR2829....1S","",""
"115421","SN 2022tsk","17:19:20.540","+36:01:13.94","SN II","0.037","SDSS J171920.17+360112.1","","ALeRCE, ATLAS, Pan-STARRS, GaiaAlerts, YSE","ZTF, ATLAS, Pan-STARRS, GaiaAlerts","ZTF","ALeRCE, ATLAS, GaiaAlerts, Pan-STARRS, YSE","ZTF22abfoehf","ATLAS-HKO - ATLAS-02, ATLAS-MLO - ATLAS-01, Gaia - Gaia-photometric, P48 - ZTF-Cam, PS1 - GPC1, PS2 - GPC2","P60 - SEDM","1","1","","19.2612","r-ZTF","2022-09-07 03:44:38.996","ALeRCE","","","2022TNSTR2602....1M","2022TNSCR2745....1S","",""
"115255","SN 2022tmb","03:20:33.609","+37:29:54.85","SN II","0.0174","","","ZTF, ATLAS, Pan-STARRS","ZTF, ATLAS, Pan-STARRS","ZTF, UCSC","ATLAS, Pan-STARRS, ZTF","ZTF22abfavpu","ATLAS-MLO - ATLAS-01, P48 - ZTF-Cam, PS1 - GPC1","Lick-3m - KAST, P60 - SEDM","1","1","","20.17","g-ZTF","2022-09-03 11:15:21.600","ZTF_Bot1","","","2022TNSTR2587....1F","2022TNSCR2621....1S, 2022TNSCR2619....1J","",""
"114874","SN 2022sxm","07:23:20.660","+03:12:29.09","SN II","0.027","WISEA J072320.64+031228.1","","ALeRCE, ATLAS, GaiaAlerts","ZTF, ATLAS, GaiaAlerts","ZTF","ALeRCE, ATLAS, GaiaAlerts","ZTF22abewvtv","ATLAS-CHL - ATLAS-04, ATLAS-HKO - ATLAS-02, Gaia - Gaia-photometric, P48 - ZTF-Cam","P60 - SEDM","1","1","","18.3545","r-ZTF","2022-09-02 11:50:35.998","ALeRCE","","","2022TNSTR2550....1M","2022TNSCR2664....1S","",""
"114429","SN 2022sgn","02:02:13.553","+68:21:10.28","SN II","0.0119","","","ZTF","ZTF","ZTF","ZTF","ZTF22abbnica","P48 - ZTF-Cam","Keck1 - LRIS","1","1","","20.4109","r-ZTF","2022-08-15 09:44:53.088","ZTF_CLU_PUBLIC","","","2022TNSTR2475....1D","2024TNSCR3556....1K","",""
"114226","SN 2022ryv","18:18:03.840","+14:29:01.72","SN II","0.03","","","ZTF, ATLAS, GaiaAlerts","ZTF, ATLAS, GaiaAlerts","ZTF","ATLAS, GaiaAlerts, ZTF","ZTF22abcfics","ATLAS-HKO - ATLAS-02, ATLAS-MLO - ATLAS-01, Gaia - Gaia-photometric, P48 - ZTF-Cam","P60 - SEDM","1","1","","18.23","r-ZTF","2022-08-23 05:31:12.000","ZTF_Bot1","","","2022TNSTR2435....1F","2022TNSCR2801....1S","",""
"114121","SN 2022ruw","02:23:12.735","+02:59:50.99","SN II","0.040651","","","ZTF, ATLAS, Pan-STARRS","ZTF, ATLAS, Pan-STARRS","ZTF","ATLAS, Pan-STARRS, ZTF","ZTF22abbiwrr","ATLAS-CHL - ATLAS-04, ATLAS-MLO - ATLAS-01, P48 - ZTF-Cam, PS1 - GPC1","P60 - SEDM","1","1","","19.16","g-ZTF","2022-08-19 09:37:26.400","ZTF_Bot1","","","2022TNSTR2419....1F","2022TNSCR2499....1P","",""
"113730","SN 2022rgd","01:52:18.900","+31:32:36.38","SN II","0.033306","","","ZTF, ATLAS, GaiaAlerts, Pan-STARRS","ZTF, ATLAS, GaiaAlerts, Pan-STARRS","ZTF","ATLAS, GaiaAlerts, Pan-STARRS, ZTF","ZTF22abaegxq","ATLAS-HKO - ATLAS-02, ATLAS-MLO - ATLAS-01, Gaia - Gaia-photometric, P48 - ZTF-Cam, PS1 - GPC1","P60 - SEDM","1","1","","19.1551","r-ZTF","2022-08-15 10:20:40.128","ZTF_CLU_PUBLIC","","","2022TNSTR2334....1D","2022TNSCR2451....1S","",""
"113505","SN 2022qxp","03:07:06.455","-05:57:29.49","SN II","0.019","KUG 0304-061","0.019003","ALeRCE","ZTF","ZTF","ALeRCE","ZTF22aayubvt","P48 - ZTF-Cam","P200 - DBSP","1","1","","19.1635","r-ZTF","2022-08-07 11:28:07.000","ALeRCE","","","","2022TNSCR2562....1S","",""
"113492","SN 2022qxc","00:18:10.252","+01:20:17.02","SN II","0.07","SDSS J001810.21+012016.7","","ALeRCE, Pan-STARRS, ATLAS, Fink","ZTF, Pan-STARRS, ATLAS","ZTF","ALeRCE, ATLAS, Fink, Pan-STARRS","ZTF22aazjiam","ATLAS-HKO - ATLAS-02, ATLAS-MLO - ATLAS-01, P48 - ZTF-Cam, PS2 - GPC2","P200 - DBSP","1","1","","19.5248","g-ZTF","2022-08-07 09:56:29.999","ALeRCE","","","","2022TNSCR2878....1P","",""
"113415","SN 2022quh","03:04:41.475","+05:59:21.64","SN II","0.03","","","ZTF, ATLAS, Fink, Pan-STARRS","ZTF, ATLAS, Pan-STARRS","ZTF","ATLAS, Fink, Pan-STARRS, ZTF","ZTF22aazjqtu","ATLAS-CHL - ATLAS-04, ATLAS-HKO - ATLAS-02, P48 - ZTF-Cam, PS1 - GPC1","P60 - SEDM","1","1","","19.09","g-ZTF","2022-08-04 10:13:26.400","ZTF_Bot1","","","2022TNSTR2251....1F","2022TNSCR2466....1S","",""
"113327","SN 2022qqx","23:53:15.628","+07:25:31.66","SN II","0.01779","","","ATLAS, Pan-STARRS","ATLAS, Pan-STARRS","ZTF","ATLAS, Pan-STARRS","ATLAS22zay","ATLAS-HKO - ATLAS-02, ATLAS-MLO - ATLAS-01, PS2 - GPC2","Keck1 - LRIS","1","1","","19.075","cyan-ATLAS","2022-08-05 13:29:09.024","ATLAS_Bot1","","","2022TNSTR2231....1T","2024TNSCR3559....1S","",""
"113165","SN 2022qkt","06:29:12.397","+37:05:36.08","SN II","0.025","SDSS J062912.69+370533.0","","ALeRCE, ATLAS","ZTF, ATLAS","ZTF","ALeRCE, ATLAS","ZTF22aakjgru","ATLAS-HKO - ATLAS-02, P48 - ZTF-Cam","P60 - SEDM","1","1","","18.2857","r-ZTF","2022-08-02 11:45:27.999","ALeRCE","","","2022TNSTR2178....1M","2022TNSCR2451....1S","",""
"112861","SN 2022pzh","00:16:19.123","+45:08:15.32","SN II","0.045","","","ZTF","ZTF","ZTF","ZTF","ZTF22aawptbl","P48 - ZTF-Cam","LT - SPRAT","1","1","","20.48","g-ZTF","2022-07-26 10:48:00.000","ZTF_Bot1","","","2022TNSTR2141....1F","2022TNSCR2646....1H","",""
"112444","SN 2022pjl","21:56:40.958","-09:30:52.34","SN II","0.0805","","","ANTARES, ATLAS, MASTER, Pan-STARRS","ZTF, ATLAS, MASTER, Pan-STARRS","ZTF","ANTARES, ATLAS, MASTER, Pan-STARRS","ZTF22aaspkif","ATLAS-CHL - ATLAS-04, ATLAS-STH - ATLAS-03, Other - Other, P48 - ZTF-Cam, PS2 - GPC2","P200 - DBSP","1","1","","18.6782","r-ZTF","2022-07-23 09:25:30.144","ANTARES_bot","","","2022TNSTR2073....1A","2022TNSCR2464....1P","",""
"111889","SN 2022oor","15:04:29.806","+02:20:18.82","SN II","0.031968","","","ZTF, ATLAS, Pan-STARRS","ZTF, ATLAS, Pan-STARRS","ZTF","ATLAS, Pan-STARRS, ZTF","ZTF22aaslyzf","ATLAS-HKO - ATLAS-02, ATLAS-MLO - ATLAS-01, P48 - ZTF-Cam, PS2 - GPC2","P200 - DBSP","1","1","","19.1609","g-ZTF","2022-07-09 07:56:21.984","ZTF_CLU_PUBLIC","","","2022TNSTR1931....1D","2022TNSCR2177....1S","",""
"111879","SN 2022ooh","01:53:14.700","-13:44:29.80","SN II","0.035","","","ATLAS, ZTF, GaiaAlerts, Pan-STARRS","ATLAS, ZTF, GaiaAlerts, Pan-STARRS","ZTF","ATLAS, GaiaAlerts, Pan-STARRS, ZTF","ATLAS22tdf","ATLAS-CHL - ATLAS-04, ATLAS-HKO - ATLAS-02, Gaia - Gaia-photometric, P48 - ZTF-Cam, PS1 - GPC1","P60 - SEDM","1","1","","18.22","cyan-ATLAS","2022-07-08 14:17:19.104","ATLAS_Bot1","","","2022TNSTR1917....1T","2022TNSCR2228....1S","",""
"111837","SN 2022omr","23:41:41.100","+50:02:58.96","SN II","0.023","WISEA J234140.96+500258.9","","ALeRCE, ATLAS, GaiaAlerts","ZTF, ATLAS, GaiaAlerts","ZTF","ALeRCE, ATLAS, GaiaAlerts","ZTF22aasojye","ATLAS-HKO - ATLAS-02, ATLAS-MLO - ATLAS-01, Gaia - Gaia-photometric, P48 - ZTF-Cam","Keck1 - LRIS","1","1","","19.3793","g-ZTF","2022-07-08 09:16:05.002","ALeRCE","","","2022TNSTR1915....1M","2022TNSCR2203....1D","",""
"111712","SN 2022oic","03:03:54.560","+10:31:18.19","SN II","0.025","","","ATLAS, GaiaAlerts, ZTF, Pan-STARRS","ATLAS, GaiaAlerts, ZTF, Pan-STARRS","ZTF","ATLAS, GaiaAlerts, Pan-STARRS, ZTF","ATLAS22srs","ATLAS-MLO - ATLAS-01, Gaia - Gaia-photometric, P48 - ZTF-Cam, PS1 - GPC1","P60 - SEDM","1","1","","18.341","orange-ATLAS","2022-07-04 14:13:48.288","ATLAS_Bot1","","","2022TNSTR1886....1T","2022TNSCR2560....1P","",""
"111628","SN 2022oey","03:48:29.040","+70:08:12.73","SN II","0.004","UGC 02855","0.004003","ALeRCE, GaiaAlerts, ATLAS","ZTF, GaiaAlerts, ATLAS","ZTF","ALeRCE, ATLAS, GaiaAlerts","ZTF22aarynsk","ATLAS-HKO - ATLAS-02, Gaia - Gaia-photometric, Other - Other, P48 - ZTF-Cam","LT - SPRAT","1","1","","17.2876","r-ZTF","2022-07-04 11:04:39.000","ALeRCE","","","2022TNSTR1863....1M","2022TNSCR2308....1H","",""
"111496","SN 2022nzx","01:31:46.680","+33:36:58.00","SN II","0.0166549999","","","GaiaAlerts, ATLAS, ALeRCE, Pan-STARRS","GaiaAlerts, ATLAS, ZTF, Pan-STARRS","ZTF","ALeRCE, ATLAS, GaiaAlerts, Pan-STARRS","Gaia22csk","ATLAS-MLO - ATLAS-01, Gaia - Gaia-photometric, P48 - ZTF-Cam, PS1 - GPC1","P60 - SEDM","1","1","","18.55","G-Gaia","2022-06-29 08:39:50.400","Gaia_Bot1","","","2022TNSTR1841....1H","2022TNSCR1959....1S","",""
"111180","SN 2022nnx","23:43:43.819","+05:49:38.63","SN II","0.035","SDSS J234343.79+054941.8","","ALeRCE, ATLAS, Pan-STARRS","ZTF, ATLAS, Pan-STARRS","ZTF","ALeRCE, ATLAS, Pan-STARRS","ZTF22aapjrvz","ATLAS-CHL - ATLAS-04, ATLAS-MLO - ATLAS-01, P48 - ZTF-Cam, PS2 - GPC2","Keck1 - LRIS","1","1","","18.8641","g-ZTF","2022-06-25 10:25:19.001","ALeRCE","","","2022TNSTR1762....1F","2022TNSCR2285....1S","",""
"110994","SN 2022ngt","16:07:44.629","+67:57:15.91","SN II","0.02","WISEA J160744.23+675716.3","","ALeRCE, Pan-STARRS","ZTF, Pan-STARRS","ZTF","ALeRCE, Pan-STARRS","ZTF22aaoxhuh","P48 - ZTF-Cam, PS2 - GPC2","P60 - SEDM","1","1","","19.759","g-ZTF","2022-06-22 07:23:05.997","ALeRCE","","","2022TNSTR1728....1M","2022TNSCR1988....1S","",""
"110825","SN 2022nah","00:46:56.910","-21:50:49.60","SN II","0.021435","","","ATLAS, GaiaAlerts, ZTF, Pan-STARRS","ATLAS, GaiaAlerts, ZTF, Pan-STARRS","ZTF","ATLAS, GaiaAlerts, Pan-STARRS, ZTF","ATLAS22qyk","ATLAS-CHL - ATLAS-04, Gaia - Gaia-photometric, P48 - ZTF-Cam, PS2 - GPC2","P60 - SEDM","1","1","","17.81","orange-ATLAS","2022-06-19 07:37:19.776","ATLAS_Bot1","","","2022TNSTR1707....1T","2022TNSCR2368....1S","",""
"110774","SN 2022myi","18:29:19.130","+29:28:44.36","SN II","0.05","WISEA J182918.81+292847.1","","ALeRCE, ATLAS, Fink, Pan-STARRS, GaiaAlerts","ZTF, ATLAS, Pan-STARRS, GaiaAlerts","ZTF","ALeRCE, ATLAS, Fink, GaiaAlerts, Pan-STARRS","ZTF22aaokebo","ATLAS-HKO - ATLAS-02, Gaia - Gaia-photometric, P48 - ZTF-Cam, PS2 - GPC2","P60 - SEDM","1","1","","19.9074","r-ZTF","2022-06-13 07:26:20.000","ALeRCE","","","2022TNSTR1691....1F","2022TNSCR1871....1S","",""
"110464","SN 2022mmr","23:31:53.362","-05:00:43.85","SN II","0.0173","IC 1498","0.017312","ALeRCE, ATLAS, Pan-STARRS","ZTF, ATLAS, Pan-STARRS","ZTF","ALeRCE, ATLAS, Pan-STARRS","ZTF22aanzbru","ATLAS-HKO - ATLAS-02, ATLAS-STH - ATLAS-03, P48 - ZTF-Cam, PS1 - GPC1, PS2 - GPC2","P60 - SEDM","1","1","","20.2819","g-ZTF","2022-06-10 10:13:44.000","ALeRCE","","","2022TNSTR1618....1M","2022TNSCR1783....1S","",""
"110375","SN 2022mji","09:42:54.070","+31:51:03.56","SN II","0.004","","","ATLAS, GaiaAlerts, ALeRCE, Pan-STARRS","ATLAS, GaiaAlerts, ZTF, Pan-STARRS","ZTF","ALeRCE, ATLAS, GaiaAlerts, Pan-STARRS","ATLAS22qnq","ATLAS-HKO - ATLAS-02, ATLAS-MLO - ATLAS-01, Gaia - Gaia-photometric, P48 - ZTF-Cam, PS2 - GPC2","P60 - SEDM","1","1","","17.361","orange-ATLAS","2022-06-09 06:21:10.080","ATLAS_Bot1","","","2022TNSTR1607....1T","2022TNSCR1666....1S","",""
"110326","SN 2022mhm","02:27:00.340","+42:48:35.64","SN II","0.027","","","ZTF, GaiaAlerts, ATLAS","ZTF, GaiaAlerts, ATLAS","ZTF","ATLAS, GaiaAlerts, ZTF","ZTF22aanmbrl","ATLAS-MLO - ATLAS-01, Gaia - Gaia-photometric, P48 - ZTF-Cam","P60 - SEDM","1","1","","18.11","r-ZTF","2022-06-07 11:22:33.600","ZTF_Bot1","","","2022TNSTR1600....1F","2022TNSCR1835....1S","",""
"110313","SN 2022mgz","09:41:40.680","+16:57:07.27","SN II","0.027","","","ATLAS, GaiaAlerts, Pan-STARRS","ATLAS, GaiaAlerts, Pan-STARRS","ZTF","ATLAS, GaiaAlerts, Pan-STARRS","ATLAS22qib","ATLAS-HKO - ATLAS-02, ATLAS-STH - ATLAS-03, Gaia - Gaia-photometric, PS1 - GPC1","P60 - SEDM","1","1","","17.279","orange-ATLAS","2022-06-06 16:59:20.832","ATLAS_Bot1","","","2022TNSTR1581....1T","2024TNSCR3551....1S","",""
"110192","SN 2022mci","10:30:11.500","+43:21:45.94","SN II","0.013856","","","ATLAS, GaiaAlerts, ALeRCE","ATLAS, GaiaAlerts, ZTF","ZTF","ALeRCE, ATLAS, GaiaAlerts","ATLAS22qec","ATLAS-HKO - ATLAS-02, ATLAS-MLO - ATLAS-01, Gaia - Gaia-photometric, P48 - ZTF-Cam","Keck1 - LRIS","1","1","","18.477","orange-ATLAS","2022-06-05 06:06:26.208","ATLAS_Bot1","","","2022TNSTR1558....1T","2024TNSCR3556....1K","",""
"110116","SN 2022lzn","12:42:59.268","+48:22:13.48","SN II","0.03","","","ZTF, ATLAS, Pan-STARRS","ZTF, ATLAS, Pan-STARRS","ZTF","ATLAS, Pan-STARRS, ZTF","ZTF22aamssbr","ATLAS-HKO - ATLAS-02, ATLAS-MLO - ATLAS-01, P48 - ZTF-Cam, PS2 - GPC2","P60 - SEDM","1","1","","20.22","r-ZTF","2022-06-03 05:38:24.000","ZTF_Bot1","","","2022TNSTR1563....1F","2022TNSCR1714....1P","",""
"109769","SN 2022lmf","20:15:05.251","-16:19:45.32","SN II","0.0265","","","Pan-STARRS, ATLAS, ZTF","Pan-STARRS, ATLAS, ZTF","ZTF","ATLAS, Pan-STARRS, ZTF","PS22etn","ATLAS-STH - ATLAS-03, P48 - ZTF-Cam, PS2 - GPC2","P60 - SEDM","1","1","","20.07","w-P1","2022-05-31 12:38:39.840","PS2_Bot1","","","2022TNSTR1514....1C","2022TNSCR1783....1S","",""
"109681","SN 2022lix","14:18:06.730","+37:14:04.52","SN II","0.06804","","","ZTF, ATLAS, Fink, Pan-STARRS, GaiaAlerts","ZTF, ATLAS, Pan-STARRS, GaiaAlerts","ZTF","ATLAS, Fink, GaiaAlerts, Pan-STARRS, ZTF","ZTF22aalorla","ATLAS-HKO - ATLAS-02, ATLAS-MLO - ATLAS-01, Gaia - Gaia-photometric, P48 - ZTF-Cam, PS1 - GPC1, PS2 - GPC2","Lick-3m - KAST","1","1","","20.19","g-ZTF","2022-05-27 07:14:52.800","ZTF_Bot1","","","2022TNSTR1498....1F","2022TNSCR2227....1P","",""
"109659","SN 2022lic","23:43:02.800","+06:39:54.58","SN II","0.04","","","GaiaAlerts, ALeRCE, ATLAS, Pan-STARRS","GaiaAlerts, ZTF, ATLAS, Pan-STARRS","ZTF","ALeRCE, ATLAS, GaiaAlerts, Pan-STARRS","Gaia22bzq","ATLAS-HKO - ATLAS-02, ATLAS-MLO - ATLAS-01, Gaia - Gaia-photometric, P48 - ZTF-Cam, PS2 - GPC2","P60 - SEDM","1","1","","18.69","G-Gaia","2022-05-06 11:16:48.000","Gaia_Bot1","","","2022TNSTR1483....1H","2022TNSCR2067....1P","",""
"109572","SN 2022lev","23:53:43.780","-01:47:14.64","SN II","0.065","","","ATLAS, GaiaAlerts, Pan-STARRS, ALeRCE, DESIRT","ATLAS, GaiaAlerts, Pan-STARRS, ZTF, DESIRT","ZTF","ALeRCE, ATLAS, DESIRT, GaiaAlerts, Pan-STARRS","ATLAS22pjm","ATLAS-CHL - ATLAS-04, ATLAS-STH - ATLAS-03, CTIO-4m - DECAM, Gaia - Gaia-photometric, P48 - ZTF-Cam, PS1 - GPC1, PS2 - GPC2","P60 - SEDM","1","1","","18.272","orange-ATLAS","2022-05-26 03:45:35.424","ATLAS_Bot1","","","2022TNSTR1462....1T","2024TNSCR3189....1S","",""
"109398","SN 2022kye","21:01:47.880","-19:32:10.79","SN II","0.041","","","Pan-STARRS, ZTF, ATLAS, GaiaAlerts","Pan-STARRS, ZTF, ATLAS, GaiaAlerts","ZTF","ATLAS, GaiaAlerts, Pan-STARRS, ZTF","PS22epo","ATLAS-STH - ATLAS-03, Gaia - Gaia-photometric, P48 - ZTF-Cam, PS2 - GPC2","P60 - SEDM","1","1","","20.76","w-P1","2022-05-25 12:40:34.752","PS2_Bot1","","","2022TNSTR1440....1C","2022TNSCR1882....1S","",""
"109170","SN 2022kpm","12:07:10.741","+13:14:57.54","SN II","0.0211","","","ZTF","ZTF","ZTF","ZTF","ZTF22aakvfvr","P48 - ZTF-Cam","Keck1 - LRIS","1","1","","19.54","g-ZTF","2022-05-13 06:50:23.000","ZTF_Bot1","","","2022TNSTR1407....1F","2024TNSCR3587....1S","",""
"109131","SN 2022knz","16:14:19.406","+57:43:10.94","SN II","0.06","","","ATLAS, ZTF","ATLAS, ZTF","ZTF","ATLAS, ZTF","ATLAS22opk","ATLAS-HKO - ATLAS-02, ATLAS-MLO - ATLAS-01, P48 - ZTF-Cam","P60 - SEDM","1","1","","19.393","cyan-ATLAS","2022-05-24 10:17:32.640","ATLAS_Bot1","","","2022TNSTR1404....1T","2022TNSCR1749....1S","",""
"108849","SN 2022kdr","18:01:24.099","+73:51:44.95","SN II","0.04","WISEA J180124.01+735144.5","","ALeRCE, Pan-STARRS, ATLAS","ZTF, Pan-STARRS, ATLAS","ZTF","ALeRCE, ATLAS, Pan-STARRS","ZTF22aakiafr","ATLAS-HKO - ATLAS-02, ATLAS-MLO - ATLAS-01, P48 - ZTF-Cam, PS1 - GPC1, PS2 - GPC2","P60 - SEDM","1","1","","20.1031","r-ZTF","2022-05-19 07:09:42.002","ALeRCE","","","2022TNSTR1344....1M","2024TNSCR3283....1S","",""
"108792","SN 2022kbn","14:43:26.335","-14:20:02.34","SN II","0.04106","","","ZTF, Pan-STARRS, ATLAS","ZTF, Pan-STARRS, ATLAS","ZTF","ATLAS, Pan-STARRS, ZTF","ZTF22aajowwt","ATLAS-MLO - ATLAS-01, ATLAS-STH - ATLAS-03, P48 - ZTF-Cam, PS2 - GPC2","LT - SPRAT","1","1","","18.77","r-ZTF","2022-05-10 08:02:24.000","ZTF_Bot1","","","2022TNSTR1339....1F","2022TNSCR1517....1P","",""
"108791","SN 2022kbm","16:25:18.320","+09:01:13.26","SN II","0.03","","","ALeRCE, Pan-STARRS, ATLAS, GaiaAlerts","ZTF, Pan-STARRS, ATLAS, GaiaAlerts","ZTF","ALeRCE, ATLAS, GaiaAlerts, Pan-STARRS","ZTF22aakaygk","ATLAS-HKO - ATLAS-02, ATLAS-MLO - ATLAS-01, Gaia - Gaia-photometric, P48 - ZTF-Cam, PS1 - GPC1, PS2 - GPC2","P60 - SEDM","1","1","","18.7088","g-ZTF","2022-05-15 07:21:31.000","ALeRCE","","","2022TNSTR1331....1M","2022TNSCR1410....1S","",""
"108520","SN 2022jzj","12:46:54.700","-11:38:04.74","SN II","0.0083","","","ATLAS, GaiaAlerts","ATLAS, GaiaAlerts","ZTF","ATLAS, GaiaAlerts","ATLAS22nyv","ATLAS-CHL - ATLAS-04, ATLAS-MLO - ATLAS-01, Gaia - Gaia-photometric","P200 - DBSP","1","1","","18.137","orange-ATLAS","2022-05-16 02:51:38.016","ATLAS_Bot1","","","2022TNSTR1315....1T","2024TNSCR3555....1S","",""
"108513","SN 2022jzc","12:05:28.670","+50:31:36.80","SN II","0.0029","","","ZTF, ATLAS, GaiaAlerts","ZTF, ATLAS, GaiaAlerts","ZTF","ATLAS, GaiaAlerts, ZTF","ZTF22aakdbia","ATLAS-HKO - ATLAS-02, ATLAS-MLO - ATLAS-01, Gaia - Gaia-photometric, P48 - ZTF-Cam","P60 - SEDM","1","1","","17.8","r-ZTF","2022-05-16 04:53:45.600","ZTF_Bot1","","","2022TNSTR1318....1F","2022TNSCR1323....1B","",""
"108402","SN 2022jux","08:07:22.257","+40:23:34.80","SN II","0.026358","","","ZTF, YSE","ZTF, Pan-STARRS","ZTF","Pan-STARRS, YSE, ZTF","ZTF22aajutqu","P48 - ZTF-Cam, PS2 - GPC2","P60 - SEDM","1","1","","18.96","g-ZTF","2022-05-13 04:24:57.600","ZTF_Bot1","","","2022TNSTR1291....1F","2022TNSCR2791....1S","",""
"108267","SN 2022jpw","18:08:45.690","+03:59:24.14","SN II","0.031","SDSS J180845.36+035924.9","","ALeRCE, ATLAS, Fink, GaiaAlerts","ZTF, ATLAS, GaiaAlerts","ZTF","ALeRCE, ATLAS, Fink, GaiaAlerts","ZTF22aajlsrh","ATLAS-HKO - ATLAS-02, ATLAS-MLO - ATLAS-01, Gaia - Gaia-photometric, P48 - ZTF-Cam","P60 - SEDM","1","1","","17.978","r-ZTF","2022-05-09 09:04:28.004","ALeRCE","","","2022TNSTR1221....1M","2022TNSCR1329....1S","",""
"108243","SN 2022joy","11:43:15.170","+32:51:08.75","SN II","0.0333359987","","","ZTF, ATLAS, Pan-STARRS, GaiaAlerts","ZTF, ATLAS, Pan-STARRS, GaiaAlerts","ZTF","ATLAS, GaiaAlerts, Pan-STARRS, ZTF","ZTF22aajhkpo","ATLAS-HKO - ATLAS-02, ATLAS-MLO - ATLAS-01, Gaia - Gaia-photometric, P48 - ZTF-Cam, PS2 - GPC2","P60 - SEDM","1","1","","19.1066","r-ZTF","2022-05-09 05:43:35.040","ZTF_CLU_PUBLIC","","","2022TNSTR1231....1D","2022TNSCR1311....1S","",""
"108223","SN 2022joe","14:29:20.647","-22:56:09.55","SN II","0.025858","","","ZTF, Pan-STARRS, ATLAS","ZTF, Pan-STARRS, ATLAS","ZTF","ATLAS, Pan-STARRS, ZTF","ZTF22aajipum","ATLAS-CHL - ATLAS-04, ATLAS-STH - ATLAS-03, P48 - ZTF-Cam, PS2 - GPC2","P200 - DBSP","1","1","","19.82","r-ZTF","2022-05-08 06:33:07.200","ZTF_Bot1","","","2022TNSTR1220....1F","2024TNSCR3587....1S","",""
"108218","SN 2022jnz","18:42:43.516","+47:53:00.97","SN II","0.05","WISEA J184243.10+475307.4","","ALeRCE, ATLAS, Pan-STARRS","ZTF, ATLAS, Pan-STARRS","ZTF","ALeRCE, ATLAS, Pan-STARRS","ZTF22aajeyek","ATLAS-HKO - ATLAS-02, ATLAS-MLO - ATLAS-01, P48 - ZTF-Cam, PS2 - GPC2","P200 - DBSP","1","1","","21.0903","g-ZTF","2022-05-02 09:50:22.004","ALeRCE","","","2022TNSTR1215....1F","2022TNSCR1925....1S","",""
"108215","SN 2022jnw","12:38:09.100","+71:24:59.47","SN II","0.023583","UGC  7809","","ALeRCE, ATLAS, Pan-STARRS, GaiaAlerts","ZTF, ATLAS, Pan-STARRS, GaiaAlerts","ZTF","ALeRCE, ATLAS, GaiaAlerts, Pan-STARRS","ZTF22aajhlaj","ATLAS-HKO - ATLAS-02, ATLAS-MLO - ATLAS-01, Gaia - Gaia-photometric, P48 - ZTF-Cam, PS2 - GPC2","P60 - SEDM","1","1","","18.5171","r-ZTF","2022-05-08 04:14:59.997","ALeRCE","","","2022TNSTR1215....1F","2022TNSCR1386....1P","",""
"108209","SN 2022jnq","13:04:29.880","+03:40:20.02","SN II","0.03","SDSS J130429.93+034021.4","","ALeRCE, ATLAS, Pan-STARRS","ZTF, ATLAS, Pan-STARRS","ZTF","ALeRCE, ATLAS, Pan-STARRS","ZTF22aajhyin","ATLAS-CHL - ATLAS-04, ATLAS-MLO - ATLAS-01, P48 - ZTF-Cam, PS2 - GPC2","LT - SPRAT","1","1","","19.5334","r-ZTF","2022-05-08 06:03:41.996","ALeRCE","","","2022TNSTR1215....1F","2022TNSCR1411....1H","",""
"107627","SN 2022irp","08:56:47.470","+29:55:22.74","SN II","0.033047","","","ZTF, ATLAS","ZTF, ATLAS","ZTF","ATLAS, ZTF","ZTF22aaialae","ATLAS-HKO - ATLAS-02, P48 - ZTF-Cam","P60 - SEDM","1","1","","19.14","r-ZTF","2022-04-28 04:17:45.600","ZTF_Bot1","","","2022TNSTR1103....1F","2022TNSCR1322....1S","",""
"107530","SN 2022iob","19:10:37.082","+37:39:18.70","SN II","0.028","","","ZTF, ATLAS","ZTF, ATLAS","ZTF","ATLAS, ZTF","ZTF22aahyqkz","ATLAS-HKO - ATLAS-02, ATLAS-MLO - ATLAS-01, P48 - ZTF-Cam","P200 - DBSP","1","1","","19.8703","g-ZTF","2022-04-27 10:22:16.032","ZTF_CLU_PUBLIC","","","2022TNSTR1091....1D","2024TNSCR3587....1S","",""
"107516","SN 2022inn","11:21:27.070","+63:01:24.60","SN II","0.010837","UGC 06365","0.010837","ALeRCE, ATLAS, GaiaAlerts","ZTF, ATLAS, GaiaAlerts","ZTF","ALeRCE, ATLAS, GaiaAlerts","ZTF22aahwmww","ATLAS-HKO - ATLAS-02, ATLAS-MLO - ATLAS-01, Gaia - Gaia-photometric, P48 - ZTF-Cam","P60 - SEDM","1","1","","19.0463","g-ZTF","2022-04-27 04:55:20.001","ALeRCE","","","2022TNSTR1085....1M","2022TNSCR1107....1I, 2022TNSCR1480....1S","",""
"107425","SN 2022ikc","14:40:08.421","+00:54:25.19","SN II","0.0343","","","ZTF, Pan-STARRS, ATLAS","ZTF, Pan-STARRS, ATLAS","ZTF","ATLAS, Pan-STARRS, ZTF","ZTF22aahibvx","ATLAS-CHL - ATLAS-04, ATLAS-HKO - ATLAS-02, P48 - ZTF-Cam, PS2 - GPC2","P60 - SEDM","1","1","","19.62","r-ZTF","2022-04-24 07:33:36.000","ZTF_Bot1","","","2022TNSTR1081....1F","2022TNSCR1178....1P","",""
"107388","SN 2022iir","13:24:34.526","+15:26:13.36","SN II","0.008","SDSS J132434.47+152614.0","","ALeRCE, Pan-STARRS","ZTF, Pan-STARRS","ZTF","ALeRCE, Pan-STARRS","ZTF22aahhgfx","P48 - ZTF-Cam, PS2 - GPC2","NOT - ALFOSC","1","1","","19.4996","g-ZTF","2022-04-25 08:56:06.003","ALeRCE","","","2022TNSTR1074....1M","2022TNSCR1281....1S","",""
"107267","SN 2022iea","13:41:37.540","+14:17:37.47","SN II","0.0426","","","ATLAS, ZTF, Pan-STARRS","ATLAS, ZTF, Pan-STARRS","ZTF","ATLAS, Pan-STARRS, ZTF","ATLAS22mqs","ATLAS-CHL - ATLAS-04, ATLAS-MLO - ATLAS-01, P48 - ZTF-Cam, PS2 - GPC2","P200 - DBSP","1","1","","18.875","orange-ATLAS","2022-04-23 08:31:39.648","ATLAS_Bot1","","","2022TNSTR1050....1T","2022TNSCR1897....1P","",""
"106897","SN 2022hql","13:48:06.211","+12:04:29.87","SN II","0.023","SDSS J134806.15+120418.2","0.0234572","ALeRCE, ATLAS","ZTF, ATLAS","ZTF, None","ALeRCE, ATLAS","ZTF22aafsqud","ATLAS-HKO - ATLAS-02, P48 - ZTF-Cam","Gemini-S - GMOS-S, P60 - SEDM","1","1","","18.541","g-ZTF","2022-04-15 07:09:27.996","ALeRCE","","","2022TNSTR.985....1F","2022TNSCR1083....1C, 2022TNSCR1161....1J","",""
"106805","SN 2022hna","15:52:23.040","+61:23:14.28","SN II","0.0368","","","ZTF, ATLAS","ZTF, ATLAS","ZTF","ATLAS, ZTF","ZTF19abkxeft","ATLAS-HKO - ATLAS-02, ATLAS-MLO - ATLAS-01, P48 - ZTF-Cam","Keck1 - LRIS","1","1","","18.774","g-ZTF","2022-04-10 06:52:37.920","ZTF_CLU_PUBLIC","","","2022TNSTR.979....1D","2022TNSCR1109....1S","",""
"106360","SN 2022gwg","13:50:25.692","+68:33:18.22","SN II","0.031218","KUG 1349+688","0.031218","ALeRCE, ATLAS, Pan-STARRS","ZTF, ATLAS, Pan-STARRS","ZTF","ALeRCE, ATLAS, Pan-STARRS","ZTF22aaevwec","ATLAS-HKO - ATLAS-02, ATLAS-MLO - ATLAS-01, P48 - ZTF-Cam, PS2 - GPC2","LT - SPRAT","1","1","","18.7421","g-ZTF","2022-04-07 09:29:59.997","ALeRCE","","","2022TNSTR.894....1M","2022TNSCR1037....1H","",""
"106039","SN 2022gkd","13:32:13.436","-22:37:44.17","SN II","0.030248","","","ZTF","ZTF","ZTF","ZTF","ZTF22aaeasul","P48 - ZTF-Cam","P200 - DBSP","1","1","","19.3812","g-ZTF","2022-04-03 07:31:58.368","ZTF_CLU_PUBLIC","","","2022TNSTR.873....1D","2022TNSCR1083....1C","",""
"106024","SN 2022gjo","18:52:23.380","+73:11:25.76","SN II","0.024874","","","ZTF, ATLAS, Pan-STARRS, GaiaAlerts","ZTF, ATLAS, Pan-STARRS, GaiaAlerts","ZTF","ATLAS, GaiaAlerts, Pan-STARRS, ZTF","ZTF22aaedebi","ATLAS-HKO - ATLAS-02, ATLAS-MLO - ATLAS-01, Gaia - Gaia-photometric, P48 - ZTF-Cam, PS1 - GPC1, PS2 - GPC2","P60 - SEDM","1","1","","18.9","g-ZTF","2022-04-04 08:12:28.800","ZTF_Bot1","","","2022TNSTR.872....1F","2022TNSCR.955....1C","",""
"106005","SN 2022giv","12:23:14.914","+51:11:28.34","SN II","0.03118","","","ZTF, ALeRCE, ATLAS, Pan-STARRS","ZTF, ATLAS, Pan-STARRS","ZTF","ALeRCE, ATLAS, Pan-STARRS, ZTF","ZTF18aaqkywr","ATLAS-HKO - ATLAS-02, ATLAS-MLO - ATLAS-01, P48 - ZTF-Cam, PS2 - GPC2","P200 - DBSP","1","1","","19.5047","g-ZTF","2022-04-02 10:18:00.288","ZTF_CLU_PUBLIC","","","2022TNSTR.873....1D","2024TNSCR3587....1S","",""
"105767","SN 2022fzx","07:42:59.965","+32:19:53.99","SN II","0.02911","","","ZTF, ATLAS","ZTF, ATLAS","ZTF","ATLAS, ZTF","ZTF22aadtowh","ATLAS-MLO - ATLAS-01, P48 - ZTF-Cam","P200 - NGPS","1","1","","18.71","g-ZTF","2022-04-03 03:44:38.400","ZTF_Bot1","","","2022TNSTR.864....1F","2025TNSCR3839....1R","",""
"105559","SN 2022fsy","11:23:33.215","+39:47:14.68","SN II","0.0217","","","ZTF","ZTF","ZTF","ZTF","ZTF22aaddwlv","P48 - ZTF-Cam","P200 - DBSP","1","1","","20.1031","r-ZTF","2022-04-02 08:55:12.288","ZTF_CLU_PUBLIC","","","2022TNSTR.856....1D","2024TNSCR3587....1S","",""
"105474","SN 2022fps","13:30:21.250","+30:17:50.17","SN II","0.03735","","","ATLAS, ZTF, YSE, Pan-STARRS, GaiaAlerts","ATLAS, ZTF, Pan-STARRS, GaiaAlerts","ZTF","ATLAS, GaiaAlerts, Pan-STARRS, YSE, ZTF","ATLAS22kig","ATLAS-HKO - ATLAS-02, ATLAS-MLO - ATLAS-01, Gaia - Gaia-photometric, P48 - ZTF-Cam, PS1 - GPC1, PS2 - GPC2","P60 - SEDM","1","1","","19.349","cyan-ATLAS","2022-03-31 11:19:31.296","ATLAS_Bot1","","","2022TNSTR.836....1T","2022TNSCR1027....1C","",""
"105424","SN 2022fny","18:00:07.654","+68:35:12.52","SN II","0.02","","","ATLAS, ZTF, Pan-STARRS","ATLAS, ZTF, Pan-STARRS","ZTF","ATLAS, Pan-STARRS, ZTF","ATLAS22kgw","ATLAS-MLO - ATLAS-01, P48 - ZTF-Cam, PS2 - GPC2","P60 - SEDM","1","1","","18.862","orange-ATLAS","2022-03-31 14:15:33.696","ATLAS_Bot1","","","2022TNSTR.836....1T","2022TNSCR1002....1C","",""
"104890","SN 2022eui","15:25:51.400","+38:46:13.98","SN II","0.044142","","","ATLAS, ZTF, GaiaAlerts","ATLAS, ZTF, GaiaAlerts","ZTF","ATLAS, GaiaAlerts, ZTF","ATLAS22jcw","ATLAS-HKO - ATLAS-02, ATLAS-MLO - ATLAS-01, Gaia - Gaia-photometric, P48 - ZTF-Cam","Lick-3m - KAST","1","1","","18.676","orange-ATLAS","2022-03-11 10:07:32.160","ATLAS_Bot1","","","2022TNSTR.709....1T","2022TNSCR2538....1P","",""
"101331","SN 2022dbk","02:48:26.319","+50:45:26.76","SN II","0.016455","","","ATLAS, ALeRCE","ATLAS, ZTF","ZTF","ALeRCE, ATLAS","ATLAS22gvj","ATLAS-HKO - ATLAS-02, ATLAS-MLO - ATLAS-01, P48 - ZTF-Cam","P60 - SEDM","1","1","","18.529","orange-ATLAS","2022-02-23 06:26:36.672","ATLAS_Bot1","","","2022TNSTR.489....1T","2022TNSCR.659....1C","",""
"101175","SN 2022cvs","13:39:30.000","+39:03:17.69","SN II","0.027","SDSS J133930.42+390316.9","0.02740463","ALeRCE, Pan-STARRS","ZTF, Pan-STARRS","ZTF","ALeRCE, Pan-STARRS","ZTF22aaajrap","P48 - ZTF-Cam, PS2 - GPC2","Keck1 - LRIS","1","1","","19.8234","r-ZTF","2022-02-20 08:50:15.996","ALeRCE","","","2022TNSTR.458....1F","2024TNSCR3587....1S","",""
"101080","SN 2022csd","10:21:31.943","+08:24:19.91","SN II","0.0326679982","","","ZTF","ZTF","ZTF","ZTF","ZTF22aaawghw","P48 - ZTF-Cam","Keck1 - LRIS","1","1","","19.5131","r-ZTF","2022-02-19 08:05:42.720","ZTF_CLU_PUBLIC","","","2022TNSTR.453....1D","2024TNSCR3587....1S","",""
"100705","SN 2022ces","13:54:14.534","-01:26:34.54","SN II","0.024193","","","Pan-STARRS, ALeRCE","Pan-STARRS, ZTF","ZTF","ALeRCE, Pan-STARRS","PS22bcz","P48 - ZTF-Cam, PS2 - GPC2","P60 - SEDM","1","1","","18.57","w-P1","2022-02-12 14:23:02.112","PS2_Bot1","","","2022TNSTR.382....1C","2022TNSCR.588....1C","",""
"100695","SN 2022cek","05:05:34.440","+11:33:12.78","SN II","0.033","","","ZTF, Pan-STARRS, ATLAS, GaiaAlerts","ZTF, Pan-STARRS, ATLAS, GaiaAlerts","ZTF","ATLAS, GaiaAlerts, Pan-STARRS, ZTF","ZTF22aaambwy","ATLAS-CHL - ATLAS-04, ATLAS-HKO - ATLAS-02, Gaia - Gaia-photometric, P48 - ZTF-Cam, PS2 - GPC2","P60 - SEDM","1","1","","19.05","g-ZTF","2022-02-13 05:08:09.600","ZTF_Bot1","","","2022TNSTR.385....1F","2022TNSCR.884....1C","",""
"100596","SN 2022cat","06:58:13.758","+49:02:03.32","SN II","0.045","","","ZTF, ATLAS","ZTF, ATLAS","ZTF","ATLAS, ZTF","ZTF22aaahhbo","ATLAS-HKO - ATLAS-02, P48 - ZTF-Cam","P60 - SEDM","1","1","","18.93","g-ZTF","2022-02-12 05:44:09.600","ZTF_Bot1","","","2022TNSTR.371....1F","2022TNSCR.554....1C","",""
"100592","SN 2022cap","01:46:37.580","-03:46:12.29","SN II","0.017859","","","ZTF, GaiaAlerts, Pan-STARRS","ZTF, GaiaAlerts, Pan-STARRS","ZTF","GaiaAlerts, Pan-STARRS, ZTF","ZTF22aaagrqi","Gaia - Gaia-photometric, P48 - ZTF-Cam, PS1 - GPC1","P60 - SEDM","1","1","","17.12","g-ZTF","2022-02-12 03:15:50.400","ZTF_Bot1","","","2022TNSTR.371....1F","2022TNSCR.442....1C","",""
"100529","SN 2022byi","17:27:32.124","+12:25:53.46","SN II","0.02","","","ZTF","ZTF","ZTF","ZTF","ZTF22aaafpbi","P48 - ZTF-Cam","LT - SPRAT","1","1","","18.26","g-ZTF","2022-02-11 12:11:31.200","ZTF_Bot1","","","2022TNSTR.360....1F","2022TNSCR.414....1H","",""
"100526","SN 2022byf","16:41:32.313","+06:18:04.96","SN II","0.096","","","ZTF, AMPEL, Pan-STARRS","ZTF, Pan-STARRS","ZTF","AMPEL, Pan-STARRS, ZTF","ZTF22aaafrcl","P48 - ZTF-Cam, PS1 - GPC1","P60 - SEDM","1","1","","19.54","r-ZTF","2022-01-21 12:34:33.600","ZTF_Bot1","","","2022TNSTR.360....1F","2022TNSCR.734....1C","",""
"99561","SN 2022anz","02:01:49.040","+45:41:25.94","SN II","0.023","","","ATLAS, ZTF, GaiaAlerts","ATLAS, ZTF, GaiaAlerts","ZTF","ATLAS, GaiaAlerts, ZTF","ATLAS22daj","ATLAS-HKO - ATLAS-02, ATLAS-MLO - ATLAS-01, Gaia - Gaia-photometric, P48 - ZTF-Cam","LT - SPRAT","1","1","","18.333","orange-ATLAS","2022-01-26 07:04:48.000","ATLAS_Bot1","","","2022TNSTR.228....1T","2022TNSCR.423....1P","",""
"99550","SN 2022ano","10:25:59.484","+18:43:44.27","SN II","0.039","","","ATLAS, Pan-STARRS, ALeRCE","ATLAS, Pan-STARRS, ZTF","ZTF","ALeRCE, ATLAS, Pan-STARRS","ATLAS22cyq","ATLAS-MLO - ATLAS-01, P48 - ZTF-Cam, PS2 - GPC2","P60 - SEDM","1","1","","18.71","orange-ATLAS","2022-01-27 10:56:38.400","ATLAS_Bot1","","","2022TNSTR.228....1T","2022TNSCR.415....1C","",""
"99505","SN 2022alw","07:44:40.957","+44:08:47.13","SN II","0.038287","","","ATLAS, Pan-STARRS, ZTF","ATLAS, Pan-STARRS, ZTF","ZTF","ATLAS, Pan-STARRS, ZTF","ATLAS22ctr","ATLAS-HKO - ATLAS-02, P48 - ZTF-Cam, PS2 - GPC2","P60 - SEDM","1","1","","18.809","orange-ATLAS","2022-01-26 10:40:48.000","ATLAS_Bot1","","","2022TNSTR.216....1T","2022TNSCR.708....1C","",""
"99459","SN 2022akd","10:47:05.526","+47:21:41.55","SN II","0.037","","","ATLAS, ZTF","ATLAS, ZTF","ZTF","ATLAS, ZTF","ATLAS22csy","ATLAS-HKO - ATLAS-02, ATLAS-MLO - ATLAS-01, P48 - ZTF-Cam","P60 - SEDM","1","1","","18.939","orange-ATLAS","2022-01-25 12:14:24.000","ATLAS_Bot1","","","2022TNSTR.195....1T","2022TNSCR.277....1C","",""
"99323","SN 2022aey","16:04:08.190","+29:27:43.78","SN II","0.015","","","ZTF, ATLAS, GaiaAlerts, Pan-STARRS","ZTF, ATLAS, GaiaAlerts, Pan-STARRS","ZTF","ATLAS, GaiaAlerts, Pan-STARRS, ZTF","ZTF22aaaehzu","ATLAS-MLO - ATLAS-01, Gaia - Gaia-photometric, P48 - ZTF-Cam, PS2 - GPC2","P60 - SEDM","1","1","","18.4","g-ZTF","2022-01-21 11:25:26.400","ZTF_Bot1","","","2022TNSTR.177....1F","2022TNSCR.588....1C","",""
"99309","SN 2022aek","12:50:47.546","+77:18:50.13","SN II","0.03468","","","Pan-STARRS, ATLAS, ALeRCE","Pan-STARRS, ATLAS, ZTF","ZTF","ALeRCE, ATLAS, Pan-STARRS","PS22sd","ATLAS-HKO - ATLAS-02, ATLAS-MLO - ATLAS-01, P48 - ZTF-Cam, PS2 - GPC2","P60 - SEDM","1","1","","19.52","i-Sloan","2022-01-21 13:20:38.400","PS2_Bot1","","","2022TNSTR.176....1C","2022TNSCR.554....1C","",""
"99281","SN 2022adi","15:32:50.349","+27:02:21.32","SN II","0.031","SDSS J153250.25+270222.2","","ALeRCE, ATLAS, Pan-STARRS","ZTF, ATLAS, Pan-STARRS","ZTF","ALeRCE, ATLAS, Pan-STARRS","ZTF22aaaepmu","ATLAS-HKO - ATLAS-02, ATLAS-MLO - ATLAS-01, P48 - ZTF-Cam, PS2 - GPC2","P60 - SEDM","1","1","","19.6111","r-ZTF","2022-01-21 12:57:15.998","ALeRCE","","","2022TNSTR.156....1M","2022TNSCR.659....1C","",""
"98954","SN 2022rd","14:41:40.075","+36:44:13.88","SN II","0.030334","","","ATLAS, ZTF, Pan-STARRS","ATLAS, ZTF, Pan-STARRS","ZTF","ATLAS, Pan-STARRS, ZTF","ATLAS22bpn","ATLAS-HKO - ATLAS-02, ATLAS-MLO - ATLAS-01, P48 - ZTF-Cam, PS2 - GPC2","P60 - SEDM","1","1","","18.875","orange-ATLAS","2022-01-11 14:13:55.200","ATLAS_Bot1","","","2022TNSTR.118....1T","2024TNSCR3584....1S","",""
"98891","SN 2022ow","16:06:13.750","+17:57:20.23","SN II","0.038587","","","ATLAS, GaiaAlerts, ZTF, Pan-STARRS","ATLAS, GaiaAlerts, ZTF, Pan-STARRS","ZTF","ATLAS, GaiaAlerts, Pan-STARRS, ZTF","ATLAS22bnk","ATLAS-HKO - ATLAS-02, ATLAS-MLO - ATLAS-01, Gaia - Gaia-photometric, P48 - ZTF-Cam, PS2 - GPC2","P60 - SEDM","1","1","","18.597","cyan-ATLAS","2022-01-12 14:52:48.000","ATLAS_Bot1","","","2022TNSTR.107....1T","2022TNSCR.261....1C","",""
"98775","SN 2022kn","11:03:58.442","+29:36:08.20","SN II","0.02899","","","Pan-STARRS, ATLAS","Pan-STARRS, ATLAS","ZTF","ATLAS, Pan-STARRS","PS22bi","ATLAS-MLO - ATLAS-01, PS2 - GPC2","P200 - DBSP","1","1","","19.3","w-P1","2022-01-08 11:36:57.600","PS2_Bot1","","","2022TNSTR..93....1C","2024TNSCR3589....1S","",""
"98727","SN 2022jc","15:50:25.650","+06:46:14.34","SN II","0.024775","","","ATLAS, ALeRCE, GaiaAlerts, Pan-STARRS","ATLAS, ZTF, GaiaAlerts, Pan-STARRS","ZTF","ALeRCE, ATLAS, GaiaAlerts, Pan-STARRS","ATLAS22bgv","ATLAS-MLO - ATLAS-01, Gaia - Gaia-photometric, P48 - ZTF-Cam, PS2 - GPC2","P60 - SEDM","1","1","","18.546","orange-ATLAS","2022-01-09 15:23:02.400","ATLAS_Bot1","","","2022TNSTR..78....1T","2022TNSCR.193....1C","",""
"98597","SN 2022ec","14:25:07.160","-13:09:53.78","SN II","0.011294","","","ATLAS, GaiaAlerts, Pan-STARRS, ZTF","ATLAS, GaiaAlerts, Pan-STARRS, ZTF","ZTF","ATLAS, GaiaAlerts, Pan-STARRS, ZTF","ATLAS22ary","ATLAS-HKO - ATLAS-02, ATLAS-MLO - ATLAS-01, Gaia - Gaia-photometric, P48 - ZTF-Cam, PS2 - GPC2","P60 - SEDM","1","1","","18.835","cyan-ATLAS","2022-01-07 14:51:21.600","ATLAS_Bot1","","","2022TNSTR..54....1T","2022TNSCR..88....1C","",""
"98565","SN 2022cz","10:10:32.668","-23:58:42.62","SN II","0.031712","","","ATLAS, ALeRCE","ATLAS, ZTF","ZTF","ALeRCE, ATLAS","ATLAS22apg","ATLAS-HKO - ATLAS-02, ATLAS-MLO - ATLAS-01, P48 - ZTF-Cam","P60 - SEDM","1","1","","18.579","cyan-ATLAS","2022-01-06 15:11:31.200","ATLAS_Bot1","","","2022TNSTR..54....1T","2022TNSCR.415....1C","",""
"98519","SN 2022bl","13:54:10.090","+09:24:40.57","SN II","0.022866","","","ATLAS, ZTF, ALeRCE, Pan-STARRS, GaiaAlerts, AMPEL","ATLAS, ZTF, Pan-STARRS, GaiaAlerts","ZTF","ALeRCE, AMPEL, ATLAS, GaiaAlerts, Pan-STARRS, ZTF","ATLAS22akl","ATLAS-MLO - ATLAS-01, Gaia - Gaia-photometric, P48 - ZTF-Cam, PS2 - GPC2","P60 - SEDM","1","1","","17.947","orange-ATLAS","2022-01-05 14:11:02.400","ATLAS_Bot1","","","2022TNSTR..30....1T","2022TNSCR..48....1C","",""
"194790","SN 2021aicz","10:42:47.469","+38:52:51.81","SN II","0.0315","","","ZTF, ATLAS, YSE, GOTO, Pan-STARRS","ZTF, ATLAS, Pan-STARRS, GOTO","ZTF","ATLAS, GOTO, Pan-STARRS, ZTF","ZTF21abjbfpg","ATLAS-HKO - ATLAS-02, GOTO-N - GOTO-2, P48 - ZTF-Cam, PS2 - GPC2","Lick-3m - KAST, P60 - SEDM","1","1","","17.6886","r-ZTF","2021-07-04 04:22:41.001","Fritz","","","2025TNSTR4942....1S","2025TNSCR5025....1S, 2026TNSCR.242....1W","",""
"97641","SN 2021agjv","15:13:01.380","+32:05:26.52","SN II","0.03","","","GaiaAlerts, ATLAS, ZTF","GaiaAlerts, ATLAS, ZTF","ZTF","ATLAS, GaiaAlerts, ZTF","Gaia21fpl","ATLAS-HKO - ATLAS-02, ATLAS-MLO - ATLAS-01, Gaia - Gaia-photometric, P48 - ZTF-Cam","Keck1 - LRIS","1","1","","18.53","G-Gaia","2021-12-17 04:46:33.600","Gaia_Bot1","","","2021TNSTR4171....1H","2022TNSCR.333....1C","",""
"97583","SN 2021aghq","11:38:54.078","+44:19:37.97","SN II","0.032","","","ATLAS, ZTF, Pan-STARRS","ATLAS, ZTF, Pan-STARRS","ZTF","ATLAS, Pan-STARRS, ZTF","ATLAS21bnig","ATLAS-MLO - ATLAS-01, P48 - ZTF-Cam, PS2 - GPC2","P200 - DBSP","1","1","","19.189","orange-ATLAS","2021-12-14 14:57:07.200","ATLAS_Bot1","","","2021TNSTR4146....1T","2024TNSCR3587....1S","",""
"97549","SN 2021aggi","16:06:29.040","+48:49:19.45","SN II","0.043571","","","GaiaAlerts, ATLAS, ZTF","GaiaAlerts, ATLAS, ZTF","ZTF","ATLAS, GaiaAlerts, ZTF","Gaia21fne","ATLAS-HKO - ATLAS-02, ATLAS-MLO - ATLAS-01, Gaia - Gaia-photometric, P48 - ZTF-Cam","P60 - SEDM","1","1","","18.37","G-Gaia","2021-12-11 12:23:02.400","Gaia_Bot1","","","2021TNSTR4142....1H","2022TNSCR.225....1C","",""
"97244","SN 2021afuu","13:55:15.783","+65:56:07.35","SN II","0.031","","","ZTF","ZTF","ZTF","ZTF","ZTF21acrarbx","P48 - ZTF-Cam","P60 - SEDM","1","1","","19.25","g-ZTF","2021-12-02 11:51:21.600","ZTF_Bot1","","","2021TNSTR4084....1F","2021TNSCR4107....1C","",""
"96704","SN 2021afaz","03:24:04.030","-03:45:35.60","SN II","0.02","","","ZTF, Pan-STARRS, ATLAS, GaiaAlerts, AMPEL, YSE","ZTF, Pan-STARRS, ATLAS, GaiaAlerts","ZTF","AMPEL, ATLAS, GaiaAlerts, Pan-STARRS, YSE, ZTF","ZTF21acpuooz","ATLAS-HKO - ATLAS-02, ATLAS-MLO - ATLAS-01, Gaia - Gaia-photometric, P48 - ZTF-Cam, PS1 - GPC1, PS2 - GPC2","P60 - SEDM","1","1","","18.28","r-ZTF","2021-11-19 08:29:45.600","ZTF_Bot1","","","2021TNSTR3996....1F","2021TNSCR4019....1C","",""
"96618","SN 2021aexx","01:18:20.087","+07:23:59.89","SN II","0.037","","","ZTF, Pan-STARRS, ATLAS","ZTF, Pan-STARRS, ATLAS","ZTF","ATLAS, Pan-STARRS, ZTF","ZTF21acpzlho","ATLAS-HKO - ATLAS-02, ATLAS-MLO - ATLAS-01, P48 - ZTF-Cam, PS1 - GPC1, PS2 - GPC2","P60 - SEDM","1","1","","19.17","g-ZTF","2021-11-20 05:06:43.200","ZTF_Bot1","","","2021TNSTR3976....1F","2024TNSCR3283....1S","",""
"96580","SN 2021aewn","10:04:06.689","+31:11:02.64","SN II","0.0206","","","ATLAS, ZTF, Pan-STARRS, AMPEL","ATLAS, ZTF, Pan-STARRS","ZTF","AMPEL, ATLAS, Pan-STARRS, ZTF","ATLAS21bmnw","ATLAS-HKO - ATLAS-02, P48 - ZTF-Cam, PS1 - GPC1, PS2 - GPC2","P60 - SEDM","1","1","","18.658","orange-ATLAS","2021-11-18 14:44:09.600","ATLAS_Bot1","","","2021TNSTR3944....1T","2021TNSCR4107....1C","",""
"96314","SN 2021aenb","12:46:13.644","-13:21:40.15","SN II","0.016518","MCG -02-33-006","0.016518","ALeRCE, ATLAS, Pan-STARRS","ZTF, ATLAS, Pan-STARRS","ZTF","ALeRCE, ATLAS, Pan-STARRS","ZTF21acphceb","ATLAS-HKO - ATLAS-02, ATLAS-MLO - ATLAS-01, P48 - ZTF-Cam, PS2 - GPC2","P60 - SEDM","1","1","","18.004","r-ZTF","2021-11-13 13:09:59.999","ALeRCE","","","2021TNSTR3890....1F","2021TNSCR4065....1C","",""
"96304","SN 2021aemr","12:58:32.124","+46:28:09.40","SN II","0.0330960006","","","ZTF, ATLAS","ZTF, ATLAS","ZTF","ATLAS, ZTF","ZTF21abxgqil","ATLAS-HKO - ATLAS-02, ATLAS-MLO - ATLAS-01, P48 - ZTF-Cam","P60 - SEDM","1","1","","18.78","r-ZTF","2021-11-11 11:58:33.600","ZTF_Bot1","","","2021TNSTR3898....1F","2021TNSCR3954....1C","",""
"96271","SN 2021aelm","05:52:34.604","-17:01:03.95","SN II","0.026","","","Pan-STARRS, ATLAS","Pan-STARRS, ATLAS","ZTF","ATLAS, Pan-STARRS","PS21mja","ATLAS-HKO - ATLAS-02, PS1 - GPC1, PS2 - GPC2","P200 - DBSP","1","1","","19.61","w-P1","2021-11-12 12:31:40.800","PS1_Bot1","","","2021TNSTR3897....1C","2024TNSCR3608....1S","",""
"95627","SN 2021adnr","08:57:54.945","+20:07:12.20","SN II","0.030739","","","ZTF","ZTF","ZTF","ZTF","ZTF19aaklqoi","P48 - ZTF-Cam","P200 - DBSP","1","1","","19.6292","r-ZTF","2021-10-31 12:00:43.200","ZTF_CLU_PUBLIC","","","2021TNSTR3774....1D","2024TNSCR3587....1S","",""
"94917","SN 2021acnd","12:29:47.140","+27:15:17.78","SN II","0.02466","","","ZTF, GaiaAlerts","ZTF, GaiaAlerts","ZTF","GaiaAlerts, ZTF","ZTF21acjateh","Gaia - Gaia-photometric, P48 - ZTF-Cam","P60 - SEDM","1","1","","18.79","r-ZTF","2021-10-25 12:54:43.200","ZTF_Bot1","","","2021TNSTR3692....1F","2021TNSCR3844....1C","",""
"94914","SN 2021acna","11:55:47.760","+55:18:58.54","SN II","0.002843","","","ZTF, ATLAS, GaiaAlerts","ZTF, ATLAS, GaiaAlerts","ZTF","ATLAS, GaiaAlerts, ZTF","ZTF21acjoskd","ATLAS-MLO - ATLAS-01, Gaia - Gaia-photometric, P48 - ZTF-Cam","P60 - SEDM","1","1","","19.39","g-ZTF","2021-10-30 11:38:24.000","ZTF_Bot1","","","2021TNSTR3692....1F","2021TNSCR4007....1C","",""
"94888","SN 2021acma","02:30:33.570","+30:52:17.44","SN II","0.018176","","","ZTF, ATLAS, Pan-STARRS, GaiaAlerts","ZTF, ATLAS, Pan-STARRS, GaiaAlerts","ZTF","ATLAS, GaiaAlerts, Pan-STARRS, ZTF","ZTF21acjglei","ATLAS-HKO - ATLAS-02, ATLAS-MLO - ATLAS-01, Gaia - Gaia-photometric, P48 - ZTF-Cam, PS1 - GPC1, PS2 - GPC2","P60 - SEDM","1","1","","18.66","g-ZTF","2021-10-30 06:20:09.600","ZTF_Bot1","","","2021TNSTR3692....1F","2021TNSCR4007....1C","",""
"94774","SN 2021achr","00:22:23.676","-19:47:36.91","SN II","0.024857","","","Pan-STARRS, ZTF, ATLAS","Pan-STARRS, ZTF, ATLAS","ZTF","ATLAS, Pan-STARRS, ZTF","PS21lmf","ATLAS-HKO - ATLAS-02, ATLAS-MLO - ATLAS-01, P48 - ZTF-Cam, PS1 - GPC1, PS2 - GPC2","P200 - DBSP","1","1","","19.53","w-P1","2021-10-27 07:27:50.400","PS1_Bot1","","","2021TNSTR3657....1C","2021TNSCR3889....1C","",""
"94530","SN 2021abyl","07:03:26.160","+12:49:08.95","SN II","0.027229231425611","","","ZTF, ATLAS, Fink","ZTF, ATLAS","ZTF","ATLAS, Fink, ZTF","ZTF21acioxcf","ATLAS-HKO - ATLAS-02, P48 - ZTF-Cam","P60 - SEDM","1","1","","19.57","g-ZTF","2021-10-22 10:06:14.400","ZTF_Bot1","","","2021TNSTR3608....1F","2021TNSCR3697....1C","",""
"94306","SN 2021abqs","11:21:37.610","+20:09:02.09","SN II","0.013377","NGC 3646","0.014163","ALeRCE, GaiaAlerts, AMPEL, ATLAS, Pan-STARRS","ZTF, GaiaAlerts, ATLAS, Pan-STARRS","ZTF","ALeRCE, AMPEL, ATLAS, GaiaAlerts, Pan-STARRS","ZTF21aciiaio","ATLAS-HKO - ATLAS-02, ATLAS-MLO - ATLAS-01, Gaia - Gaia-photometric, P48 - ZTF-Cam, PS2 - GPC2","P60 - SEDM","1","1","","19.7848","r-ZTF","2021-10-17 12:43:25.997","ALeRCE","","","2021TNSTR3550....1F","2021TNSCR3667....1C","",""
"94261","SN 2021abpd","02:28:52.374","-05:29:14.18","SN II","0.0311","","","ZTF, ATLAS, Pan-STARRS","ZTF, ATLAS, Pan-STARRS","ZTF","ATLAS, Pan-STARRS, ZTF","ZTF21achkqhi","ATLAS-HKO - ATLAS-02, ATLAS-MLO - ATLAS-01, P48 - ZTF-Cam, PS2 - GPC2","P60 - SEDM","1","1","","18.461","r-ZTF","2021-10-16 08:36:11.808","ZTF_CLU_PUBLIC","","","2021TNSTR3545....1D","2021TNSCR3652....1C","",""
"94124","SN 2021abjz","00:45:06.600","+29:52:41.34","SN II","0.03","","","Pan-STARRS, ATLAS, ZTF, GaiaAlerts","Pan-STARRS, ATLAS, ZTF, GaiaAlerts","ZTF","ATLAS, GaiaAlerts, Pan-STARRS, ZTF","PS21ldx","ATLAS-MLO - ATLAS-01, Gaia - Gaia-photometric, P48 - ZTF-Cam, PS1 - GPC1","LT - SPRAT","1","1","","18.31","w-P1","2021-10-13 07:48:00.000","PS1_Bot1","","","2021TNSTR3501....1C","2021TNSCR3675....1P","",""
"93862","SN 2021abad","11:04:55.313","+31:09:29.27","SN II","0.05","SDSS J110455.29+310928.1","","ALeRCE, AMPEL","ZTF","ZTF","ALeRCE, AMPEL","ZTF21achakto","P48 - ZTF-Cam","P60 - SEDM","1","1","","18.8737","r-ZTF","2021-10-10 12:20:42.000","ALeRCE","","","2021TNSTR3462....1F","2022TNSCR.570....1C","",""
"93811","SN 2021aayf","06:22:08.328","+50:25:44.70","SN II","0.0183","2MASX J06220773+5025494","","ALeRCE, ATLAS, AMPEL, Pan-STARRS","ZTF, ATLAS, Pan-STARRS","ZTF","ALeRCE, AMPEL, ATLAS, Pan-STARRS","ZTF21acgrrnl","ATLAS-HKO - ATLAS-02, ATLAS-MLO - ATLAS-01, P48 - ZTF-Cam, PS2 - GPC2","P200 - DBSP","1","1","","19.1334","g-ZTF","2021-10-09 09:14:18.997","ALeRCE","","","2021TNSTR3448....1F","2021TNSCR3599....1C","",""
"93802","SN 2021aaxw","09:45:35.440","+57:22:29.02","SN II","0.023","SDSS J094535.31+572230.3","","ALeRCE, ATLAS, AMPEL, Pan-STARRS","ZTF, ATLAS, Pan-STARRS","ZTF","ALeRCE, AMPEL, ATLAS, Pan-STARRS","ZTF21acguaen","ATLAS-HKO - ATLAS-02, ATLAS-MLO - ATLAS-01, P48 - ZTF-Cam, PS2 - GPC2","P60 - SEDM","1","1","","18.0041","r-ZTF","2021-10-09 10:51:27.999","ALeRCE","","","2021TNSTR3448....1F","2021TNSCR4007....1C","",""
"93798","SN 2021aaxs","08:33:35.180","+19:44:30.16","SN II","0.026","SDSS J083335.03+194429.0","0.02604727","ALeRCE, ATLAS, Pan-STARRS, GaiaAlerts","ZTF, ATLAS, Pan-STARRS, GaiaAlerts","ZTF","ALeRCE, ATLAS, GaiaAlerts, Pan-STARRS","ZTF21acgunkr","ATLAS-MLO - ATLAS-01, Gaia - Gaia-photometric, P48 - ZTF-Cam, PS1 - GPC1, PS2 - GPC2","P60 - SEDM","1","1","","18.1678","r-ZTF","2021-10-09 11:21:54.003","ALeRCE","","","2021TNSTR3448....1F","2021TNSCR3534....1C","",""
"93760","SN 2021aawh","04:22:09.918","+35:39:58.11","SN II","0.015","","","ZTF, ATLAS","ZTF, ATLAS","ZTF","ATLAS, ZTF","ZTF21acgrlmz","ATLAS-MLO - ATLAS-01, P48 - ZTF-Cam","P60 - SEDM","1","1","","19.76","g-ZTF","2021-10-09 08:49:55.200","ZTF_Bot1","","","2021TNSTR3457....1F","2021TNSCR3844....1C","",""
"93157","SN 2021zzi","01:34:39.167","+55:25:12.44","SN II","0.025494","UGC 01124 NOTES01","0.025494","ALeRCE, ATLAS","ZTF, ATLAS","ZTF","ALeRCE, ATLAS","ZTF21acelnth","ATLAS-HKO - ATLAS-02, ATLAS-MLO - ATLAS-01, P48 - ZTF-Cam","P200 - DBSP","1","1","","19.2347","r-ZTF","2021-09-29 07:11:07.002","ALeRCE","","","2021TNSTR3340....1M","2024TNSCR3583....1J","",""
"92675","SN 2021zhi","08:41:56.760","-00:03:40.28","SN II","0.01023","","","ZTF, ATLAS, GaiaAlerts, Pan-STARRS","ZTF, ATLAS, GaiaAlerts, Pan-STARRS","ZTF","ATLAS, GaiaAlerts, Pan-STARRS, ZTF","ZTF21acdontl","ATLAS-HKO - ATLAS-02, ATLAS-MLO - ATLAS-01, Gaia - Gaia-photometric, P48 - ZTF-Cam, PS2 - GPC2","P60 - SEDM","1","1","","17.037","r-ZTF","2021-09-22 12:10:28.128","ZTF_CLU_PUBLIC","","","2021TNSTR3281....1D","2021TNSCR3328....1C","",""
"92572","SN 2021zeg","22:07:23.946","+34:46:30.40","SN II","0.059","WISEA J220723.73+344626.8","","ALeRCE, ATLAS, Fink, Pan-STARRS","ZTF, ATLAS, Pan-STARRS","ZTF","ALeRCE, ATLAS, Fink, Pan-STARRS","ZTF21acdbcxy","ATLAS-HKO - ATLAS-02, ATLAS-MLO - ATLAS-01, P48 - ZTF-Cam, PS2 - GPC2","P60 - SEDM","1","1","","20.5424","r-ZTF","2021-09-16 10:20:54.004","ALeRCE","","","2021TNSTR3236....1F","2021TNSCR3593....1C","",""
"92528","SN 2021zco","03:39:13.320","+15:59:04.96","SN II","0.031599","WISEA J033912.75+155851.3","0.031599","ALeRCE, AMPEL, ATLAS, GaiaAlerts, Pan-STARRS","ZTF, ATLAS, GaiaAlerts, Pan-STARRS","ZTF","ALeRCE, AMPEL, ATLAS, GaiaAlerts, Pan-STARRS","ZTF21accwcrh","ATLAS-HKO - ATLAS-02, ATLAS-MLO - ATLAS-01, Gaia - Gaia-photometric, P48 - ZTF-Cam, PS1 - GPC1, PS2 - GPC2","P200 - DBSP","1","1","","19.4718","g-ZTF","2021-09-17 10:15:49.997","ALeRCE","","","2021TNSTR3213....1F","2021TNSCR3375....1C","",""
"92474","SN 2021zam","09:50:14.643","+45:57:22.36","SN II","0.024921","MRK 0125","0.024921","ALeRCE, Pan-STARRS","ZTF, Pan-STARRS","ZTF","ALeRCE, Pan-STARRS","ZTF21accqros","P48 - ZTF-Cam, PS2 - GPC2","P60 - SEDM","1","1","","18.8061","r-ZTF","2021-09-16 12:07:55.001","ALeRCE","","","2021TNSTR3204....1M","2024TNSCR3283....1S","",""
"92360","SN 2021ywg","02:58:44.423","+17:15:47.96","SN II","0.020087","WISEA J025844.00+171545.4","0.020087","ALeRCE, ATLAS, Pan-STARRS","ZTF, ATLAS, Pan-STARRS","ZTF","ALeRCE, ATLAS, Pan-STARRS","ZTF21accdiqz","ATLAS-HKO - ATLAS-02, ATLAS-MLO - ATLAS-01, P48 - ZTF-Cam, PS1 - GPC1","P200 - DBSP","1","1","","20.8818","r-ZTF","2021-09-12 09:44:34.996","ALeRCE","","","2021TNSTR3173....1M","2024TNSCR3590....1Y","",""
"92064","SN 2021yky","01:07:50.224","+27:18:53.28","SN II","0.076","WISEA J010750.23+271853.2","","ALeRCE, AMPEL, Fink","ZTF","ZTF","ALeRCE, AMPEL, Fink","ZTF21abzciqh","P48 - ZTF-Cam","Keck1 - LRIS","1","1","","20.1153","g-ZTF","2021-09-07 10:45:03.001","ALeRCE","","","2021TNSTR3107....1M","2021TNSCR3438....1C","",""
"92044","SN 2021yke","23:15:22.510","+06:34:44.08","SN II","0.043","SDSS J231522.50+063443.9","","ALeRCE, ATLAS, Pan-STARRS, GaiaAlerts","ZTF, ATLAS, Pan-STARRS, GaiaAlerts","ZTF, ePESSTO+","ALeRCE, ATLAS, GaiaAlerts, Pan-STARRS","ZTF21acadrzr","ATLAS-HKO - ATLAS-02, ATLAS-MLO - ATLAS-01, Gaia - Gaia-photometric, P48 - ZTF-Cam, PS1 - GPC1, PS2 - GPC2","ESO-NTT - EFOSC2-NTT, P60 - SEDM","1","1","","19.3043","g-ZTF","2021-09-09 09:53:10.000","ALeRCE","","","2021TNSTR3107....1M","2021TNSCR3285....1C, 2021TNSCR3293....1M","",""
"91735","SN 2021xyh","22:39:52.476","+12:35:05.04","SN II","0.035","","","Pan-STARRS, ZTF, ATLAS","Pan-STARRS, ZTF, ATLAS","ZTF","ATLAS, Pan-STARRS, ZTF","PS21jtu","ATLAS-MLO - ATLAS-01, P48 - ZTF-Cam, PS1 - GPC1","Keck1 - LRIS","1","1","","19.37","w-P1","2021-09-03 11:11:02.400","PS1_Bot1","","","2021TNSTR3040....1C","2021TNSCR3202....1C","",""
"91263","SN 2021xgg","08:35:40.330","+39:44:12.42","SN II","0.024","SDSS J083540.31+394412.2","","ALeRCE, Pan-STARRS","ZTF, Pan-STARRS","ZTF","ALeRCE, Pan-STARRS","ZTF21abfionl","P48 - ZTF-Cam, PS1 - GPC1, PS2 - GPC2","P60 - SEDM","1","1","","18.9404","r-ZTF","2021-08-30 12:11:46.000","ALeRCE","","","2021TNSTR2973....1M","2021TNSCR3187....1C","",""
"91119","SN 2021xat","02:53:02.996","+42:51:07.21","SN II","0.0315","2MASX J02530381+4251121","0.031575","ALeRCE, ATLAS, Pan-STARRS","ZTF, ATLAS, Pan-STARRS","ZTF","ALeRCE, ATLAS, Pan-STARRS","ZTF21abvcxid","ATLAS-HKO - ATLAS-02, ATLAS-MLO - ATLAS-01, P48 - ZTF-Cam, PS2 - GPC2","P60 - SEDM","1","1","","19.9458","r-ZTF","2021-08-25 11:17:39.002","ALeRCE","","","2021TNSTR2944....1M","2021TNSCR3134....1C","",""
"90994","SN 2021wvz","20:51:08.859","-18:37:33.50","SN II","0.02","ESO597-G043","0.020257","SGLF, ATLAS, ZTF, Fink","ZTF, ATLAS","ZTF, ePESSTO+","ATLAS, Fink, SGLF, ZTF","ZTF21abvbdyr","ATLAS-HKO - ATLAS-02, ATLAS-MLO - ATLAS-01, P48 - ZTF-Cam","ESO-NTT - EFOSC2-NTT, P60 - SEDM","1","1","","19.806","r-ZTF","2021-08-16 05:45:53.000","Ismael Perez-Fournon","","","2021TNSTR2923....1S","2021TNSCR2943....1C, 2021TNSCR2952....1T","",""
"90993","SN 2021wvy","07:45:50.080","+50:58:31.84","SN II","0.019","UGC 04002","0.019183","ALeRCE, GaiaAlerts, ZTF, ATLAS, Pan-STARRS","ZTF, GaiaAlerts, ATLAS, Pan-STARRS","ZTF","ALeRCE, ATLAS, GaiaAlerts, Pan-STARRS, ZTF","ZTF21abvdikq","ATLAS-MLO - ATLAS-01, Gaia - Gaia-photometric, P48 - ZTF-Cam, PS2 - GPC2","P60 - SEDM","1","1","","18.0902","r-ZTF","2021-08-25 11:44:58.001","ALeRCE","","","2021TNSTR2921....1M","2021TNSCR2980....1C","",""
"90954","SN 2021wun","15:46:31.990","+25:25:44.69","SN II","0.0228049997","","","ZTF, ATLAS, GaiaAlerts","ZTF, ATLAS, GaiaAlerts","ZTF","ATLAS, GaiaAlerts, ZTF","ZTF21abtephz","ATLAS-MLO - ATLAS-01, Gaia - Gaia-photometric, P48 - ZTF-Cam","P60 - SEDM","1","1","","20.6535","g-ZTF","2021-08-03 06:14:00.672","ZTF_CLU_PUBLIC","","","2021TNSTR2909....1D","2021TNSCR3134....1C","",""
"90838","SN 2021wqd","07:57:18.950","+58:31:25.03","SN II","0.0197470002","","","GaiaAlerts, ZTF, AMPEL, ATLAS, Pan-STARRS","GaiaAlerts, ZTF, ATLAS, Pan-STARRS","ZTF","AMPEL, ATLAS, GaiaAlerts, Pan-STARRS, ZTF","Gaia21dwy","ATLAS-HKO - ATLAS-02, ATLAS-MLO - ATLAS-01, Gaia - Gaia-photometric, P48 - ZTF-Cam, PS1 - GPC1","P60 - SEDM","1","1","","18.84","G-Gaia","2021-08-20 02:06:43.200","Gaia_Bot1","","","2021TNSTR2887....1H","2021TNSCR3134....1C","",""
"90278","SN 2021vvc","07:07:31.730","+48:54:06.30","SN II","0.020721","CGCG 234-056","0.020721","ALeRCE, ATLAS, GaiaAlerts, Pan-STARRS","ZTF, ATLAS, GaiaAlerts, Pan-STARRS","ZTF","ALeRCE, ATLAS, GaiaAlerts, Pan-STARRS","ZTF21absxxew","ATLAS-HKO - ATLAS-02, ATLAS-MLO - ATLAS-01, Gaia - Gaia-photometric, P48 - ZTF-Cam, PS1 - GPC1, PS2 - GPC2","P60 - SEDM","1","1","","17.8173","r-ZTF","2021-08-12 11:51:24.002","ALeRCE","","","2021TNSTR2769....1M","2021TNSCR2980....1C","",""
"89860","SN 2021vfh","01:31:38.374","+31:59:23.92","SN II","0.025","","","ATLAS, ZTF, Pan-STARRS, AMPEL","ATLAS, ZTF, Pan-STARRS","ZTF","AMPEL, ATLAS, Pan-STARRS, ZTF","ATLAS21befh","ATLAS-HKO - ATLAS-02, ATLAS-MLO - ATLAS-01, P48 - ZTF-Cam, PS1 - GPC1, PS2 - GPC2","LT - SPRAT, P60 - SEDM","1","1","","19.1","cyan-ATLAS","2021-08-07 13:45:07.200","ATLAS_Bot1","","","2021TNSTR2723....1T","2021TNSCR2759....1C, 2021TNSCR2899....1P","",""
"89583","SN 2021uux","16:00:00.820","+50:48:05.72","SN II","0.032","","","ZTF, ATLAS, Pan-STARRS, GaiaAlerts","ZTF, ATLAS, Pan-STARRS, GaiaAlerts","ZTF","ATLAS, GaiaAlerts, Pan-STARRS, ZTF","ZTF21abptxfk","ATLAS-HKO - ATLAS-02, ATLAS-MLO - ATLAS-01, Gaia - Gaia-photometric, P48 - ZTF-Cam, PS1 - GPC1","P60 - SEDM","1","1","","17.94","r-ZTF","2021-08-01 05:21:07.200","ZTF_Bot1","","","2021TNSTR2682....1F","2021TNSCR2803....1C","",""
"89567","SN 2021uuh","01:55:52.860","-10:28:22.87","SN II","0.053","","","ZTF, ATLAS, Pan-STARRS, Fink, GaiaAlerts","ZTF, ATLAS, Pan-STARRS, GaiaAlerts","ZTF","ATLAS, Fink, GaiaAlerts, Pan-STARRS, ZTF","ZTF21abouznj","ATLAS-HKO - ATLAS-02, Gaia - Gaia-photometric, P48 - ZTF-Cam, PS1 - GPC1, PS2 - GPC2","P60 - SEDM","1","1","","20.3","g-ZTF","2021-07-19 10:30:43.200","ZTF_Bot1","","","2021TNSTR2682....1F","2021TNSCR2785....1C","",""
"89145","SN 2021ued","23:21:41.381","+26:29:09.60","SN II","0.031","CGCG 476-019","0.030748","ALeRCE, ATLAS, Pan-STARRS","ZTF, ATLAS, Pan-STARRS","ZTF","ALeRCE, ATLAS, Pan-STARRS","ZTF21abouxex","ATLAS-HKO - ATLAS-02, ATLAS-MLO - ATLAS-01, P48 - ZTF-Cam, PS2 - GPC2","P200 - DBSP","1","1","","19.7052","r-ZTF","2021-07-27 09:51:04.003","ALeRCE","","","2021TNSTR2569....1M","2021TNSCR2803....1C","",""
"88989","SN 2021tyf","14:42:33.060","+04:26:15.58","SN II","0.02724","","","ZTF, GaiaAlerts, ATLAS, Pan-STARRS","ZTF, GaiaAlerts, ATLAS, Pan-STARRS","ZTF","ATLAS, GaiaAlerts, Pan-STARRS, ZTF","ZTF21abnvlnj","ATLAS-MLO - ATLAS-01, Gaia - Gaia-photometric, P48 - ZTF-Cam, PS2 - GPC2","P60 - SEDM","1","1","","17.85","g-ZTF","2021-07-24 04:56:38.400","ZTF_Bot1","","","2021TNSTR2555....1F","2021TNSCR2768....1C","",""
"88824","SN 2021try","04:09:44.006","+37:00:29.04","SN II","0.0196170006","","","ZTF","ZTF","ZTF","ZTF","ZTF21abmzauo","P48 - ZTF-Cam","Keck1 - LRIS","1","1","","19.5802","r-ZTF","2021-07-02 11:23:42.720","ZTF_CLU_PUBLIC","","","2021TNSTR2503....1D","2024TNSCR3609....1S","",""
"88670","SN 2021tmb","15:30:05.640","+73:45:54.58","SN II","0.06","","","ZTF, ATLAS, GaiaAlerts, Pan-STARRS","ZTF, ATLAS, GaiaAlerts, Pan-STARRS","ZTF","ATLAS, GaiaAlerts, Pan-STARRS, ZTF","ZTF21abkoccb","ATLAS-HKO - ATLAS-02, ATLAS-MLO - ATLAS-01, Gaia - Gaia-photometric, P48 - ZTF-Cam, PS1 - GPC1","LT - SPRAT","1","1","","20.93","g-ZTF","2021-07-04 06:51:50.400","ZTF_Bot1","","","2021TNSTR2472....1F","2021TNSCR2529....1P","",""
"88655","SN 2021tlm","21:59:27.440","+33:10:38.96","SN II","0.022","","","ZTF, GaiaAlerts, AMPEL, ATLAS, Pan-STARRS","ZTF, GaiaAlerts, ATLAS, Pan-STARRS","ZTF","AMPEL, ATLAS, GaiaAlerts, Pan-STARRS, ZTF","ZTF21abkggoa","ATLAS-HKO - ATLAS-02, ATLAS-MLO - ATLAS-01, Gaia - Gaia-photometric, P48 - ZTF-Cam, PS1 - GPC1, PS2 - GPC2","LT - SPRAT","1","1","","17.78","r-ZTF","2021-07-08 10:27:50.400","ZTF_Bot1","","","2021TNSTR2455....1F","2021TNSCR2546....1P","",""
"88428","SN 2021tcv","02:11:33.999","+43:58:47.25","SN II","0.017","","","ATLAS, ZTF","ATLAS, ZTF","ZTF","ATLAS, ZTF","ATLAS21bbiw","ATLAS-HKO - ATLAS-02, ATLAS-MLO - ATLAS-01, P48 - ZTF-Cam","P60 - SEDM","1","1","","18.974","orange-ATLAS","2021-07-11 14:18:14.400","ATLAS_Bot1","","","2021TNSTR2400....1T","2021TNSCR2520....1C","",""
"88207","SN 2021sul","03:13:13.490","-13:46:52.21","SN II","0.03","","","ATLAS, GaiaAlerts, ZTF, Pan-STARRS","ATLAS, GaiaAlerts, ZTF, Pan-STARRS","ZTF","ATLAS, GaiaAlerts, Pan-STARRS, ZTF","ATLAS21bawp","ATLAS-MLO - ATLAS-01, Gaia - Gaia-photometric, P48 - ZTF-Cam, PS1 - GPC1","P60 - SEDM","1","1","","18.218","orange-ATLAS","2021-07-09 14:13:55.200","ATLAS_Bot1","","","2021TNSTR2372....1T","2021TNSCR2834....1C","",""
"87667","SN 2021sau","00:12:36.350","-20:19:05.94","SN II","0.0268719997","","","ATLAS, ZTF","ATLAS, ZTF","ZTF","ATLAS, ZTF","ATLAS21baks","ATLAS-HKO - ATLAS-02, ATLAS-MLO - ATLAS-01, P48 - ZTF-Cam","P200 - DBSP","1","1","","18.519","orange-ATLAS","2021-07-04 12:12:57.600","ATLAS_Bot1","","","2021TNSTR2308....1T","2021TNSCR2519....1D","",""
"87457","SN 2021rsu","03:45:08.360","+02:12:24.84","SN II","0.016","","","GaiaAlerts, ZTF, ATLAS, Pan-STARRS","GaiaAlerts, ZTF, ATLAS, Pan-STARRS","ZTF","ATLAS, GaiaAlerts, Pan-STARRS, ZTF","Gaia21dcn","ATLAS-MLO - ATLAS-01, Gaia - Gaia-photometric, P48 - ZTF-Cam, PS1 - GPC1, PS2 - GPC2","P60 - SEDM","1","1","","18","G-Gaia","2021-07-02 14:06:43.200","Gaia_Bot1","","","2021TNSTR2297....1H","2021TNSCR2768....1C","",""
"86945","SN 2021qzi","20:45:13.869","-05:37:09.98","SN II","0.027365","","","ZTF, ATLAS, YSE, Fink, Pan-STARRS","ZTF, ATLAS, Pan-STARRS","ZTF","ATLAS, Pan-STARRS, ZTF","ZTF21abiblpl","ATLAS-HKO - ATLAS-02, ATLAS-MLO - ATLAS-01, P48 - ZTF-Cam, PS1 - GPC1, PS2 - GPC2","P60 - SEDM","1","1","","18.81","r-ZTF","2021-06-26 07:40:48.000","ZTF_Bot1","","","2021TNSTR2210....1F","2021TNSCR2330....1D","",""
"86621","SN 2021qmz","13:07:47.933","+42:05:48.56","SN II","0.051738","","","ZTF, ATLAS, Pan-STARRS","ZTF, ATLAS, Pan-STARRS","ZTF","ATLAS, Pan-STARRS, ZTF","ZTF21abhqhqb","ATLAS-HKO - ATLAS-02, ATLAS-MLO - ATLAS-01, P48 - ZTF-Cam, PS1 - GPC1","P200 - DBSP","1","1","","18.91","g-ZTF","2021-06-20 04:50:52.800","ZTF_Bot1","","","2021TNSTR2136....1F","2021TNSCR2662....1C","",""
"86294","SN 2021qar","23:32:53.580","+13:21:29.38","SN II","0.041","","","ATLAS, ALeRCE, Pan-STARRS, GaiaAlerts","ATLAS, ZTF, Pan-STARRS, GaiaAlerts","ZTF","ATLAS, GaiaAlerts, Pan-STARRS, ZTF","ATLAS21tjj","ATLAS-HKO - ATLAS-02, ATLAS-MLO - ATLAS-01, Gaia - Gaia-photometric, P48 - ZTF-Cam, PS1 - GPC1, PS2 - GPC2","P200 - DBSP","1","1","","18.708","cyan-ATLAS","2021-06-12 12:50:24.000","ATLAS_Bot1","","","2021TNSTR2054....1T","2021TNSCR2672....1C","",""
"85857","SN 2021pkh","12:48:41.978","+26:25:06.69","SN II","0.02303","SDSS J124842.07+262502.2","0.02302836","ALeRCE","ZTF","ZTF","ZTF","ZTF21abfjaxa","P48 - ZTF-Cam","P200 - DBSP","1","1","","19.8108","r-ZTF","2021-06-10 05:09:14.996","ALeRCE","","","2021TNSTR1986....1M","2025TNSCR..41....1S","",""
"85665","SN 2021pdk","23:33:56.203","+80:56:30.76","SN II","0.0316","","","ZTF, ATLAS","ZTF, ATLAS","ZTF","ATLAS, ZTF","ZTF21abcrknf","ATLAS-MLO - ATLAS-01, P48 - ZTF-Cam","P200 - DBSP","1","1","","19.661","r-ZTF","2021-05-28 10:41:51.072","ZTF_CLU_PUBLIC","","","2021TNSTR1963....1D","2024TNSCR3604....1D","",""
"85429","SN 2021oul","23:56:44.730","+79:16:22.33","SN II","0.034","","","GaiaAlerts, ALeRCE","GaiaAlerts, ZTF","ZTF","GaiaAlerts, ZTF","Gaia21cro","Gaia - Gaia-photometric, P48 - ZTF-Cam","P200 - DBSP","1","1","","18.43","G-Gaia","2021-06-03 14:34:04.800","Gaia_Bot1","","","2021TNSTR1922....1H","2021TNSCR2534....1C","",""
"85241","SN 2021oni","16:29:36.459","-07:36:40.75","SN II","0.0396169983","WISEA J162936.69-073625.7","0.039617","ALeRCE, Pan-STARRS, ATLAS","ZTF, Pan-STARRS, ATLAS","ZTF","ATLAS, Pan-STARRS, ZTF","ZTF21abdsoiv","ATLAS-HKO - ATLAS-02, ATLAS-MLO - ATLAS-01, P48 - ZTF-Cam, PS1 - GPC1","Keck1 - LRIS","1","1","","19.8099","r-ZTF","2021-05-30 08:04:51.001","ALeRCE","","","2021TNSTR1882....1M","2024TNSCR3610....1Y","",""
"85231","SN 2021omy","17:38:35.583","+73:14:20.10","SN II","0.054","WISEA J173834.48+731417.6","","ALeRCE, ATLAS, Fink, Pan-STARRS","ZTF, ATLAS, Pan-STARRS","ZTF","ATLAS, Pan-STARRS, ZTF","ZTF21abduoun","ATLAS-HKO - ATLAS-02, ATLAS-MLO - ATLAS-01, P48 - ZTF-Cam, PS1 - GPC1","P60 - SEDM","1","1","","20.4406","r-ZTF","2021-06-01 08:44:40.998","ALeRCE","","","2021TNSTR1882....1M","2021TNSCR2129....1D","",""
"84860","SN 2021nyu","16:11:04.995","+18:29:58.34","SN II","0.035955","CGCG 108-165","0.035955","ALeRCE, AMPEL, ATLAS, Pan-STARRS","ZTF, ATLAS, Pan-STARRS","ZTF","ATLAS, Pan-STARRS, ZTF","ZTF21abczimc","ATLAS-HKO - ATLAS-02, ATLAS-MLO - ATLAS-01, P48 - ZTF-Cam, PS1 - GPC1","P60 - SEDM","1","1","","19.2192","g-ZTF","2021-05-31 07:57:16.001","ALeRCE","","","2021TNSTR4246....1M","2021TNSCR2129....1D","",""
"84579","SN 2021nof","14:15:50.780","+01:52:57.43","SN II","0.02558","","","ZTF, ATLAS, GaiaAlerts","ZTF, ATLAS, GaiaAlerts","ZTF","ATLAS, GaiaAlerts, ZTF","ZTF21abcpbqd","ATLAS-HKO - ATLAS-02, ATLAS-MLO - ATLAS-01, Gaia - Gaia-photometric, P48 - ZTF-Cam","APO-3.5m - DIS","1","1","","18.52","g-ZTF","2021-05-28 05:29:45.600","ZTF_Bot1","","","2021TNSTR1833....1F","2021TNSCR2264....1G","",""
"84504","SN 2021nli","14:02:12.660","-18:45:16.24","SN II","0.030067","","","ZTF, ATLAS, Fink, Pan-STARRS, GaiaAlerts","ZTF, ATLAS, Pan-STARRS, GaiaAlerts","ZTF","ATLAS, GaiaAlerts, Pan-STARRS, ZTF","ZTF21abcmzvk","ATLAS-HKO - ATLAS-02, ATLAS-MLO - ATLAS-01, Gaia - Gaia-photometric, P48 - ZTF-Cam, PS1 - GPC1","P200 - DBSP","1","1","","19.52","g-ZTF","2021-05-22 05:03:50.400","ZTF_Bot1","","","2021TNSTR1819....1F","2021TNSCR2263....1D","",""
"84458","SN 2021njo","16:07:06.970","+47:26:37.10","SN II","0.03797","","","AMPEL, ATLAS, GaiaAlerts, Pan-STARRS","ZTF, ATLAS, GaiaAlerts, Pan-STARRS","ZTF","ATLAS, GaiaAlerts, Pan-STARRS, ZTF","ZTF21abcjpnm","ATLAS-HKO - ATLAS-02, ATLAS-MLO - ATLAS-01, Gaia - Gaia-photometric, P48 - ZTF-Cam, PS1 - GPC1","P60 - SEDM","1","1","","18.7","g-ZTF","2021-05-25 07:05:23.424","ZTF_AMPEL_NEW","","","2021TNSTR1797....1N","2021TNSCR1984....1D","",""
"84068","SN 2021mur","00:01:04.610","+08:16:38.53","SN II","0.036","","","ATLAS, GaiaAlerts, ZTF, Pan-STARRS","ATLAS, GaiaAlerts, ZTF, Pan-STARRS","ZTF","ATLAS, GaiaAlerts, Pan-STARRS, ZTF","ATLAS21pjb","ATLAS-HKO - ATLAS-02, ATLAS-MLO - ATLAS-01, Gaia - Gaia-photometric, P48 - ZTF-Cam, PS1 - GPC1","P60 - SEDM","1","1","","18.844","orange-ATLAS","2021-05-19 13:45:07.200","ATLAS_Bot1","","","2021TNSTR1728....1T","2021TNSCR2330....1D","",""
"84026","SN 2021mtb","20:03:44.160","+49:59:34.77","SN II","0.027","","","ALeRCE, ATLAS","ZTF, ATLAS","ZTF","ATLAS, ZTF","ZTF21abcacpa","ATLAS-MLO - ATLAS-01, P48 - ZTF-Cam","P200 - DBSP","1","1","","19.5274","g-ZTF","2021-05-19 09:17:43.999","ALeRCE","","","2021TNSTR1700....1M","2025TNSCR..38....1T","",""
"84021","SN 2021msw","22:21:59.796","-10:11:15.28","SN II","0.04","","","ATLAS, ALeRCE","ATLAS, ZTF","ZTF","ATLAS, ZTF","ATLAS21phi","ATLAS-MLO - ATLAS-01, P48 - ZTF-Cam","LT - SPRAT","1","1","","18.809","orange-ATLAS","2021-05-18 14:00:57.600","ATLAS_Bot1","","","2021TNSTR1703....1T","2021TNSCR2182....1P","",""
"83978","SN 2021msa","10:22:55.600","+65:12:03.13","SN II","0.010945","","","ZTF, ATLAS, GaiaAlerts, Pan-STARRS","ZTF, ATLAS, GaiaAlerts, Pan-STARRS","ZTF","ATLAS, GaiaAlerts, Pan-STARRS, ZTF","ZTF21abbvvmf","ATLAS-HKO - ATLAS-02, ATLAS-MLO - ATLAS-01, Gaia - Gaia-photometric, P48 - ZTF-Cam, PS1 - GPC1, PS2 - GPC2","P60 - SEDM","1","1","","18.55","r-ZTF","2021-05-19 04:43:40.800","ZTF_Bot1","","","2021TNSTR1715....1F","","",""
"83940","SN 2021mqo","01:15:51.840","+33:48:31.90","SN II","0.014023","UGC 00809","0.014023","ALeRCE, Pan-STARRS","ZTF, Pan-STARRS","ZTF","Pan-STARRS, ZTF","ZTF21abbxuez","P48 - ZTF-Cam, PS1 - GPC1","P200 - DBSP","1","1","","18.2374","r-ZTF","2021-05-18 11:33:16.001","ALeRCE","","","2021TNSTR1680....1M","2021TNSCR1984....1D","",""
"83856","SN 2021mnj","14:45:20.590","+38:44:18.56","SN II","0.01521","","","ZTF, GaiaAlerts, Pan-STARRS","ZTF, GaiaAlerts, Pan-STARRS","ZTF","GaiaAlerts, Pan-STARRS, ZTF","ZTF21abbomrf","Gaia - Gaia-photometric, P48 - ZTF-Cam, PS1 - GPC1","P60 - SEDM","1","1","","18.7711","g-ZTF","2021-05-15 05:43:28.992","ZTF_CLU_PUBLIC","","","2021TNSTR1661....1D","2021TNSCR1721....1D","",""
"83758","SN 2021mju","16:41:47.593","+19:21:53.71","SN II","0.028","","","ZTF, Pan-STARRS","ZTF, Pan-STARRS","ZTF","Pan-STARRS, ZTF","ZTF21aasksnl","P48 - ZTF-Cam, PS1 - GPC1","P200 - DBSP","1","1","","20.7086","r-ZTF","2021-04-08 09:37:22.080","ZTF_CLU_PUBLIC","","","2021TNSTR1645....1D","2022TNSCR2319....1S","",""
"83584","SN 2021mdd","07:45:12.860","+59:35:34.58","SN II","0.054","","","ATLAS","ATLAS","ZTF","ATLAS","ATLAS21ont","ATLAS-HKO - ATLAS-02, ATLAS-MLO - ATLAS-01","P200 - DBSP","1","1","","18.22","orange-ATLAS","2021-05-12 06:01:26.400","ATLAS_Bot1","","","2021TNSTR1599....1T","2024TNSCR3305....1T","",""
"83257","SN 2021lqt","14:24:21.193","+55:44:31.81","SN II","0.04294","","","ZTF, AMPEL, Pan-STARRS, ATLAS","ZTF, Pan-STARRS, ATLAS","ZTF","ATLAS, Pan-STARRS, ZTF","ZTF21aazybsh","ATLAS-HKO - ATLAS-02, ATLAS-MLO - ATLAS-01, P48 - ZTF-Cam, PS1 - GPC1","LT - SPRAT","1","1","","18.79","g-ZTF","2021-05-08 08:23:59.000","ZTF_Bot1","","","2021TNSTR1524....1F","2021TNSCR1795....1P","",""
"83148","SN 2021lmp","15:04:17.633","+48:55:10.68","SN II","0.0267","WISEA J150417.73+485511.0","0.026693","ALeRCE, ATLAS","ZTF, ATLAS","ZTF","ATLAS, ZTF","ZTF18aawgrxz","ATLAS-HKO - ATLAS-02, ATLAS-MLO - ATLAS-01, P48 - ZTF-Cam","P200 - DBSP","1","1","","19.6341","r-ZTF","2021-05-06 07:54:01.999","ALeRCE","","","2021TNSTR1483....1M","2021TNSCR1879....1D","",""
"82957","SN 2021lfg","11:40:38.245","+00:09:04.47","SN II","0.0423","","","Pan-STARRS, ZTF","Pan-STARRS, ZTF","ZTF","Pan-STARRS, ZTF","PS21doh","P48 - ZTF-Cam, PS1 - GPC1","P200 - DBSP","1","1","","20.29","w-P1","2021-05-02 08:03:50.400","PS1_Bot1","","","2021TNSTR1472....1C","2024TNSCR3604....1D","",""
"82676","SN 2021kul","14:17:30.440","+28:48:08.42","SN II","0.035126","IC 4396","0.034891","ALeRCE, GaiaAlerts, ATLAS, AMPEL","ZTF, GaiaAlerts, ATLAS","ZTF","ATLAS, GaiaAlerts, ZTF","ZTF21aaxxoei","ATLAS-HKO - ATLAS-02, ATLAS-MLO - ATLAS-01, Gaia - Gaia-photometric, P48 - ZTF-Cam","APO-3.5m - DIS","1","1","","19.3023","g-ZTF","2021-05-01 06:54:45.999","ALeRCE","","","2021TNSTR1412....1F","2021TNSCR1665....1G","",""
"82558","SN 2021kpx","09:10:37.960","+68:17:58.06","SN II","0.04","","","ZTF, ATLAS, AMPEL","ZTF, ATLAS","ZTF","ATLAS, ZTF","ZTF21aaxjvyl","ATLAS-HKO - ATLAS-02, ATLAS-MLO - ATLAS-01, P48 - ZTF-Cam","P200 - DBSP","1","1","","19.39","g-ZTF","2021-04-25 07:16:19.200","ZTF_Bot1","","","2021TNSTR1402....1F","2021TNSCR1574....1D","",""
"82483","SN 2021knb","23:18:55.620","-20:41:58.70","SN II","0.025945","","","GaiaAlerts, ATLAS, ZTF, Pan-STARRS","GaiaAlerts, ATLAS, ZTF, Pan-STARRS","ZTF","ATLAS, GaiaAlerts, Pan-STARRS, ZTF","Gaia21cbc","ATLAS-MLO - ATLAS-01, Gaia - Gaia-photometric, P48 - ZTF-Cam, PS1 - GPC1","P60 - SEDM","1","1","","18.15","G-Gaia","2021-04-25 04:37:55.200","Gaia_Bot1","","","2021TNSTR1358....1H","2021TNSCR2238....1D","",""
"82481","SN 2021kmz","23:04:53.860","-06:32:32.42","SN II","0.019937","","","GaiaAlerts, ATLAS, ZTF, AMPEL, Pan-STARRS","GaiaAlerts, ATLAS, ZTF, Pan-STARRS","ZTF","AMPEL, ATLAS, GaiaAlerts, Pan-STARRS, ZTF","Gaia21cba","ATLAS-HKO - ATLAS-02, ATLAS-MLO - ATLAS-01, Gaia - Gaia-photometric, P48 - ZTF-Cam, PS1 - GPC1","P60 - SEDM","1","1","","17.2","G-Gaia","2021-04-24 08:35:31.200","Gaia_Bot1","","","2021TNSTR1358....1H","2021TNSCR2065....1D","",""
"82426","SN 2021kkx","15:48:03.813","+82:34:34.02","SN II","0.0383","","","AMPEL, Fink, ATLAS","ZTF, ATLAS","ZTF","ATLAS, ZTF","ZTF21aawgzda","ATLAS-HKO - ATLAS-02, ATLAS-MLO - ATLAS-01, P48 - ZTF-Cam","APO-3.5m - DIS","1","1","","19.58","g-ZTF","2021-04-18 04:50:09.600","ZTF_AMPEL_NEW","","","2021TNSTR1338....1N","2021TNSCR2264....1G","",""
"82390","SN 2021kjn","11:04:55.190","+24:46:56.35","SN II","","2MASX J11045525+2446524","0.043935","ALeRCE, AMPEL, GaiaAlerts, ATLAS, Fink","ZTF, GaiaAlerts, ATLAS","ZTF","ATLAS, GaiaAlerts, ZTF","ZTF21aawmtug","ATLAS-HKO - ATLAS-02, ATLAS-MLO - ATLAS-01, Gaia - Gaia-photometric, P48 - ZTF-Cam","NOT - ALFOSC","1","1","","19.2922","g-ZTF","2021-04-19 06:15:31.003","ALeRCE","","","2021TNSTR1298....1M","2021TNSCR1593....1S","",""
"82232","SN 2021kdm","22:00:13.180","+09:43:19.81","SN II","0.043","","","GaiaAlerts, ZTF","GaiaAlerts, ZTF","ZTF","GaiaAlerts, ZTF","Gaia21bxl","Gaia - Gaia-photometric, P48 - ZTF-Cam","LT - SPRAT","1","1","","18.94","G-Gaia","2021-04-16 16:01:55.200","Gaia_Bot1","","","2021TNSTR1268....1H","2021TNSCR1804....1P","",""
"82184","SN 2021kbq","11:25:33.984","+53:23:59.21","SN II","0.0468","","","ZTF","ZTF","ZTF","ZTF","ZTF21aavoynd","P48 - ZTF-Cam","P200 - DBSP","1","1","","20.5814","g-ZTF","2021-04-12 08:13:16.320","ZTF_CLU_PUBLIC","","","2021TNSTR1259....1D","2024TNSCR3605....1T","",""
"81470","SN 2021jaj","15:47:49.500","+71:36:09.54","SN II","0.04","LEDA 2744428","","ALeRCE, ATLAS, Fink, GaiaAlerts, Pan-STARRS","ZTF, ATLAS, GaiaAlerts, Pan-STARRS","ZTF","ATLAS, GaiaAlerts, Pan-STARRS, ZTF","ZTF21aaukcog","ATLAS-MLO - ATLAS-01, Gaia - Gaia-photometric, P48 - ZTF-Cam, PS1 - GPC1","NOT - ALFOSC","1","1","","19.6963","g-ZTF","2021-04-11 06:46:10.001","ALeRCE","","","2021TNSTR1148....1F","2021TNSCR1593....1S","",""
"80603","SN 2021htn","10:04:06.341","+17:21:56.63","SN II","0.03572","SDSS J100406.53+172155.0","0.0357206","SGLF, Pan-STARRS","ZTF, Pan-STARRS","ZTF","Pan-STARRS, SGLF, ZTF","ZTF21aarmlle","P48 - ZTF-Cam, PS1 - GPC1","P200 - DBSP","1","1","","20.297","g-ZTF","2021-03-20 07:10:45.000","Ismael Perez-Fournon","","","2021TNSTR1019....1P","2024TNSCR3605....1T","",""
"80360","SN 2021hkg","09:52:24.610","-11:13:26.83","SN II","0.017","","","ZTF, ATLAS, GaiaAlerts, Pan-STARRS","ZTF, ATLAS, GaiaAlerts, Pan-STARRS","ZTF","ATLAS, GaiaAlerts, Pan-STARRS, ZTF","ZTF21aarasvn","ATLAS-HKO - ATLAS-02, ATLAS-MLO - ATLAS-01, Gaia - Gaia-photometric, P48 - ZTF-Cam, PS2 - GPC2","LT - SPRAT","1","1","","17.93","g-ZTF","2021-03-29 04:03:21.600","ZTF_Bot1","","","2021TNSTR.976....1F","2021TNSCR1009....1P","",""
"80071","SN 2021hac","14:12:30.458","+34:33:00.40","SN II","0.0316","","","ZTF, ATLAS, Pan-STARRS, ASAS-SN","ZTF, ATLAS, Pan-STARRS, ASAS-SN","ZTF","ASAS-SN, ATLAS, Pan-STARRS, ZTF","ZTF21aaqldsj","ASASSN-4 - Leavitt, ATLAS-MLO - ATLAS-01, P48 - ZTF-Cam, PS1 - GPC1, PS2 - GPC2","NOT - ALFOSC","1","1","","19.202","r-ZTF","2021-03-24 06:51:32.256","ZTF_CLU_PUBLIC","","","2021TNSTR.910....1D","2021TNSCR1679....1S","",""
"79878","SN 2021gtb","09:27:26.039","+30:45:46.07","SN II","0.0461409986","","","ZTF","ZTF","ZTF","ZTF","ZTF21aapyvvr","P48 - ZTF-Cam","Keck1 - LRIS","1","1","","20.8004","g-ZTF","2021-02-20 09:26:00.384","ZTF_CLU_PUBLIC","","","2021TNSTR.862....1D","2024TNSCR3609....1S","",""
"79703","SN 2021gmj","10:38:47.270","+53:30:30.31","SN II","0.0034","","","DLT40, ALeRCE, ATLAS, Pan-STARRS, GaiaAlerts","DLT40, ZTF, ATLAS, Pan-STARRS, GaiaAlerts","ZTF, Padova-Asiago","ATLAS, DLT40, GaiaAlerts, Pan-STARRS, ZTF","","ATLAS-HKO - ATLAS-02, ATLAS-MLO - ATLAS-01, Gaia - Gaia-photometric, Other - Other, P48 - ZTF-Cam, PS1 - GPC1, PS2 - GPC2","Ekar - AFOSC, LT - SPRAT","1","1","","15.982","r-Sloan","2021-03-20 07:40:48.000","Stefano Valenti","","","2021TNSTR.837....1V","2021TNSCR.849....1P, 2021TNSCR.864....1C","",""
"79573","SN 2021ghj","08:23:48.449","+38:23:23.34","SN II","0.060214","2MASX J08234844+3823230","0.060214","ALeRCE, Pan-STARRS","ZTF, Pan-STARRS","ZTF","Pan-STARRS, ZTF","ZTF21aapxogj","P48 - ZTF-Cam, PS2 - GPC2","P200 - DBSP","1","1","","20.5138","g-ZTF","2021-03-17 05:11:38.999","ALeRCE","","","2021TNSTR.815....1M","2021TNSCR1574....1D","",""
"79435","SN 2021gcc","07:23:46.437","+15:33:33.27","SN II","0.04106478941915","","","ZTF, ATLAS","ZTF, ATLAS","ZTF","ATLAS, ZTF","ZTF21aapdxxs","ATLAS-HKO - ATLAS-02, ATLAS-MLO - ATLAS-01, P48 - ZTF-Cam","APO-3.5m - DIS","1","1","","19.5157","g-ZTF","2021-03-17 04:51:52.416","ZTF_CLU_PUBLIC","","","2021TNSTR.811....1D","2021TNSCR1157....1G","",""
"79342","SN 2021fyp","10:16:59.941","+15:00:58.69","SN II","0.052896","2MASX J10165959+1500546","0.052896","ALeRCE, Pan-STARRS, ATLAS","ZTF, Pan-STARRS, ATLAS","ZTF","ATLAS, Pan-STARRS, ZTF","ZTF21aapffqd","ATLAS-HKO - ATLAS-02, ATLAS-MLO - ATLAS-01, P48 - ZTF-Cam, PS1 - GPC1","APO-3.5m - DIS","1","1","","19.7203","r-ZTF","2021-03-17 06:06:51.998","ALeRCE","","","2021TNSTR.779....1M","2021TNSCR1157....1G","",""
"79313","SN 2021fxm","13:54:18.313","-25:54:30.45","SN II","0.02","","","ZTF, ATLAS, Pan-STARRS, Fink","ZTF, ATLAS, Pan-STARRS","ZTF","ATLAS, Pan-STARRS, ZTF","ZTF21aapjphz","ATLAS-MLO - ATLAS-01, P48 - ZTF-Cam, PS1 - GPC1, PS2 - GPC2","P60 - SEDM","1","1","","18.89","r-ZTF","2021-03-17 09:01:26.400","ZTF_Bot1","","","2021TNSTR.791....1F","2021TNSCR.814....1D","",""
"79297","SN 2021fwx","06:25:33.911","+46:44:12.51","SN II","0.0434","","","ZTF, Pan-STARRS","ZTF, Pan-STARRS","ZTF","Pan-STARRS, ZTF","ZTF21aapdulz","P48 - ZTF-Cam, PS2 - GPC2","Keck1 - LRIS","1","1","","18.47","g-ZTF","2021-03-17 04:46:33.600","ZTF_Bot1","","","2021TNSTR.791....1F","2021TNSCR1234....1D","",""
"79075","SN 2021foj","13:45:26.600","+47:55:05.38","SN II","0.028057","","","ATLAS, ZTF, GaiaAlerts, Pan-STARRS","ATLAS, ZTF, GaiaAlerts, Pan-STARRS","ZTF","ATLAS, GaiaAlerts, Pan-STARRS, ZTF","ATLAS21huf","ATLAS-HKO - ATLAS-02, ATLAS-MLO - ATLAS-01, Gaia - Gaia-photometric, P48 - ZTF-Cam, PS1 - GPC1, PS2 - GPC2","P60 - SEDM","1","1","","19.108","cyan-ATLAS","2021-03-15 11:39:50.400","ATLAS_Bot1","","","2021TNSTR.771....1T","2021TNSCR.885....1D","",""
"79049","SN 2021fnj","14:23:42.660","+28:20:45.82","SN II","0.030034","","","GaiaAlerts, ATLAS, ALeRCE, AMPEL","GaiaAlerts, ATLAS, ZTF","ZTF","ATLAS, GaiaAlerts, ZTF","Gaia21bic","ATLAS-HKO - ATLAS-02, ATLAS-MLO - ATLAS-01, Gaia - Gaia-photometric, P48 - ZTF-Cam","P200 - DBSP","1","1","","18.7","G-Gaia","2021-03-12 08:25:26.400","Gaia_Bot1","","","2021TNSTR.764....1H","2025TNSCR..38....1T","",""
"79042","SN 2021fnc","09:02:54.720","+50:17:08.77","SN II","0.0420950018","","","GaiaAlerts, ATLAS, ZTF, Pan-STARRS","GaiaAlerts, ATLAS, ZTF, Pan-STARRS","ZTF","ATLAS, GaiaAlerts, Pan-STARRS, ZTF","Gaia21bht","ATLAS-HKO - ATLAS-02, Gaia - Gaia-photometric, P48 - ZTF-Cam, PS1 - GPC1, PS2 - GPC2","P60 - SEDM","1","1","","18.52","G-Gaia","2021-03-11 09:07:12.000","Gaia_Bot1","","","2021TNSTR.764....1H","2021TNSCR.949....1D","",""
"78363","SN 2021enz","12:07:05.220","+42:59:18.28","SN II","0.024","","","ZTF, ATLAS, Pan-STARRS, AMPEL, GaiaAlerts","ZTF, ATLAS, Pan-STARRS, GaiaAlerts","ZTF","ATLAS, GaiaAlerts, Pan-STARRS, ZTF","ZTF21aanzcuj","ATLAS-HKO - ATLAS-02, ATLAS-MLO - ATLAS-01, Gaia - Gaia-photometric, P48 - ZTF-Cam, PS1 - GPC1, PS2 - GPC2","P60 - SEDM","1","1","","18.91","g-ZTF","2021-03-05 07:30:43.200","ZTF_Bot1","","","2021TNSTR.695....1F","2021TNSCR.795....1D","",""
"78129","SN 2021eff","17:54:51.620","+44:36:27.62","SN II","0.045","WISEA J175451.35+443632.1","","ALeRCE, ATLAS, AMPEL, Pan-STARRS","ZTF, ATLAS, Pan-STARRS","ZTF","ATLAS, Pan-STARRS, ZTF","ZTF21aanwmxn","ATLAS-HKO - ATLAS-02, ATLAS-MLO - ATLAS-01, P48 - ZTF-Cam, PS1 - GPC1","P60 - SEDM","1","1","","19.6916","r-ZTF","2021-03-02 12:23:11.999","ALeRCE","","","2021TNSTR.640....1M","2021TNSCR1008....1D","",""
"78050","SN 2021ech","12:06:20.419","+37:00:47.21","SN II","0.020738","CGCG 187-007","0.020738","ALeRCE, ATLAS, Pan-STARRS","ZTF, ATLAS, Pan-STARRS","ZTF","ATLAS, Pan-STARRS, ZTF","ZTF21aantsla","ATLAS-HKO - ATLAS-02, ATLAS-MLO - ATLAS-01, P48 - ZTF-Cam, PS1 - GPC1","P60 - SEDM","1","1","","18.7448","g-ZTF","2021-03-02 05:11:33.996","ALeRCE","","","2021TNSTR.641....1M","2021TNSCR.717....1D","",""
"78033","SN 2021ebs","13:42:14.438","+24:18:03.21","SN II","0.046","","","Pan-STARRS","Pan-STARRS","ZTF","Pan-STARRS","PS21aoq","PS1 - GPC1, PS2 - GPC2","P200 - DBSP","1","1","","19.68","w-P1","2021-02-11 12:17:16.800","PS2_Bot1","","","2021TNSTR.644....1C","2024TNSCR3605....1T","",""
"77862","SN 2021dvl","07:49:56.119","+71:15:42.11","SN II","0.034","","","ZTF, Fink, ATLAS","ZTF, ATLAS","ZTF","ATLAS, ZTF","ZTF21aamzuxi","ATLAS-HKO - ATLAS-02, ATLAS-MLO - ATLAS-01, P48 - ZTF-Cam","LT - SPRAT","1","1","","19.18","g-ZTF","2021-02-24 05:39:50.400","ZTF_Bot1","","","2021TNSTR.615....1F","2021TNSCR.770....1P","",""
"77835","SN 2021duk","05:23:17.171","-14:01:47.14","SN II","0.015","","","ZTF, ATLAS","ZTF, ATLAS","ZTF","ATLAS, ZTF","ZTF21aanfuuk","ATLAS-MLO - ATLAS-01, P48 - ZTF-Cam","P60 - SEDM","1","1","","19.31","r-ZTF","2021-02-25 03:33:07.200","ZTF_Bot1","","","2021TNSTR.608....1F","2021TNSCR.717....1D","",""
"77766","SN 2021dru","12:24:44.664","-04:46:06.94","SN II","0.025878","WISEA J122443.66-044558.3","0.025878","ALeRCE, ATLAS, Pan-STARRS","ZTF, ATLAS, Pan-STARRS","ZTF","ATLAS, Pan-STARRS, ZTF","ZTF21aamwqim","ATLAS-HKO - ATLAS-02, ATLAS-MLO - ATLAS-01, P48 - ZTF-Cam, PS1 - GPC1, PS2 - GPC2","P60 - SEDM","1","1","","20.1659","r-ZTF","2021-02-21 09:02:23.001","ALeRCE","","","2021TNSTR.571....1F","2021TNSCR.717....1D","",""
"77557","SN 2021djy","17:47:01.278","+05:48:12.69","SN II","0.056","","","ZTF, ATLAS, Pan-STARRS","ZTF, ATLAS, Pan-STARRS","ZTF","ATLAS, Pan-STARRS, ZTF","ZTF21aalodzw","ATLAS-HKO - ATLAS-02, ATLAS-MLO - ATLAS-01, P48 - ZTF-Cam, PS1 - GPC1, PS2 - GPC2","P60 - SEDM","1","1","","18.78","r-ZTF","2021-02-18 11:57:07.200","ZTF_Bot1","","","2021TNSTR.538....1F","2021TNSCR.885....1D","",""
"77293","SN 2021czy","08:42:55.896","+46:02:56.45","SN II","0.047365","","","ATLAS, ZTF, Pan-STARRS","ATLAS, ZTF, Pan-STARRS","ZTF","ATLAS, Pan-STARRS, ZTF","ATLAS21gem","ATLAS-HKO - ATLAS-02, ATLAS-MLO - ATLAS-01, P48 - ZTF-Cam, PS1 - GPC1, PS2 - GPC2","P200 - DBSP","1","1","","19.653","cyan-ATLAS","2021-02-13 10:06:14.400","ATLAS_Bot1","","","2021TNSTR.470....1T","2024TNSCR3604....1D","",""
"76867","SN 2021cjy","12:59:19.048","+38:53:09.84","SN II","0.036088001","MCG +07-27-009 NOTES01","0.036088","ALeRCE, Pan-STARRS, ATLAS","ZTF, Pan-STARRS, ATLAS","ZTF","ATLAS, Pan-STARRS, ZTF","ZTF21aajgdpo","ATLAS-MLO - ATLAS-01, P48 - ZTF-Cam, PS1 - GPC1, PS2 - GPC2","Keck1 - LRIS","1","1","","20.6708","r-ZTF","2021-02-07 07:54:34.001","ALeRCE","","","2021TNSTR.395....1F","2021TNSCR1664....1D","",""
"76620","SN 2021can","12:55:30.795","+30:01:40.80","SN II","0.0207","SDSS1237667254556033173","","ZTF, ATLAS, Pan-STARRS","ZTF, ATLAS, Pan-STARRS","ZTF","ATLAS, Pan-STARRS, ZTF","ZTF21aaiaqhh","ATLAS-HKO - ATLAS-02, ATLAS-MLO - ATLAS-01, P48 - ZTF-Cam, PS1 - GPC1, PS2 - GPC2","P60 - SEDM","1","1","","19.217","r-ZTF","2021-02-07 07:55:14.592","Daniel Perley","","","2021TNSTR.380....1P","2021TNSCR.407....1B","",""
"76614","SN 2021cah","02:48:30.720","+50:45:35.96","SN II","0.016491","","","ZTF, ATLAS, GaiaAlerts","ZTF, ATLAS, GaiaAlerts","ZTF","ATLAS, GaiaAlerts, ZTF","ZTF21aahgspm","ATLAS-HKO - ATLAS-02, ATLAS-MLO - ATLAS-01, Gaia - Gaia-photometric, P48 - ZTF-Cam","P60 - SEDM","1","1","","18.59","g-ZTF","2021-02-07 03:23:02.400","ZTF_Bot1","","","2021TNSTR.379....1F","2021TNSCR.405....1D","",""
"76455","SN 2021bug","12:34:22.768","+02:19:02.23","SN II","0.005847","","","ZTF, ATLAS, Pan-STARRS, YSE","ZTF, ATLAS, Pan-STARRS","ZTF","ATLAS, Pan-STARRS, ZTF","ZTF21aagydmn","ATLAS-MLO - ATLAS-01, P48 - ZTF-Cam, PS1 - GPC1, PS2 - GPC2","P60 - SEDM","1","1","","18.29","r-ZTF","2021-02-04 09:54:43.200","ZTF_Bot1","","","2021TNSTR.350....1F","2021TNSCR.358....1D","",""
"76447","SN 2021bty","17:50:03.291","+45:00:21.77","SN II","0.035","MCG +08-32-022","","ALeRCE, ATLAS, Pan-STARRS","ZTF, ATLAS, Pan-STARRS","ZTF","ATLAS, Pan-STARRS, ZTF","ZTF21aagywrb","ATLAS-HKO - ATLAS-02, ATLAS-MLO - ATLAS-01, P48 - ZTF-Cam, PS1 - GPC1","P200 - DBSP","1","1","","19.7453","r-ZTF","2021-02-04 12:20:11.000","ALeRCE","","","2021TNSTR.330....1M","2024TNSCR3605....1T","",""
"76371","SN 2021brb","18:05:15.320","+46:52:56.03","SN II","0.02349","NGC 6560","0.02349","ALeRCE, ATLAS, Fink, GaiaAlerts, AMPEL","ZTF, ATLAS, GaiaAlerts","ZTF","ATLAS, GaiaAlerts, ZTF","ZTF21aagtqna","ATLAS-HKO - ATLAS-02, ATLAS-MLO - ATLAS-01, Gaia - Gaia-photometric, P48 - ZTF-Cam","P60 - SEDM","1","1","","18.8747","g-ZTF","2021-02-03 12:21:32.000","ALeRCE","","","2021TNSTR.315....1M","2021TNSCR.532....1D","",""
"76355","SN 2021bql","15:08:34.464","+60:52:00.44","SN II","0.073914","2MASX J15083446+6051498","0.073914","ALeRCE, ATLAS, Pan-STARRS","ZTF, ATLAS, Pan-STARRS","ZTF","ATLAS, Pan-STARRS, ZTF","ZTF21aagtekf","ATLAS-HKO - ATLAS-02, ATLAS-MLO - ATLAS-01, P48 - ZTF-Cam, PS1 - GPC1","P60 - SEDM","1","1","","19.3927","r-ZTF","2021-02-03 10:51:49.003","ALeRCE","","","2021TNSTR.315....1M","2021TNSCR.541....1D","",""
"76248","SN 2021bmk","11:31:13.033","+62:19:18.41","SN II","0.032438","","","Pan-STARRS, ALeRCE, ATLAS","Pan-STARRS, ZTF, ATLAS","ZTF","ATLAS, Pan-STARRS, ZTF","PS21wr","ATLAS-MLO - ATLAS-01, P48 - ZTF-Cam, PS1 - GPC1","P60 - SEDM","1","1","","19.38","i-Sloan","2021-01-31 14:18:14.400","PS1_Bot1","","","2021TNSTR.313....1C","2021TNSCR.358....1D","",""
"76200","SN 2021bkq","18:20:34.840","+40:56:36.28","SN II","0.036","","","GaiaAlerts, ALeRCE, ATLAS, Pan-STARRS","GaiaAlerts, ZTF, ATLAS, Pan-STARRS","ZTF","ATLAS, GaiaAlerts, Pan-STARRS, ZTF","Gaia21anj","ATLAS-HKO - ATLAS-02, ATLAS-MLO - ATLAS-01, Gaia - Gaia-photometric, P48 - ZTF-Cam, PS1 - GPC1","P60 - SEDM","1","1","","18.81","G-Gaia","2021-01-29 20:36:57.600","Gaia_Bot1","","","2021TNSTR.293....1H","2021TNSCR.405....1D","",""
"76184","SN 2021bkb","15:47:29.606","+10:56:01.24","SN II","0.05","","","ATLAS, ZTF, Pan-STARRS","ATLAS, ZTF, Pan-STARRS","ZTF","ATLAS, Pan-STARRS, ZTF","ATLAS21dhf","ATLAS-HKO - ATLAS-02, ATLAS-MLO - ATLAS-01, P48 - ZTF-Cam, PS1 - GPC1","P60 - SEDM","1","1","","18.161","orange-ATLAS","2021-01-30 14:02:24.000","ATLAS_Bot1","","","2021TNSTR.292....1T","2021TNSCR.405....1D","",""
"75776","SN 2021avg","11:39:58.980","+14:31:40.69","SN II","0.031","","","ATLAS, ZTF, GaiaAlerts, Pan-STARRS","ATLAS, ZTF, GaiaAlerts, Pan-STARRS","ZTF","ATLAS, GaiaAlerts, Pan-STARRS, ZTF","ATLAS21cux","ATLAS-HKO - ATLAS-02, ATLAS-MLO - ATLAS-01, Gaia - Gaia-photometric, P48 - ZTF-Cam, PS1 - GPC1, PS2 - GPC2","NOT - ALFOSC","1","1","","19.499","cyan-ATLAS","2021-01-17 12:25:55.200","ATLAS_Bot1","","","2021TNSTR.195....1T","2021TNSCR.244....1S","",""
"75706","SN 2021ass","01:50:10.130","+27:38:42.79","SN II","0.011791","","","ZTF, ATLAS, GaiaAlerts, Pan-STARRS","ZTF, ATLAS, GaiaAlerts, Pan-STARRS","ZTF","ATLAS, GaiaAlerts, Pan-STARRS, ZTF","ZTF21aafepon","ATLAS-HKO - ATLAS-02, Gaia - Gaia-photometric, P48 - ZTF-Cam, PS1 - GPC1","P60 - SEDM","1","1","","18.1122","r-ZTF","2021-01-18 03:29:13.920","ZTF_CLU_PUBLIC","","","2021TNSTR.189....1D","2021TNSCR.223....1D, 2021TNSCR.252....1D","",""
"75511","SN 2021alq","15:05:01.886","+12:38:29.88","SN II","0.04","","","ATLAS, ZTF, YSE, Pan-STARRS","ATLAS, ZTF, Pan-STARRS","ZTF","ATLAS, Pan-STARRS, ZTF","ATLAS21cjn","ATLAS-MLO - ATLAS-01, P48 - ZTF-Cam, PS1 - GPC1, PS2 - GPC2","P60 - SEDM","1","1","","19.011","cyan-ATLAS","2021-01-15 15:31:40.800","ATLAS_Bot1","","","2021TNSTR.161....1T","2021TNSCR.591....1D","",""
"75418","SN 2021aie","03:42:08.521","-11:56:25.59","SN II","0.031","SDSS J034208.54-115625.8","0.063","ALeRCE","ZTF","ZTF","ZTF","ZTF21aaecacb","P48 - ZTF-Cam","P200 - DBSP","1","1","","20.0856","r-ZTF","2021-01-14 05:24:50.000","ALeRCE","","","2021TNSTR.137....1M","2024TNSCR3622....1T","",""
"75361","SN 2021afz","03:45:45.760","+46:40:13.15","SN II","0.01864","UGC 02851","0.01864","ALeRCE, ATLAS","ZTF, ATLAS","ZTF","ATLAS, ZTF","ZTF21aaebqxk","ATLAS-HKO - ATLAS-02, ATLAS-MLO - ATLAS-01, P48 - ZTF-Cam","P200 - DBSP","1","1","","20.0302","g-ZTF","2021-01-14 04:55:44.996","ALeRCE","","","2021TNSTR.137....1M","2024TNSCR3607....1J","",""
"75206","SN 2021aai","07:14:26.860","+84:22:51.46","SN II","0.007412","NGC 2268","0.007412","ALeRCE, GaiaAlerts, ATLAS","ZTF, GaiaAlerts, ATLAS","ZTF","ATLAS, GaiaAlerts, ZTF","ZTF21aadoizf","ATLAS-MLO - ATLAS-01, Gaia - Gaia-photometric, P48 - ZTF-Cam","P60 - SEDM","1","1","","18.7548","g-ZTF","2021-01-12 07:49:34.997","ALeRCE","","","2021TNSTR.112....1M","2021TNSCR.193....1D","",""
"75186","SN 2021zo","05:47:06.690","+07:20:09.64","SN II","0.03","","","ALeRCE, ATLAS, GaiaAlerts","ZTF, ATLAS, GaiaAlerts","ZTF","ATLAS, GaiaAlerts, ZTF","ZTF21aacwleg","ATLAS-HKO - ATLAS-02, ATLAS-MLO - ATLAS-01, Gaia - Gaia-photometric, P48 - ZTF-Cam","P60 - SEDM","1","1","","20.4337","r-ZTF","2021-01-09 06:52:55.001","ALeRCE","","","2021TNSTR.103....1M","2021TNSCR.223....1D, 2021TNSCR.252....1D","",""
"74786","SN 2021lx","05:39:35.470","+51:27:05.51","SN II","0.03","","","ALeRCE, Fink, GaiaAlerts","ZTF, GaiaAlerts","ZTF","GaiaAlerts, ZTF","ZTF21aabjesm","Gaia - Gaia-photometric, P48 - ZTF-Cam","NOT - ALFOSC","1","1","","19.2156","r-ZTF","2021-01-06 05:49:40.996","ALeRCE","","","2021TNSTR..54....1M","2021TNSCR.244....1S","",""
"74550","SN 2021dm","16:20:07.563","+35:43:45.56","SN II","0.0315180011","","","ZTF","ZTF","ZTF","ZTF","ZTF20aczgvrr","P48 - ZTF-Cam","P60 - SEDM","1","1","","19.3637","r-ZTF","2021-01-01 13:25:53.760","ZTF_CLU_PUBLIC","","","2021TNSTR..34....1D","2024TNSCR3607....1J","",""
"74453","SN 2021ad","05:17:05.750","-06:39:25.27","SN II","0.03","SDSS J051705.61-063925.9","0.019","ALeRCE, ATLAS, GaiaAlerts, Pan-STARRS, AMPEL","ZTF, ATLAS, GaiaAlerts, Pan-STARRS","ZTF","ATLAS, GaiaAlerts, Pan-STARRS, ZTF","ZTF20adaduxg","ATLAS-MLO - ATLAS-01, Gaia - Gaia-photometric, P48 - ZTF-Cam, PS1 - GPC1, PS2 - GPC2","P60 - SEDM","1","1","","18.8208","g-ZTF","2021-01-02 06:08:06.000","ALeRCE","","","2021TNSTR...9....1F","2021TNSCR.435....1D","",""
"144350","SN 2020afhf","11:47:00.658","-06:07:40.51","SN II","0.0267","","","ZTF, ATLAS, Pan-STARRS","ZTF, ATLAS, Pan-STARRS","ZTF","ATLAS, Pan-STARRS, ZTF","ZTF20aawrmcm","ATLAS-CHL - ATLAS-04, ATLAS-MLO - ATLAS-01, P48 - ZTF-Cam, PS2 - GPC2","P60 - SEDM","1","1","","18.09","r-ZTF","2020-04-27 04:33:36.000","ZTF_Bot1","","","2024TNSTR.135....1F","2024TNSCR.201....1S","",""
"74385","SN 2020aerh","16:11:43.528","+49:02:02.19","SN II","0.04","","","ATLAS, ALeRCE","ATLAS, ZTF","ZTF","ATLAS, ZTF","ATLAS20bjwt","ATLAS-HKO - ATLAS-02, ATLAS-MLO - ATLAS-01, P48 - ZTF-Cam","P60 - SEDM","1","1","","18.751","orange-ATLAS","2020-12-31 15:21:36.000","ATLAS_Bot1","","","2020TNSTR3959....1T","2021TNSCR.405....1D","",""
"73689","SN 2020adqw","03:17:01.490","+36:53:20.40","SN II","0.019","WISEA J031701.85+365315.5","","ALeRCE, GaiaAlerts, ATLAS, Pan-STARRS","ZTF, GaiaAlerts, ATLAS, Pan-STARRS","ZTF","ATLAS, GaiaAlerts, Pan-STARRS, ZTF","ZTF20adadlqv","ATLAS-MLO - ATLAS-01, Gaia - Gaia-photometric, P48 - ZTF-Cam, PS2 - GPC2","P60 - SEDM","1","1","","19.145","g-ZTF","2020-12-27 05:17:40.004","ALeRCE","","","2020TNSTR3929....1F","2021TNSCR..66....1D","",""
"73099","SN 2020acun","15:11:57.790","-02:58:54.80","SN II","0.021595","LCRS B150922.5-024726","0.021595","ALeRCE, ZTF, GaiaAlerts, ATLAS, Pan-STARRS, YSE","ZTF, GaiaAlerts, ATLAS, Pan-STARRS","ZTF","ATLAS, GaiaAlerts, Pan-STARRS, ZTF","ZTF20acxtgek","ATLAS-HKO - ATLAS-02, ATLAS-MLO - ATLAS-01, Gaia - Gaia-photometric, P48 - ZTF-Cam, PS1 - GPC1, PS2 - GPC2","P60 - SEDM","1","1","","19.5069","r-ZTF","2020-12-15 13:16:55.004","ALeRCE","","","2020TNSTR3792....1M","2021TNSCR.223....1D, 2021TNSCR.358....1D","",""
"72407","SN 2020abue","08:04:20.320","+56:18:07.49","SN II","0.028034","","","ZTF, ATLAS, Pan-STARRS, GaiaAlerts, AMPEL","ZTF, ATLAS, Pan-STARRS, GaiaAlerts","ZTF","ATLAS, GaiaAlerts, Pan-STARRS, ZTF","ZTF20acvjlev","ATLAS-MLO - ATLAS-01, Gaia - Gaia-photometric, P48 - ZTF-Cam, PS1 - GPC1, PS2 - GPC2","P60 - SEDM","1","1","","19.2641","r-ZTF","2020-12-06 08:41:35.808","ZTF_CLU_PUBLIC","","","2020TNSTR3687....1D","2020TNSCR3837....1D","",""
"72361","SN 2020absk","09:04:00.923","-00:05:20.06","SN II","0.01889","","","ZTF, Pan-STARRS, YSE, ATLAS","ZTF, Pan-STARRS, ATLAS","ZTF","ATLAS, Pan-STARRS, ZTF","ZTF20acveadu","ATLAS-HKO - ATLAS-02, ATLAS-MLO - ATLAS-01, P48 - ZTF-Cam, PS1 - GPC1, PS2 - GPC2","LT - SPRAT","1","1","","18.682","r-ZTF","2020-12-05 09:08:38.400","Fritz","","","2020TNSTR3685....1D","2020TNSCR3838....1P","",""
"72360","SN 2020absj","13:10:55.717","+11:52:25.40","SN II","0.0289169997","","","ZTF, ATLAS, Pan-STARRS, AMPEL","ZTF, ATLAS, Pan-STARRS","ZTF","ATLAS, Pan-STARRS, ZTF","ZTF20acvezdt","ATLAS-HKO - ATLAS-02, ATLAS-MLO - ATLAS-01, P48 - ZTF-Cam, PS1 - GPC1, PS2 - GPC2","P60 - SEDM","1","1","","19.6979","g-ZTF","2020-12-05 12:55:02.208","Fritz","","","2020TNSTR3685....1D","2021TNSCR.135....1D","",""
"72081","SN 2020abhs","12:54:57.390","-13:32:29.53","SN II","0.007","","","ZTF, ATLAS, Pan-STARRS","ZTF, ATLAS, Pan-STARRS","ZTF","ATLAS, Pan-STARRS, ZTF","ZTF20actodrq","ATLAS-HKO - ATLAS-02, ATLAS-MLO - ATLAS-01, P48 - ZTF-Cam, PS1 - GPC1, PS2 - GPC2","P60 - SEDM","1","1","","17.32","r-ZTF","2020-12-01 13:12:00.000","ZTF_Bot1","","","2020TNSTR3623....1F","2020TNSCR3859....1D","",""
"71938","SN 2020abed","13:35:05.410","+59:41:47.22","SN II","0.04","","","ATLAS, ZTF, GaiaAlerts, Pan-STARRS","ATLAS, ZTF, GaiaAlerts, Pan-STARRS","ZTF","ATLAS, GaiaAlerts, Pan-STARRS, ZTF","ATLAS20bgfw","ATLAS-MLO - ATLAS-01, Gaia - Gaia-photometric, P48 - ZTF-Cam, PS1 - GPC1","LT - SPRAT","1","1","","18.072","orange-ATLAS","2020-11-29 14:38:24.000","ATLAS_Bot1","","","2020TNSTR3596....1T","2020TNSCR3838....1P","",""
"71918","SN 2020abdr","03:42:47.490","-12:16:48.40","SN II","0.03","WISEA J034247.41-121648.8","","ALeRCE, ATLAS, ZTF, GaiaAlerts, Pan-STARRS","ZTF, ATLAS, GaiaAlerts, Pan-STARRS","ZTF, None","ATLAS, GaiaAlerts, Pan-STARRS, ZTF","ZTF20acufmte","ATLAS-MLO - ATLAS-01, Gaia - Gaia-photometric, P48 - ZTF-Cam, PS1 - GPC1","Magellan-Baade - IMACS, P60 - SEDM","1","1","","18.3453","g-ZTF","2020-11-29 05:25:21.000","ALeRCE","","","2020TNSTR3595....1F","2020TNSCR3837....1D, 2020TNSCR3836....1D, 2020TNSCR3873....1M, 2021TNSCR.512....1D","",""
"71859","SN 2020abbl","12:17:52.230","-00:54:29.02","SN II","0.0211309996","","","ZTF, ATLAS, GaiaAlerts, Pan-STARRS","ZTF, ATLAS, GaiaAlerts, Pan-STARRS","ZTF","ATLAS, GaiaAlerts, Pan-STARRS, ZTF","ZTF20actnzxm","ATLAS-HKO - ATLAS-02, ATLAS-MLO - ATLAS-01, Gaia - Gaia-photometric, P48 - ZTF-Cam, PS2 - GPC2","Keck1 - LRIS","1","1","","18.0905","g-ZTF","2020-11-24 12:37:56.640","ZTF_CLU_PUBLIC","","","2020TNSTR3585....1D","2020TNSCR3837....1D","",""
"71856","SN 2020abbi","12:25:39.790","-02:56:59.42","SN II","0.025144","CGCG 014-032","0.025144","ALeRCE, ZTF, ATLAS, GaiaAlerts, Pan-STARRS","ZTF, ATLAS, GaiaAlerts, Pan-STARRS","ZTF","ATLAS, GaiaAlerts, Pan-STARRS, ZTF","ZTF20actnzzk","ATLAS-HKO - ATLAS-02, Gaia - Gaia-photometric, P48 - ZTF-Cam, PS1 - GPC1, PS2 - GPC2","P60 - SEDM","1","1","","18.0985","g-ZTF","2020-11-24 12:37:57.003","ALeRCE","","","2020TNSTR3578....1M","2020TNSCR3859....1D","",""
"71829","SN 2020abah","11:36:53.457","+21:00:00.97","SN II","0.03","","","ZTF, Fink, ATLAS, Pan-STARRS, YSE","ZTF, ATLAS, Pan-STARRS","ZTF","ATLAS, Pan-STARRS, ZTF","ZTF20actkutp","ATLAS-MLO - ATLAS-01, P48 - ZTF-Cam, PS1 - GPC1, PS2 - GPC2","Keck1 - LRIS","1","1","","20.0579","g-ZTF","2020-11-23 12:24:59.904","ZTF_CLU_PUBLIC","","","2020TNSTR3575....1D","2022TNSCR2319....1S","",""
"71676","SN 2020aaun","10:10:01.020","+11:54:58.18","SN II","0.02815","CGCG 064-083","0.028146","ALeRCE, ATLAS, ZTF, GaiaAlerts, Pan-STARRS","ZTF, ATLAS, GaiaAlerts, Pan-STARRS","ZTF","ATLAS, GaiaAlerts, Pan-STARRS, ZTF","ZTF20actkmks","ATLAS-HKO - ATLAS-02, ATLAS-MLO - ATLAS-01, Gaia - Gaia-photometric, P48 - ZTF-Cam, PS1 - GPC1, PS2 - GPC2","LT - SPRAT","1","1","","18.5306","g-ZTF","2020-11-23 11:47:45.997","ALeRCE","","","2020TNSTR3535....1M","2020TNSCR3779....1P","",""
"71614","SN 2020aasd","09:23:15.018","+33:34:00.90","SN II","0.025","SDSS J092314.98+333401.3","0.047","ALeRCE, ATLAS, ZTF, Pan-STARRS, AMPEL","ZTF, ATLAS, Pan-STARRS","ZTF","ATLAS, Pan-STARRS, ZTF","ZTF20actawpa","ATLAS-HKO - ATLAS-02, ATLAS-MLO - ATLAS-01, P48 - ZTF-Cam, PS1 - GPC1","LT - SPRAT","1","1","","18.5611","r-ZTF","2020-11-22 12:25:55.001","ALeRCE","","","2020TNSTR3526....1F","2020TNSCR3701....1P","",""
"71377","SN 2020aajh","08:15:34.170","-20:52:50.81","SN II","0.0144","","","ALeRCE","ZTF","ZTF","ZTF","ZTF20acrrqlh","P48 - ZTF-Cam","Keck1 - LRIS","1","1","","19.6769","r-ZTF","2020-11-16 12:32:45.004","ALeRCE","","","2020TNSTR3489....1M","2024TNSCR3626....1S","",""
"71309","SN 2020aagu","11:39:19.520","-12:05:59.53","SN II","0.07389","","","ATLAS, ZTF, GaiaAlerts, Pan-STARRS, AMPEL","ATLAS, ZTF, GaiaAlerts, Pan-STARRS","ZTF","ATLAS, GaiaAlerts, Pan-STARRS, ZTF","ATLAS20bfoq","ATLAS-HKO - ATLAS-02, Gaia - Gaia-photometric, P48 - ZTF-Cam, PS1 - GPC1, PS2 - GPC2","P60 - SEDM","1","1","","18.008","cyan-ATLAS","2020-11-17 14:41:16.800","ATLAS_Bot1","","","2020TNSTR3477....1T","2021TNSCR.405....1D","",""
"71308","SN 2020aagt","12:04:49.026","-05:35:54.85","SN II","0.026932","","","ATLAS, ZTF","ATLAS, ZTF","ZTF","ATLAS, ZTF","ATLAS20bfop","ATLAS-HKO - ATLAS-02, ATLAS-MLO - ATLAS-01, P48 - ZTF-Cam","P60 - SEDM","1","1","","17.682","cyan-ATLAS","2020-11-17 14:48:28.800","ATLAS_Bot1","","","2020TNSTR3477....1T","2021TNSCR.479....1D","",""
"71150","SN 2020aabm","00:20:31.466","+06:49:03.19","SN II","0.045","","","ZTF, ATLAS, Pan-STARRS","ZTF, ATLAS, Pan-STARRS","ZTF","ATLAS, Pan-STARRS, ZTF","ZTF20acpkses","ATLAS-HKO - ATLAS-02, ATLAS-MLO - ATLAS-01, P48 - ZTF-Cam, PS1 - GPC1","P60 - SEDM","1","1","","18.56","g-ZTF","2020-11-11 06:05:45.600","ZTF_Bot1","","","2020TNSTR3483....1F","2020TNSCR3859....1D","",""
"71078","SN 2020zys","13:20:49.783","+31:37:04.28","SN II","0.045038","WISEA J132050.70+313700.6","0.045038","ALeRCE, ZTF, Pan-STARRS, ATLAS","ZTF, Pan-STARRS, ATLAS","ZTF","ATLAS, Pan-STARRS, ZTF","ZTF20acqvwzb","ATLAS-HKO - ATLAS-02, ATLAS-MLO - ATLAS-01, P48 - ZTF-Cam, PS1 - GPC1, PS2 - GPC2","P60 - SEDM","1","1","","18.5543","g-ZTF","2020-11-16 11:42:58.000","ALeRCE","","","2020TNSTR3462....1M","2020TNSCR3859....1D","",""
"70842","SN 2020zpt","03:51:36.820","+43:41:52.87","SN II","0.015","WISEA J035136.64+434154.3","","ALeRCE, ATLAS, GaiaAlerts","ZTF, ATLAS, GaiaAlerts","ZTF","ATLAS, GaiaAlerts, ZTF","ZTF20acqexmr","ATLAS-MLO - ATLAS-01, Gaia - Gaia-photometric, P48 - ZTF-Cam","P60 - SEDM","1","1","","19.0145","g-ZTF","2020-11-13 09:56:06.999","ALeRCE","","","2020TNSTR3437....1F","2020TNSCR3801....1D","",""
"70412","SN 2020yzi","10:03:46.712","-15:54:34.06","SN II","0.027","6dFGS gJ100347.5-155432","0.03086","ALeRCE, ZTF, Fink, ATLAS, Pan-STARRS","ZTF, ATLAS, Pan-STARRS","ZTF","ATLAS, Pan-STARRS, ZTF","ZTF20acpgokr","ATLAS-HKO - ATLAS-02, P48 - ZTF-Cam, PS2 - GPC2","P60 - SEDM","1","1","","19.6334","r-ZTF","2020-11-06 11:57:39.004","ALeRCE","","","2020TNSTR3367....1F","2020TNSCR3801....1D","",""
"70378","SN 2020yyo","11:09:55.332","+79:00:15.57","SN II","0.039641","VII Zw 373","0.039641","ALeRCE, ZTF, ATLAS","ZTF, ATLAS","ZTF","ATLAS, ZTF","ZTF20acpevli","ATLAS-MLO - ATLAS-01, P48 - ZTF-Cam","LT - SPRAT","1","1","","18.7218","g-ZTF","2020-11-05 11:18:37.002","ALeRCE","","","2020TNSTR3351....1F","2020TNSCR3758....1P","",""
"70326","SN 2020ywo","11:53:57.780","+22:39:45.11","SN II","0.0475","WISEA J115357.67+223944.8","0.047567","ALeRCE, ZTF, ATLAS, GaiaAlerts, Pan-STARRS","ZTF, ATLAS, GaiaAlerts, Pan-STARRS","ZTF","ATLAS, GaiaAlerts, Pan-STARRS, ZTF","ZTF18abaeqpf","ATLAS-HKO - ATLAS-02, ATLAS-MLO - ATLAS-01, Gaia - Gaia-photometric, P48 - ZTF-Cam, PS1 - GPC1, PS2 - GPC2","P200 - DBSP","1","1","","18.3358","r-ZTF","2020-11-04 11:52:57.003","ALeRCE","","","2020TNSTR3343....1F","2021TNSCR.502....1D","",""
"70268","SN 2020yui","08:38:08.146","+31:40:04.38","SN II","0.03057","","","ZTF, ATLAS, Pan-STARRS","ZTF, ATLAS, Pan-STARRS","ZTF","ATLAS, Pan-STARRS, ZTF","ZTF18aadsuxd","ATLAS-HKO - ATLAS-02, P48 - ZTF-Cam, PS2 - GPC2","P60 - SEDM","1","1","","19.4109","r-ZTF","2020-11-02 11:10:19.200","ZTF_CLU_PUBLIC","","","2020TNSTR3342....1D","2023TNSCR.497....1T","",""
"70023","SN 2020ykz","20:45:22.596","+30:29:23.83","SN II","0.01","","","ATLAS, ZTF","ATLAS, ZTF","ZTF","ATLAS, ZTF","ATLAS20beum","ATLAS-HKO - ATLAS-02, ATLAS-MLO - ATLAS-01, P48 - ZTF-Cam","P60 - SEDM","1","1","","17.784","orange-ATLAS","2020-10-31 07:16:19.200","ATLAS_Bot1","","","2020TNSTR3311....1T","2020TNSCR3488....1D","",""
"70000","SN 2020ykd","10:00:09.474","+38:27:25.36","SN II","0.02690421","","","ZTF, ATLAS, Pan-STARRS","ZTF, ATLAS, Pan-STARRS","ZTF","ATLAS, Pan-STARRS, ZTF","ZTF20acnzkxb","ATLAS-MLO - ATLAS-01, P48 - ZTF-Cam, PS1 - GPC1, PS2 - GPC2","P60 - SEDM","1","1","","19.9823","r-ZTF","2020-10-28 12:50:36.096","ZTF_CLU_PUBLIC","","","2020TNSTR3305....1D","2020TNSCR3365....1D","",""
"69907","SN 2020ygq","08:41:50.301","+56:18:41.91","SN II","0.047","","","ZTF","ZTF","ZTF","ZTF","ZTF20acnezne","P48 - ZTF-Cam","Keck1 - LRIS","1","1","","20.203","g-ZTF","2020-10-23 11:22:24.960","ZTF_CLU_PUBLIC","","","2020TNSTR3287....1D","2020TNSCR3837....1D","",""
"69592","SN 2020xva","17:32:08.430","+53:39:14.36","SN II","0.017","SDSS J173209.23+533908.4","0.058","ALeRCE, ATLAS, ZTF, Pan-STARRS, GaiaAlerts","ZTF, ATLAS, Pan-STARRS, GaiaAlerts","ZTF","ATLAS, GaiaAlerts, Pan-STARRS, ZTF","ZTF20aclvtnk","ATLAS-HKO - ATLAS-02, Gaia - Gaia-photometric, P48 - ZTF-Cam, PS1 - GPC1","P60 - SEDM","1","1","","19.0895","g-ZTF","2020-10-21 03:42:03.001","ALeRCE","","","2020TNSTR3193....1F","2020TNSCR3365....1D","",""
"69546","SN 2020xtg","15:33:17.950","+45:00:15.59","SN II","0.061195","","","GaiaAlerts, ATLAS, AMPEL, Pan-STARRS","GaiaAlerts, ATLAS, ZTF, Pan-STARRS","ZTF","AMPEL, ATLAS, GaiaAlerts, Pan-STARRS, ZTF","Gaia20ewb","ATLAS-MLO - ATLAS-01, Gaia - Gaia-photometric, P48 - ZTF-Cam, PS1 - GPC1, PS2 - GPC2","P60 - SEDM","1","1","","18.54","G-Gaia","2020-10-20 03:54:43.200","Gaia_Bot1","","","2020TNSTR3195....1H","2021TNSCR.223....1D, 2021TNSCR.358....1D","",""
"69470","SN 2020xqj","12:03:49.530","+29:43:01.56","SN II","0.010551","","","GaiaAlerts, ALeRCE, ZTF, ATLAS, Pan-STARRS","GaiaAlerts, ZTF, ATLAS, Pan-STARRS","ZTF","ATLAS, GaiaAlerts, Pan-STARRS, ZTF","Gaia20evm","ATLAS-HKO - ATLAS-02, ATLAS-MLO - ATLAS-01, Gaia - Gaia-photometric, P48 - ZTF-Cam, PS1 - GPC1, PS2 - GPC2","P200 - DBSP","1","1","","17.13","G-Gaia","2020-10-18 16:35:02.400","Gaia_Bot1","","","2020TNSTR3185....1H","2020TNSCR3801....1D","",""
"69244","SN 2020xhs","02:02:58.280","+45:01:13.01","SN II","0.024377","","","ATLAS, ZTF, Pan-STARRS, GaiaAlerts","ATLAS, ZTF, Pan-STARRS, GaiaAlerts","ZTF","ATLAS, GaiaAlerts, Pan-STARRS, ZTF","ATLAS20bdoq","ATLAS-HKO - ATLAS-02, ATLAS-MLO - ATLAS-01, Gaia - Gaia-photometric, P48 - ZTF-Cam, PS2 - GPC2","P60 - SEDM","1","1","","19.107","cyan-ATLAS","2020-10-18 10:36:28.800","ATLAS_Bot1","","","2020TNSTR3161....1T","2020TNSCR3213....1D","",""
"69115","SN 2020xcu","08:36:19.900","-11:01:08.15","SN II","0.014","WISEA J083619.65-110105.9","0.014473","ALeRCE, GaiaAlerts, ATLAS, ZTF, Pan-STARRS","ZTF, GaiaAlerts, ATLAS, Pan-STARRS","ZTF","ATLAS, GaiaAlerts, Pan-STARRS, ZTF","ZTF20ackhoov","ATLAS-HKO - ATLAS-02, ATLAS-MLO - ATLAS-01, Gaia - Gaia-photometric, P48 - ZTF-Cam, PS1 - GPC1, PS2 - GPC2","P60 - SEDM","1","1","","18.1696","r-ZTF","2020-10-17 11:57:00.996","ALeRCE","","","2020TNSTR3152....1F","2020TNSCR3202....1D","",""
"68905","SN 2020wut","10:47:06.540","+30:03:14.54","SN II","0.032","","","GaiaAlerts, ZTF, ATLAS, Pan-STARRS","GaiaAlerts, ZTF, ATLAS, Pan-STARRS","ZTF","ATLAS, GaiaAlerts, Pan-STARRS, ZTF","Gaia20euu","ATLAS-HKO - ATLAS-02, ATLAS-MLO - ATLAS-01, Gaia - Gaia-photometric, P48 - ZTF-Cam, PS1 - GPC1, PS2 - GPC2","P60 - SEDM","1","1","","18.2","G-Gaia","2020-10-14 00:33:07.200","Gaia_Bot1","","","2020TNSTR3128....1H","2020TNSCR3436....1D","",""
"68741","SN 2020wol","01:59:26.720","+30:43:36.30","SN II","0.050475","AGC 113969","0.0505","ALeRCE, ZTF, ATLAS, Pan-STARRS","ZTF, ATLAS, Pan-STARRS","ZTF","ATLAS, Pan-STARRS, ZTF","ZTF20acjbhhp","ATLAS-HKO - ATLAS-02, ATLAS-MLO - ATLAS-01, P48 - ZTF-Cam, PS1 - GPC1","LT - SPRAT","1","1","","19.5313","r-ZTF","2020-10-14 07:49:11.004","ALeRCE","","","2020TNSTR3110....1F","2020TNSCR3791....1P, 2020TNSCR3802....1P","",""
"68736","SN 2020wog","21:52:43.813","+33:39:22.33","SN II","0.045","GALEXASC J215243.76+333922.9","","ALeRCE, ATLAS, ZTF, Pan-STARRS","ZTF, ATLAS, Pan-STARRS","ZTF","ATLAS, Pan-STARRS, ZTF","ZTF20aciwrpn","ATLAS-MLO - ATLAS-01, P48 - ZTF-Cam, PS1 - GPC1","P60 - SEDM","1","1","","19.5989","r-ZTF","2020-10-14 03:45:37.999","ALeRCE","","","2020TNSTR3110....1F","2020TNSCR3424....1D","",""
"68532","SN 2020wgs","08:32:26.377","-03:12:11.41","SN II","0.03107","","","ZTF, ATLAS, Pan-STARRS","ZTF, ATLAS, Pan-STARRS","ZTF","ATLAS, Pan-STARRS, ZTF","ZTF20aciubfx","ATLAS-MLO - ATLAS-01, P48 - ZTF-Cam, PS1 - GPC1, PS2 - GPC2","LT - SPRAT","1","1","","18.2622","g-ZTF","2020-10-13 11:07:00.480","ZTF_CLU_PUBLIC","","","2020TNSTR3104....1D","2020TNSCR3309....1P","",""
"67880","SN 2020vhw","10:35:57.900","+44:54:29.09","SN II","0.042","","","GaiaAlerts, ZTF, ATLAS, Pan-STARRS","GaiaAlerts, ZTF, ATLAS, Pan-STARRS","ZTF","ATLAS, GaiaAlerts, Pan-STARRS, ZTF","Gaia20esh","ATLAS-MLO - ATLAS-01, Gaia - Gaia-photometric, P48 - ZTF-Cam, PS1 - GPC1","P60 - SEDM","1","1","","18.62","G-Gaia","2020-10-08 10:40:48.000","Gaia_Bot1","","","2020TNSTR3066....1H","2020TNSCR3801....1D, 2020TNSCR3801....1D","",""
"67785","SN 2020vef","03:42:11.459","-00:21:12.42","SN II","0.0256","UGC 02832","0.025353","ALeRCE, ZTF, ATLAS, Pan-STARRS","ZTF, ATLAS, Pan-STARRS","ZTF","ATLAS, Pan-STARRS, ZTF","ZTF20achusux","ATLAS-HKO - ATLAS-02, ATLAS-MLO - ATLAS-01, P48 - ZTF-Cam, PS1 - GPC1, PS2 - GPC2","P60 - SEDM","1","1","","20.2997","r-ZTF","2020-10-08 10:17:06.996","ALeRCE","","","2020TNSTR3052....1F","2020TNSCR3138....1D","",""
"67773","SN 2020vdu","05:00:56.610","-17:32:17.92","SN II","0.055532","","","ZTF, ATLAS, GaiaAlerts, Pan-STARRS","ZTF, ATLAS, GaiaAlerts, Pan-STARRS","ZTF","ATLAS, GaiaAlerts, Pan-STARRS, ZTF","ZTF20achnfaa","ATLAS-HKO - ATLAS-02, Gaia - Gaia-photometric, P48 - ZTF-Cam, PS2 - GPC2","P60 - SEDM","1","1","","18.88","g-ZTF","2020-10-08 09:40:19.200","ZTF_Bot1","","","2020TNSTR3059....1F","2020TNSCR3122....1D","",""
"67755","SN 2020vdc","02:58:54.456","-10:33:53.12","SN II","0.0344","","","ZTF, ATLAS, Pan-STARRS","ZTF, ATLAS, Pan-STARRS","ZTF","ATLAS, Pan-STARRS, ZTF","ZTF20achuhlt","ATLAS-HKO - ATLAS-02, P48 - ZTF-Cam, PS1 - GPC1","P200 - DBSP","1","1","","19.58","g-ZTF","2020-09-29 09:09:49.248","ZTF_AMPEL_COMPLETE","","","2020TNSTR3060....1N","2020TNSCR3640....1Y","",""
"67742","SN 2020vcp","02:18:40.845","-22:30:43.19","SN II","0.0321590006","","","ZTF, ATLAS, Pan-STARRS","ZTF, ATLAS, Pan-STARRS","ZTF","ATLAS, Pan-STARRS, ZTF","ZTF20achmmex","ATLAS-HKO - ATLAS-02, ATLAS-MLO - ATLAS-01, P48 - ZTF-Cam, PS1 - GPC1, PS2 - GPC2","P200 - DBSP","1","1","","19.0512","g-ZTF","2020-10-08 08:57:33.120","ZTF_CLU_PUBLIC","","","2020TNSTR3061....1D","2020TNSCR3801....1D","",""
"67737","SN 2020vck","16:55:44.558","+04:56:48.52","SN II","0.08","","","ATLAS, ZTF, Pan-STARRS","ATLAS, ZTF, Pan-STARRS","ZTF","ATLAS, Pan-STARRS, ZTF","ATLAS20bcrw","ATLAS-HKO - ATLAS-02, ATLAS-MLO - ATLAS-01, P48 - ZTF-Cam, PS1 - GPC1","P60 - SEDM","1","1","","19.412","cyan-ATLAS","2020-10-08 05:15:21.600","ATLAS_Bot1","","","2020TNSTR3053....1T","2021TNSCR.206....1D","",""
"67672","SN 2020uzx","01:28:24.253","-05:58:17.71","SN II","0.04","","","ZTF, ATLAS, Pan-STARRS","ZTF, ATLAS, Pan-STARRS","ZTF","ATLAS, Pan-STARRS, ZTF","ZTF20achbejn","ATLAS-HKO - ATLAS-02, P48 - ZTF-Cam, PS1 - GPC1","P60 - SEDM","1","1","","18.93","g-ZTF","2020-10-06 07:39:21.600","ZTF_Bot1","","","2020TNSTR3038....1F","2020TNSCR3192....1D","",""
"67497","SN 2020ute","08:29:30.150","+31:40:28.81","SN II","0.0183","","","ATLAS, ZTF, Pan-STARRS, GaiaAlerts","ATLAS, ZTF, Pan-STARRS, GaiaAlerts","ZTF","ATLAS, GaiaAlerts, Pan-STARRS, ZTF","ATLAS20bchv","ATLAS-HKO - ATLAS-02, ATLAS-MLO - ATLAS-01, Gaia - Gaia-photometric, P48 - ZTF-Cam, PS1 - GPC1","P60 - SEDM","1","1","","17.496","orange-ATLAS","2020-10-03 14:12:28.800","ATLAS_Bot1","","","2020TNSTR3005....1T","2020TNSCR3159....1D","",""
"67449","SN 2020uri","20:02:50.034","-14:14:59.68","SN II","0.04106","WISEA J200250.04-141459.3","","ALeRCE, ZTF, ATLAS","ZTF, ATLAS","ZTF","ATLAS, ZTF","ZTF20acggvnn","ATLAS-HKO - ATLAS-02, ATLAS-MLO - ATLAS-01, P48 - ZTF-Cam","P200 - DBSP","1","1","","19.0618","g-ZTF","2020-10-02 03:31:48.999","ALeRCE","","","2020TNSTR2992....1F","2020TNSCR3801....1D","",""
"67438","SN 2020uqx","21:47:18.480","+32:05:44.92","SN II","0.017","UGC 11812","0.017329","ALeRCE, ZTF, ATLAS, Pan-STARRS, GaiaAlerts","ZTF, ATLAS, Pan-STARRS, GaiaAlerts","ZTF","ATLAS, GaiaAlerts, Pan-STARRS, ZTF","ZTF20acgided","ATLAS-HKO - ATLAS-02, ATLAS-MLO - ATLAS-01, Gaia - Gaia-photometric, P48 - ZTF-Cam, PS1 - GPC1","P60 - SEDM","1","1","","19.51","r-ZTF","2020-10-01 07:13:27.998","ALeRCE","","","2020TNSTR2992....1F","2020TNSCR3276....1D","",""
"67335","SN 2020umy","07:59:36.694","+28:51:47.72","SN II","0.0456","","","Pan-STARRS, ZTF, ATLAS","Pan-STARRS, ZTF, ATLAS","ZTF","ATLAS, Pan-STARRS, ZTF","PS20hvu","ATLAS-HKO - ATLAS-02, ATLAS-MLO - ATLAS-01, P48 - ZTF-Cam, PS1 - GPC1","P60 - SEDM","1","1","","18.84","w-P1","2020-09-27 14:52:48.000","PS1_Bot1","","","2020TNSTR2979....1C","2020TNSCR3913....1D","",""
"67319","SN 2020umi","07:43:04.750","+50:17:19.61","SN II","0.018713","","","ZTF, ATLAS, Pan-STARRS, GaiaAlerts","ZTF, ATLAS, Pan-STARRS, GaiaAlerts","ZTF","ATLAS, GaiaAlerts, Pan-STARRS, ZTF","ZTF20acfkzcg","ATLAS-MLO - ATLAS-01, Gaia - Gaia-photometric, P48 - ZTF-Cam, PS1 - GPC1, PS2 - GPC2","LT - SPRAT","1","1","","18.36","g-ZTF","2020-09-28 11:28:19.200","ZTF_Bot1","","","2020TNSTR2982....1F","2020TNSCR3003....1P","",""
"67304","SN 2020ult","07:07:32.460","+48:54:00.68","SN II","0.020721","CGCG 234-056","0.020721","ALeRCE, ATLAS, ZTF, Pan-STARRS, GaiaAlerts","ZTF, ATLAS, Pan-STARRS, GaiaAlerts","ZTF","ATLAS, GaiaAlerts, Pan-STARRS, ZTF","ZTF20acfkyll","ATLAS-HKO - ATLAS-02, ATLAS-MLO - ATLAS-01, Gaia - Gaia-photometric, P48 - ZTF-Cam, PS1 - GPC1, PS2 - GPC2","P200 - DBSP","1","1","","17.953","g-ZTF","2020-09-29 09:46:57.003","ALeRCE","","","2020TNSTR2964....1F","2020TNSCR3365....1D","",""
"67216","SN 2020uim","01:52:45.302","+36:37:23.36","SN II","0.018489","UGC 01347","0.018489","SGLF, ATLAS, Pan-STARRS, ZTF","ZTF, ATLAS, Pan-STARRS","ZTF","ATLAS, Pan-STARRS, ZTF","ZTF20acfdmex","ATLAS-HKO - ATLAS-02, ATLAS-MLO - ATLAS-01, P48 - ZTF-Cam, PS1 - GPC1, PS2 - GPC2","P60 - SEDM","1","1","","20.747","g-ZTF","2020-09-26 10:46:37.000","Ismael Perez-Fournon","","","2020TNSTR2952....1P","2020TNSCR2973....1D","",""
"67213","SN 2020uik","08:01:54.182","-06:45:39.52","SN II","0.03","","","ATLAS, ZTF, Pan-STARRS","ATLAS, ZTF, Pan-STARRS","ZTF","ATLAS, Pan-STARRS, ZTF","ATLAS20bccz","ATLAS-HKO - ATLAS-02, ATLAS-MLO - ATLAS-01, P48 - ZTF-Cam, PS1 - GPC1","P60 - SEDM","1","1","","18.466","orange-ATLAS","2020-09-20 14:45:36.000","ATLAS_Bot1","","","2020TNSTR2948....1T","2020TNSCR3171....1D","",""
"67190","SN 2020uhn","09:12:12.770","+14:56:39.12","SN II","0.03","","","ATLAS, ZTF, Pan-STARRS, GaiaAlerts","ATLAS, ZTF, Pan-STARRS, GaiaAlerts","ZTF","ATLAS, GaiaAlerts, Pan-STARRS, ZTF","ATLAS20bcak","ATLAS-MLO - ATLAS-01, Gaia - Gaia-photometric, P48 - ZTF-Cam, PS1 - GPC1, PS2 - GPC2","P60 - SEDM","1","1","","17.903","orange-ATLAS","2020-09-25 14:48:28.800","ATLAS_Bot1","","","2020TNSTR2948....1T","2020TNSCR3122....1D","",""
"67189","SN 2020uhm","08:01:26.731","+36:49:09.12","SN II","0.04","","","ATLAS, Pan-STARRS, ZTF, YSE","ATLAS, Pan-STARRS, ZTF","ZTF","ATLAS, Pan-STARRS, ZTF","ATLAS20bcag","ATLAS-MLO - ATLAS-01, P48 - ZTF-Cam, PS1 - GPC1","P60 - SEDM","1","1","","18.872","orange-ATLAS","2020-09-26 14:42:43.200","ATLAS_Bot1","","","2020TNSTR2948....1T","2020TNSCR3051....1D","",""
"67182","SN 2020uhf","02:56:24.680","+38:11:13.76","SN II","0.0555","","","ALeRCE, ATLAS, ZTF, Pan-STARRS","ZTF, ATLAS, Pan-STARRS","ZTF","ATLAS, Pan-STARRS, ZTF","ZTF20aceyolc","ATLAS-HKO - ATLAS-02, ATLAS-MLO - ATLAS-01, P48 - ZTF-Cam, PS1 - GPC1","P200 - DBSP","1","1","","19.6684","g-ZTF","2020-09-26 11:02:25.996","ALeRCE","","","2020TNSTR2941....1F","2020TNSCR3365....1D","",""
"67148","SN 2020ufx","21:30:36.643","+24:40:25.39","SN II","0.05","SDSS J213036.72+244026.9","0.078","ALeRCE, ZTF, ATLAS, Pan-STARRS","ZTF, ATLAS, Pan-STARRS","ZTF","ATLAS, Pan-STARRS, ZTF","ZTF20acedqis","ATLAS-HKO - ATLAS-02, ATLAS-MLO - ATLAS-01, P48 - ZTF-Cam, PS1 - GPC1, PS2 - GPC2","P60 - SEDM","1","1","","20.1955","g-ZTF","2020-09-25 06:19:21.000","ALeRCE","","","2020TNSTR2928....1F","2020TNSCR3122....1D","",""
"67140","SN 2020ufp","18:35:42.349","+48:54:03.79","SN II","0.053","WISEA J183542.56+485406.5","","ALeRCE, ZTF, ATLAS","ZTF, ATLAS","ZTF","ATLAS, ZTF","ZTF20acectxy","ATLAS-MLO - ATLAS-01, P48 - ZTF-Cam","P200 - DBSP","1","1","","19.6833","g-ZTF","2020-09-25 05:22:24.001","ALeRCE","","","2020TNSTR2928....1F","2020TNSCR3801....1D","",""
"66898","SN 2020twk","23:29:13.482","-02:05:42.05","SN II","0.025","SDSS J232913.42-020543.5","0.028","ALeRCE, ATLAS, ZTF, Pan-STARRS","ZTF, ATLAS, Pan-STARRS","ZTF","ATLAS, Pan-STARRS, ZTF","ZTF20accdijx","ATLAS-HKO - ATLAS-02, ATLAS-MLO - ATLAS-01, P48 - ZTF-Cam, PS1 - GPC1","LT - SPRAT","1","1","","18.3627","r-ZTF","2020-09-21 07:06:45.996","ALeRCE","","","2020TNSTR2874....1F","2020TNSCR3022....1P","",""
"66828","SN 2020ttu","02:47:12.111","+41:24:35.67","SN II","0.05","","","SGLF, ZTF","ZTF","ZTF","ZTF","ZTF20acaiztt","P48 - ZTF-Cam","Keck1 - LRIS","1","1","","19.94","g-ZTF","2020-09-17 08:29:07.000","Ismael Perez-Fournon","","","2020TNSTR2869....1M","2020TNSCR3123....1M, 2020TNSCR3122....1D","",""
"66694","SN 2020tor","04:26:48.050","-19:52:06.56","SN II","0.03331","","","GaiaAlerts, ATLAS, Pan-STARRS, ZTF","GaiaAlerts, ATLAS, Pan-STARRS, ZTF","ZTF","ATLAS, GaiaAlerts, Pan-STARRS, ZTF","Gaia20ejd","ATLAS-HKO - ATLAS-02, ATLAS-MLO - ATLAS-01, Gaia - Gaia-photometric, P48 - ZTF-Cam, PS1 - GPC1","P60 - SEDM","1","1","","18.79","G-Gaia","2020-09-17 00:33:07.200","Gaia_Bot1","","","2020TNSTR2844....1H","2020TNSCR3074....1D","",""
"66678","SN 2020toc","08:28:30.140","+17:28:08.57","SN II","0.02106","","","ATLAS, ZTF, Pan-STARRS","ATLAS, ZTF, Pan-STARRS","ZTF","ATLAS, Pan-STARRS, ZTF","ATLAS20bbhp","ATLAS-MLO - ATLAS-01, P48 - ZTF-Cam, PS2 - GPC2","P200 - DBSP","1","1","","18.631","orange-ATLAS","2020-09-17 14:44:09.600","ATLAS_Bot1","","","2020TNSTR2843....1T","2020TNSCR3002....1D","",""
"66582","SN 2020tkl","08:05:33.432","+56:33:47.01","SN II","0.03","","","ZTF, Pan-STARRS, ATLAS","ZTF, Pan-STARRS, ATLAS","ZTF","ATLAS, Pan-STARRS, ZTF","ZTF20abxkwbi","ATLAS-MLO - ATLAS-01, P48 - ZTF-Cam, PS1 - GPC1","APO-3.5m - DIS","1","1","","18.36","g-ZTF","2020-08-31 11:44:09.600","ZTF_Bot1","","","2020TNSTR2825....1F","2020TNSCR2830....1G","",""
"66545","SN 2020tja","19:15:17.387","+29:46:28.87","SN II","0.046","","","ZTF","ZTF","ZTF","ZTF","ZTF20abzgegm","P48 - ZTF-Cam","Keck1 - LRIS","1","1","","18.33","g-ZTF","2020-09-15 04:10:33.600","ZTF_Bot1","","","2020TNSTR2808....1F","2020TNSCR3192....1D","",""
"66461","SN 2020tfv","23:27:04.979","+16:20:55.61","SN II","0.053","SDSS J232704.84+162057.5","0.044","ALeRCE, ATLAS, ZTF, Pan-STARRS","ZTF, ATLAS, Pan-STARRS","ZTF","ATLAS, Pan-STARRS, ZTF","ZTF20abyzprl","ATLAS-HKO - ATLAS-02, ATLAS-MLO - ATLAS-01, P48 - ZTF-Cam, PS1 - GPC1, PS2 - GPC2","P60 - SEDM","1","1","","19.3365","r-ZTF","2020-09-12 10:23:20.003","ALeRCE","","","2020TNSTR2789....1F","2020TNSCR2865....1D","",""
"66400","SN 2020tdm","18:08:19.281","+16:36:14.45","SN II","0.02723","","","ATLAS, ZTF","ATLAS, ZTF","ZTF","ATLAS, ZTF","ATLAS20zwa","ATLAS-HKO - ATLAS-02, ATLAS-MLO - ATLAS-01, P48 - ZTF-Cam","P60 - SEDM","1","1","","18.172","orange-ATLAS","2020-09-13 07:09:07.200","ATLAS_Bot1","","","2020TNSTR2790....1T","2020TNSCR2954....1D","",""
"66311","SN 2020tab","21:51:45.813","+11:34:43.32","SN II","0.02851","","","Pan-STARRS, ATLAS, ZTF","Pan-STARRS, ATLAS, ZTF","ZTF","ATLAS, Pan-STARRS, ZTF","PS20hhw","ATLAS-HKO - ATLAS-02, ATLAS-MLO - ATLAS-01, P48 - ZTF-Cam, PS1 - GPC1","P200 - DBSP","1","1","","19.51","w-P1","2020-09-11 09:51:50.400","PS1_Bot1","","","2020TNSTR2783....1C","2020TNSCR3365....1D","",""
"66250","SN 2020sxt","02:36:01.684","+03:14:10.31","SN II","0.04","","","ATLAS, ZTF, Pan-STARRS","ATLAS, ZTF, Pan-STARRS","ZTF","ATLAS, Pan-STARRS, ZTF","ATLAS20zli","ATLAS-HKO - ATLAS-02, P48 - ZTF-Cam, PS1 - GPC1, PS2 - GPC2","Keck1 - LRIS","1","1","","18.95","orange-ATLAS","2020-09-10 12:47:31.200","ATLAS_Bot1","","","2020TNSTR2768....1T","2020TNSCR2954....1D","",""
"66191","SN 2020svn","03:58:10.710","-08:49:00.91","SN II","0.02891","","","ATLAS, YSE, ZTF, GaiaAlerts, Pan-STARRS","ATLAS, Pan-STARRS, ZTF, GaiaAlerts","ZTF","ATLAS, GaiaAlerts, Pan-STARRS, ZTF","ATLAS20zgr","ATLAS-HKO - ATLAS-02, ATLAS-MLO - ATLAS-01, Gaia - Gaia-photometric, P48 - ZTF-Cam, PS1 - GPC1, PS2 - GPC2","P60 - SEDM","1","1","","18.581","orange-ATLAS","2020-09-08 13:12:00.000","ATLAS_Bot1","","","2020TNSTR2754....1T","2020TNSCR2885....1D","",""
"66169","SN 2020sur","01:28:59.576","-11:29:29.29","SN II","0.063","","","ZTF, ATLAS, Pan-STARRS","ZTF, ATLAS, Pan-STARRS","ZTF","ATLAS, Pan-STARRS, ZTF","ZTF20abywoaa","ATLAS-HKO - ATLAS-02, ATLAS-MLO - ATLAS-01, P48 - ZTF-Cam, PS1 - GPC1, PS2 - GPC2","Keck1 - LRIS","1","1","","19.66","g-ZTF","2020-08-31 09:40:19.200","ZTF_Bot1","","","2020TNSTR2748....1F","2020TNSCR2954....1D","",""
"65952","SN 2020smm","04:03:59.431","+28:37:11.42","SN II","0.03","WISEA J040358.88+283713.3","","ALeRCE, ATLAS, ZTF, Pan-STARRS","ZTF, ATLAS, Pan-STARRS","ZTF","ATLAS, Pan-STARRS, ZTF","ZTF20abykfsr","ATLAS-HKO - ATLAS-02, ATLAS-MLO - ATLAS-01, P48 - ZTF-Cam, PS1 - GPC1, PS2 - GPC2","P60 - SEDM","1","1","","19.2556","r-ZTF","2020-09-04 09:08:14.001","ALeRCE","","","2020TNSTR2714....1F","2020TNSCR2885....1D","",""
"65838","SN 2020sic","15:47:45.110","+28:38:25.22","SN II","0.03324","NGC 6001","0.03324","ZTF, ATLAS, GaiaAlerts","ZTF, ATLAS, GaiaAlerts","ZTF","ATLAS, GaiaAlerts, ZTF","ZTF20abxyjtx","ATLAS-HKO - ATLAS-02, ATLAS-MLO - ATLAS-01, Gaia - Gaia-photometric, P48 - ZTF-Cam","NOT - ALFOSC","1","1","","19.44","r-Sloan","2020-09-01 03:13:06.240","Daniel Perley","","","2020TNSTR2691....1P","2020TNSCR2707....1D","",""
"65829","SN 2020shu","08:23:27.409","+66:17:54.40","SN II","0.04106","SDSS J082327.45+661754.3","0.086","ALeRCE, ATLAS, ZTF","ZTF, ATLAS","ZTF","ATLAS, ZTF","ZTF20abxyiqi","ATLAS-HKO - ATLAS-02, ATLAS-MLO - ATLAS-01, P48 - ZTF-Cam","P60 - SEDM","1","1","","19.4071","g-ZTF","2020-08-31 12:12:52.001","ALeRCE","","","2020TNSTR2678....1F","2020TNSCR3276....1D","",""
"65814","SN 2020shf","08:21:24.567","+43:02:07.83","SN II","0.056392","WISEA J082124.49+430206.3","0.056392","ALeRCE, ATLAS, Pan-STARRS, YSE","ZTF, ATLAS, Pan-STARRS","ZTF","ATLAS, Pan-STARRS, ZTF","ZTF20abxawtg","ATLAS-HKO - ATLAS-02, ATLAS-MLO - ATLAS-01, P48 - ZTF-Cam, PS1 - GPC1, PS2 - GPC2","P200 - DBSP","1","1","","18.3056","g-ZTF","2020-08-31 12:23:59.001","ALeRCE","","","2020TNSTR2678....1F","2020TNSCR3365....1D","",""
"65502","SN 2020rvn","21:06:36.330","+17:59:34.94","SN II","0.020608","","","ATLAS, ZTF, Pan-STARRS, GaiaAlerts","ATLAS, ZTF, Pan-STARRS, GaiaAlerts","ZTF","ATLAS, GaiaAlerts, Pan-STARRS, ZTF","ATLAS20xzd","ATLAS-HKO - ATLAS-02, Gaia - Gaia-photometric, P48 - ZTF-Cam, PS1 - GPC1, PS2 - GPC2","P60 - SEDM","1","1","","18.595","cyan-ATLAS","2020-08-22 09:56:09.600","ATLAS_Bot1","","","2020TNSTR2573....1T","2020TNSCR2632....1D","",""
"65467","SN 2020rue","07:18:00.700","+39:50:12.62","SN II","0.015","","","GaiaAlerts, ZTF, ATLAS","GaiaAlerts, ZTF, ATLAS","ZTF","ATLAS, GaiaAlerts, ZTF","Gaia20dwz","ATLAS-HKO - ATLAS-02, Gaia - Gaia-photometric, P48 - ZTF-Cam","P60 - SEDM","1","1","","17.98","G-Gaia","2020-08-20 07:23:31.200","Gaia_Bot1","","","2020TNSTR2566....1H","2020TNSCR2983....1D","",""
"65262","SN 2020rmk","03:52:56.049","+19:19:33.45","SN II","0.025","","","ATLAS, ZTF, Pan-STARRS","ATLAS, ZTF, Pan-STARRS","ZTF","ATLAS, Pan-STARRS, ZTF","ATLAS20xpe","ATLAS-HKO - ATLAS-02, ATLAS-MLO - ATLAS-01, P48 - ZTF-Cam, PS1 - GPC1, PS2 - GPC2","P60 - SEDM","1","1","","19.217","orange-ATLAS","2020-08-16 14:36:57.600","ATLAS_Bot1","","","2020TNSTR2507....1T","2020TNSCR2694....1D","",""
"65200","SN 2020rka","02:29:24.740","-04:58:52.06","SN II","0.0444","WISEA J022924.66-045848.7","0.266246","ALeRCE, ATLAS, ZTF, Pan-STARRS","ZTF, ATLAS, Pan-STARRS","ZTF","ATLAS, Pan-STARRS, ZTF","ZTF20abrnvnn","ATLAS-MLO - ATLAS-01, P48 - ZTF-Cam, PS1 - GPC1","P200 - DBSP","1","1","","18.8218","r-ZTF","2020-08-15 10:06:07.998","ALeRCE","","","2020TNSTR2496....1F","2020TNSCR2915....1Y","",""
"65140","SN 2020rht","02:30:17.310","+28:36:02.63","SN II","0.04","","","ATLAS, ZTF, GaiaAlerts, Pan-STARRS","ATLAS, ZTF, GaiaAlerts, Pan-STARRS","ZTF","ATLAS, GaiaAlerts, Pan-STARRS, ZTF","ATLAS20xdr","ATLAS-HKO - ATLAS-02, ATLAS-MLO - ATLAS-01, Gaia - Gaia-photometric, P48 - ZTF-Cam, PS1 - GPC1","P60 - SEDM","1","1","","18.945","orange-ATLAS","2020-08-12 14:11:02.400","ATLAS_Bot1","","","2020TNSTR2472....1T","2020TNSCR2648....1D","",""
"65127","SN 2020rhg","00:38:49.622","+03:24:13.40","SN II","0.03","","","ATLAS, YSE, ZTF, Pan-STARRS","ATLAS, Pan-STARRS, ZTF","ZTF","ATLAS, Pan-STARRS, ZTF","ATLAS20xax","ATLAS-MLO - ATLAS-01, P48 - ZTF-Cam, PS1 - GPC1, PS2 - GPC2","P60 - SEDM","1","1","","18.918","orange-ATLAS","2020-08-11 13:42:14.400","ATLAS_Bot1","","","2020TNSTR2472....1T","2020TNSCR2525....1D","",""
"64824","SN 2020ras","09:05:36.530","+61:57:42.05","SN II","0.02563","","","GaiaAlerts, ATLAS, ZTF, Pan-STARRS","GaiaAlerts, ATLAS, ZTF, Pan-STARRS","ZTF","ATLAS, GaiaAlerts, Pan-STARRS, ZTF","Gaia20dqn","ATLAS-MLO - ATLAS-01, Gaia - Gaia-photometric, P48 - ZTF-Cam, PS1 - GPC1, PS2 - GPC2","P60 - SEDM","1","1","","18.2","G-Gaia","2020-08-07 00:44:38.400","Gaia_Bot1","","","2020TNSTR2442....1H","2020TNSCR3122....1D","",""
"64697","SN 2020qvw","16:43:56.021","+77:52:47.72","SN II","0.05","","","ZTF, Pan-STARRS, ATLAS","ZTF, Pan-STARRS, ATLAS","ZTF","ATLAS, Pan-STARRS, ZTF","ZTF20abqkaoc","ATLAS-HKO - ATLAS-02, ATLAS-MLO - ATLAS-01, P48 - ZTF-Cam, PS1 - GPC1","NOT - ALFOSC","1","1","","19.1","r-ZTF","2020-08-06 06:47:31.200","ZTF_Bot1","","","2020TNSTR2403....1F","2020TNSCR2576....1D","",""
"64620","SN 2020qta","02:59:05.547","+27:10:55.45","SN II","0.03616","","","ZTF, ATLAS","ZTF, ATLAS","ZTF","ATLAS, ZTF","ZTF20abpuxna","ATLAS-HKO - ATLAS-02, ATLAS-MLO - ATLAS-01, P48 - ZTF-Cam","Keck1 - LRIS","1","1","","19.28","r-ZTF","2020-07-31 10:28:26.688","ZTF_AMPEL_COMPLETE","","","2020TNSTR2380....1N","2020TNSCR2828....1D","",""
"63959","SN 2020pub","10:37:35.560","-22:42:19.04","SN II","0.011","","","MASTER, GaiaAlerts, ATLAS, ZTF, Pan-STARRS","MASTER, GaiaAlerts, ATLAS, ZTF, Pan-STARRS","ZTF","ATLAS, GaiaAlerts, MASTER, Pan-STARRS, ZTF","MASTER OT J103735.45-224219.8","ATLAS-HKO - ATLAS-02, ATLAS-MLO - ATLAS-01, Gaia - Gaia-photometric, Other - Other, P48 - ZTF-Cam, PS1 - GPC1","P60 - SEDM","1","1","","15.4","Clear-","2020-07-19 17:33:56.160","MASTER","","","2020TNSTR2198....1P","2020TNSCR3859....1D","",""
"63864","SN 2020pql","01:58:36.970","-02:46:58.37","SN II","0.030174","MCG -01-06-009","0.030174","ALeRCE, ZTF, ATLAS, GaiaAlerts, Pan-STARRS","ZTF, ATLAS, GaiaAlerts, Pan-STARRS","ZTF","ATLAS, GaiaAlerts, Pan-STARRS, ZTF","ZTF20abmtaya","ATLAS-HKO - ATLAS-02, ATLAS-MLO - ATLAS-01, Gaia - Gaia-photometric, P48 - ZTF-Cam, PS1 - GPC1, PS2 - GPC2","P60 - SEDM","1","1","","18.4846","r-ZTF","2020-07-18 10:11:53.002","ALeRCE","","","2020TNSTR2171....1F","2020TNSCR2260....1D","",""
"63791","SN 2020pnr","15:46:42.029","+00:50:16.27","SN II","0.04","","","ZTF, ATLAS, Pan-STARRS","ZTF, ATLAS, Pan-STARRS","ZTF","ATLAS, Pan-STARRS, ZTF","ZTF20ablnqzc","ATLAS-MLO - ATLAS-01, P48 - ZTF-Cam, PS2 - GPC2","P60 - SEDM","1","1","","20.14","r-ZTF","2020-07-14 05:05:16.800","ZTF_Bot1","","","2020TNSTR2166....1F","2020TNSCR2373....1D","",""
"63782","SN 2020pni","15:03:49.960","+42:06:50.51","SN II","0.01687","UGC 09684","0.016872","ALeRCE, ZTF, YSE, ATLAS, GaiaAlerts","ZTF, Pan-STARRS, ATLAS, GaiaAlerts","ZTF","ATLAS, GaiaAlerts, Pan-STARRS, ZTF","ZTF20ablygyy","ATLAS-HKO - ATLAS-02, ATLAS-MLO - ATLAS-01, Gaia - Gaia-photometric, P48 - ZTF-Cam, PS1 - GPC1","P60 - SEDM","1","1","","19.8044","r-ZTF","2020-07-16 04:44:29.996","ALeRCE","","","2020TNSTR2150....1F","2020TNSCR2170....1B","",""
"63672","SN 2020pje","23:59:30.710","-26:25:55.92","SN II","0.051","","","ATLAS, GaiaAlerts, Pan-STARRS","ATLAS, GaiaAlerts, Pan-STARRS","ZTF","ATLAS, GaiaAlerts, Pan-STARRS","ATLAS20swu","ATLAS-HKO - ATLAS-02, ATLAS-MLO - ATLAS-01, Gaia - Gaia-photometric, PS1 - GPC1","P200 - DBSP","1","1","","18.555","orange-ATLAS","2020-07-13 13:35:02.400","ATLAS_Bot1","","","2020TNSTR2130....1T","2020TNSCR2939....1D","",""
"63669","SN 2020pjb","02:14:49.896","-24:51:26.01","SN II","0.03784","","","ATLAS, ZTF, Pan-STARRS","ATLAS, ZTF, Pan-STARRS","ZTF","ATLAS, Pan-STARRS, ZTF","ATLAS20swf","ATLAS-MLO - ATLAS-01, P48 - ZTF-Cam, PS1 - GPC1","P60 - SEDM","1","1","","18.701","orange-ATLAS","2020-07-13 14:19:40.800","ATLAS_Bot1","","","2020TNSTR2130....1T","2020TNSCR2740....1D","",""
"63288","SN 2020ovs","19:13:04.515","-18:44:11.88","SN II","0.039184","WISEA J191304.27-184411.7","0.039184","ALeRCE","ZTF","ZTF","ZTF","ZTF20abliiex","P48 - ZTF-Cam","Keck1 - LRIS","1","1","","18.4736","r-ZTF","2020-07-13 06:31:08.996","ALeRCE","","","2020TNSTR2114....1F","2020TNSCR2608....1D","",""
"63051","SN 2020omq","15:38:34.400","+06:39:01.62","SN II","0.0381","CGCG 050-053","0.038055","ALeRCE, ATLAS, ZTF, GaiaAlerts, Pan-STARRS","ZTF, ATLAS, GaiaAlerts, Pan-STARRS","ZTF","ATLAS, GaiaAlerts, Pan-STARRS, ZTF","ZTF20abkkuhh","ATLAS-HKO - ATLAS-02, ATLAS-MLO - ATLAS-01, Gaia - Gaia-photometric, P48 - ZTF-Cam, PS2 - GPC2","P60 - SEDM","1","1","","19.4169","g-ZTF","2020-07-11 05:04:48.996","ALeRCE","","","2020TNSTR2087....1F","2020TNSCR2223....1D","",""
"62872","SN 2020ofw","13:00:33.460","+27:30:16.16","SN II","0.0186","2MASX J13003351+2730146","0.01861","ALeRCE, ZTF, GaiaAlerts, YSE, ATLAS","ZTF, GaiaAlerts, Pan-STARRS, ATLAS","ZTF","ATLAS, GaiaAlerts, Pan-STARRS, ZTF","ZTF20abjyryn","ATLAS-HKO - ATLAS-02, Gaia - Gaia-photometric, P48 - ZTF-Cam, PS1 - GPC1","NOT - ALFOSC","1","1","","18.6948","g-ZTF","2020-07-09 04:14:40.004","ALeRCE","","","2020TNSTR2068....1F","2020TNSCR2428....1D","",""
"62836","SN 2020oem","15:27:29.813","+03:46:44.93","SN II","0.042","","","ZTF, ATLAS","ZTF, ATLAS","ZTF","ATLAS, ZTF","ZTF20abjwntg","ATLAS-HKO - ATLAS-02, ATLAS-MLO - ATLAS-01, P48 - ZTF-Cam","P200 - DBSP","1","1","","20.234","r-ZTF","2020-06-20 06:02:26.880","ZTF_CLU_PUBLIC","","","2020TNSTR2067....1D","2022TNSCR2319....1S","",""
"62786","SN 2020oco","19:28:09.761","+52:53:38.34","SN II","0.02652","","","ZTF, ATLAS","ZTF, ATLAS","ZTF","ATLAS, ZTF","ZTF20abjuxoy","ATLAS-HKO - ATLAS-02, ATLAS-MLO - ATLAS-01, P48 - ZTF-Cam","NOT - ALFOSC","1","1","","19.8798","g-ZTF","2020-07-05 10:47:42.720","ZTF_CLU_PUBLIC","","","2020TNSTR2067....1D","2020TNSCR2428....1D","",""
"62751","SN 2020obf","02:29:54.360","+01:25:17.11","SN II","0.02456","","","ATLAS, GaiaAlerts, ZTF, Pan-STARRS","ATLAS, GaiaAlerts, ZTF, Pan-STARRS","ZTF","ATLAS, GaiaAlerts, Pan-STARRS, ZTF","ATLAS20sbd","ATLAS-MLO - ATLAS-01, Gaia - Gaia-photometric, P48 - ZTF-Cam, PS2 - GPC2","P60 - SEDM","1","1","","18.099","orange-ATLAS","2020-07-06 14:08:09.600","ATLAS_Bot1","","","2020TNSTR2046....1T","2020TNSCR2260....1D","",""
"62749","SN 2020obd","02:28:35.914","-10:32:18.77","SN II","0.0194","","","ATLAS, Pan-STARRS, ZTF","ATLAS, Pan-STARRS, ZTF","ZTF","ATLAS, Pan-STARRS, ZTF","ATLAS20say","ATLAS-MLO - ATLAS-01, P48 - ZTF-Cam, PS1 - GPC1, PS2 - GPC2","P60 - SEDM","1","1","","17.316","orange-ATLAS","2020-07-06 13:56:38.400","ATLAS_Bot1","","","2020TNSTR2046....1T","2020TNSCR2420....1D","",""
"62667","SN 2020nyb","01:59:08.140","+86:40:34.36","SN II","0.015527","","","ZTF, ATLAS, GaiaAlerts","ZTF, ATLAS, GaiaAlerts","ZTF","ATLAS, GaiaAlerts, ZTF","ZTF20abjonjs","ATLAS-HKO - ATLAS-02, ATLAS-MLO - ATLAS-01, Gaia - Gaia-photometric, P48 - ZTF-Cam","LT - SPRAT","1","1","","19.58","r-ZTF","2020-07-03 08:45:53.280","ZTF_AMPEL_NEW","","","2020TNSTR2035....1N","2020TNSCR2086....1P","",""
"62554","SN 2020ntt","23:50:14.271","+10:07:41.36","SN II","0.074","","","ZTF, Pan-STARRS","ZTF, Pan-STARRS","ZTF","Pan-STARRS, ZTF","ZTF20abjbgjj","P48 - ZTF-Cam, PS1 - GPC1","LT - SPRAT, P60 - SEDM","1","1","","20.56","r-ZTF","2020-06-24 11:24:44.064","ZTF_AMPEL_NEW","","","2020TNSTR1997....1N","2020TNSCR2127....1P, 2021TNSCR1313....1H","",""
"62534","SN 2020nsz","19:55:50.200","+02:11:51.15","SN II","0.026","WISEA J195550.49+021149.8","","ALeRCE","ZTF","ZTF","ZTF","ZTF20abjatqy","P48 - ZTF-Cam","LT - SPRAT","1","1","","18.9401","g-ZTF","2020-06-29 06:36:25.998","ALeRCE","","","2020TNSTR1973....1F","2020TNSCR2127....1P","",""
"62469","SN 2020nqo","23:11:28.003","+25:21:46.51","SN II","0.03","","","ZTF, ATLAS, Pan-STARRS","ZTF, ATLAS, Pan-STARRS","ZTF","ATLAS, Pan-STARRS, ZTF","ZTF20abjaapj","ATLAS-HKO - ATLAS-02, ATLAS-MLO - ATLAS-01, P48 - ZTF-Cam, PS1 - GPC1, PS2 - GPC2","P60 - SEDM","1","1","","18.87","g-ZTF","2020-06-28 10:54:55.584","ZTF_AMPEL_NEW","","","2020TNSTR1970....1N","2020TNSCR2021....1D","",""
"62310","SN 2020nkl","00:48:33.113","+55:07:48.02","SN II","0.029","","","ZTF, ATLAS","ZTF, ATLAS","ZTF","ATLAS, ZTF","ZTF20aaycmhl","ATLAS-HKO - ATLAS-02, P48 - ZTF-Cam","","1","1","","20.14","g-ZTF","2020-06-14 09:24:28.800","ZTF_Bot1","","","2020TNSTR1919....1F","2020TNSCR1948....1D","",""
"62272","SN 2020nja","01:34:34.680","-03:20:37.75","SN II","0.018866","","","GaiaAlerts, ATLAS, ZTF, Pan-STARRS","GaiaAlerts, ATLAS, ZTF, Pan-STARRS","ZTF","ATLAS, GaiaAlerts, Pan-STARRS, ZTF","Gaia20cxc","ATLAS-MLO - ATLAS-01, Gaia - Gaia-photometric, P48 - ZTF-Cam, PS1 - GPC1, PS2 - GPC2","P60 - SEDM","1","1","","18.32","G-Gaia","2020-06-22 20:51:21.600","Gaia_Bot1","","","2020TNSTR1912....1H","2020TNSCR2272....1D","",""
"62258","SN 2020nim","16:16:52.370","+26:44:09.06","SN II","0.06","","","ZTF, ATLAS, GaiaAlerts, Pan-STARRS, YSE","ZTF, ATLAS, GaiaAlerts, Pan-STARRS","ZTF","ATLAS, GaiaAlerts, Pan-STARRS, ZTF","ZTF20abgoocl","ATLAS-HKO - ATLAS-02, ATLAS-MLO - ATLAS-01, Gaia - Gaia-photometric, P48 - ZTF-Cam, PS1 - GPC1, PS2 - GPC2","LT - SPRAT","1","1","","20.94","r-ZTF","2020-06-17 06:08:06.432","ZTF_AMPEL_NEW","","","2020TNSTR1920....1N","2020TNSCR2086....1P","",""
"62143","SN 2020nec","01:41:57.465","+18:23:23.15","SN II","0.045","","","ATLAS, ZTF, Pan-STARRS","ATLAS, ZTF, Pan-STARRS","ZTF","ATLAS, Pan-STARRS, ZTF","ATLAS20qgt","ATLAS-HKO - ATLAS-02, ATLAS-MLO - ATLAS-01, P48 - ZTF-Cam, PS1 - GPC1","P60 - SEDM","1","1","","18.499","orange-ATLAS","2020-06-21 14:05:16.800","ATLAS_Bot1","","","2020TNSTR1868....1T","2020TNSCR2193....1D","",""
"62103","SN 2020nco","00:08:18.978","+08:07:16.34","SN II","0.0178","2MASX J00081890+0807157","0.01704","ALeRCE, ZTF, ATLAS","ZTF, ATLAS","ZTF","ATLAS, ZTF","ZTF20abgtvhl","ATLAS-HKO - ATLAS-02, ATLAS-MLO - ATLAS-01, P48 - ZTF-Cam","P200 - DBSP","1","1","","17.8812","r-ZTF","2020-06-20 11:15:32.996","ALeRCE","","","2020TNSTR1859....1F","2020TNSCR2619....1D","",""
"61948","SN 2020mws","14:40:44.340","+03:50:27.96","SN II","0.06","","","ZTF, ATLAS, GaiaAlerts, Pan-STARRS","ZTF, ATLAS, GaiaAlerts, Pan-STARRS","ZTF","ATLAS, GaiaAlerts, Pan-STARRS, ZTF","ZTF20abfehpe","ATLAS-MLO - ATLAS-01, Gaia - Gaia-photometric, P48 - ZTF-Cam, PS2 - GPC2","P60 - SEDM","1","1","","20","r-ZTF","2020-06-15 05:06:52.704","ZTF_AMPEL_NEW","","","2020TNSTR1844....1N","2020TNSCR2158....1D","",""
"61841","SN 2020mst","18:47:10.541","+60:29:48.43","SN II","0.059","","","SGLF, ZTF, ATLAS","ZTF, ATLAS","ZTF","ATLAS, ZTF","ZTF20abfcdkj","ATLAS-HKO - ATLAS-02, ATLAS-MLO - ATLAS-01, P48 - ZTF-Cam","NOT - ALFOSC","1","1","","20.828","g-ZTF","2020-06-13 06:00:21.000","Ismael Perez-Fournon","","","2020TNSTR1821....1A","2020TNSCR2128....1Z","",""
"61416","SN 2020meu","15:34:44.674","+06:38:53.39","SN II","0.0405","","","ZTF, Pan-STARRS, ATLAS","ZTF, Pan-STARRS, ATLAS","ZTF","ATLAS, Pan-STARRS, ZTF","ZTF20abekbzp","ATLAS-MLO - ATLAS-01, P48 - ZTF-Cam, PS1 - GPC1, PS2 - GPC2","P60 - SEDM","1","1","","19.39","r-ZTF","2020-06-11 06:07:17.184","ZTF_AMPEL_NEW","","","2020TNSTR1754....1N","2020TNSCR1985....1D","",""
"61062","SN 2020lrr","14:01:06.707","+34:34:50.91","SN II","0.0275","WISEA J140106.73+343451.3","0.027539","ALeRCE, ZTF, YSE, ATLAS, Pan-STARRS","ZTF, Pan-STARRS, ATLAS","ZTF","ATLAS, Pan-STARRS, ZTF","ZTF20abdxoeu","ATLAS-HKO - ATLAS-02, ATLAS-MLO - ATLAS-01, P48 - ZTF-Cam, PS1 - GPC1","","1","1","","18.2824","r-ZTF","2020-06-04 06:03:53.004","ALeRCE","","","2020TNSTR1675....1F","2020TNSCR1985....1D","",""
"60881","SN 2020lkw","14:31:25.580","+33:13:47.64","SN II","0.0226","","","Pan-STARRS, ZTF, GaiaAlerts, ATLAS","Pan-STARRS, ZTF, GaiaAlerts, ATLAS","ZTF","ATLAS, GaiaAlerts, Pan-STARRS, ZTF","PS20dnq","ATLAS-MLO - ATLAS-01, Gaia - Gaia-photometric, P48 - ZTF-Cam, PS1 - GPC1, PS2 - GPC2","P60 - SEDM","1","1","","18.02","w-P1","2020-05-25 10:42:14.400","PS1_Bot1","","","2020TNSTR1631....1C","2020TNSCR1825....1D","",""
"60859","SN 2020lkb","01:31:55.030","+33:28:20.75","SN II","0.0145","NGC 582","","ATLAS, GaiaAlerts, Pan-STARRS, ZTF","ATLAS, GaiaAlerts, Pan-STARRS, ZTF","ZTF","ATLAS, GaiaAlerts, Pan-STARRS, ZTF","","ATLAS-HKO - ATLAS-02, ATLAS-MLO - ATLAS-01, Gaia - Gaia-photometric, Other - Other, P48 - ZTF-Cam, PS1 - GPC1, PS2 - GPC2","P60 - SEDM","1","1","","17.2","Clear-","2020-05-30 17:42:28.000","Koichi Itagaki","","","2020TNSTR1616....1I","2020TNSCR2182....1D","",""
"60602","SN 2020lam","16:56:23.533","+26:48:49.91","SN II","0.033","WISEA J165623.70+264845.9","0.033063","ALeRCE, ZTF, ATLAS, Pan-STARRS","ZTF, ATLAS, Pan-STARRS","ZTF","ATLAS, Pan-STARRS, ZTF","ZTF20abbpkpa","ATLAS-HKO - ATLAS-02, ATLAS-MLO - ATLAS-01, P48 - ZTF-Cam, PS2 - GPC2","NOT - ALFOSC","1","1","","19.6099","g-ZTF","2020-05-25 09:57:37.996","ALeRCE","","","2020TNSTR1550....1F","2020TNSCR1722....1R","",""
"60522","SN 2020kxl","11:00:29.779","+09:27:26.24","SN II","0.04268","","","ATLAS, ZTF","ATLAS, ZTF","ZTF","ATLAS, ZTF","ATLAS20nts","ATLAS-HKO - ATLAS-02, ATLAS-MLO - ATLAS-01, P48 - ZTF-Cam","","1","1","","19.032","orange-ATLAS","2020-05-24 07:50:52.800","ATLAS_Bot1","","","2020TNSTR1539....1T","2020TNSCR1985....1D","",""
"60072","SN 2020kgp","10:54:41.050","-16:18:58.75","SN II","0.028","","","ATLAS, ZTF, GaiaAlerts","ATLAS, ZTF, GaiaAlerts","ZTF","ATLAS, GaiaAlerts, ZTF","ATLAS20mbp","ATLAS-MLO - ATLAS-01, Gaia - Gaia-photometric, P48 - ZTF-Cam","P60 - SEDM","1","1","","18.464","orange-ATLAS","2020-05-15 08:06:43.200","ATLAS_Bot1","","","2020TNSTR1396....1T","2020TNSCR1624....1D","",""
"60009","SN 2020kef","12:35:01.393","+25:46:46.24","SN II","0.0295","","","ZTF, ATLAS","ZTF, ATLAS","ZTF","ATLAS, ZTF","ZTF20aazycgy","ATLAS-HKO - ATLAS-02, ATLAS-MLO - ATLAS-01, P48 - ZTF-Cam","","1","1","","18.44","g-ZTF","2020-05-17 04:35:45.600","ZTF_AMPEL_NEW","","","2020TNSTR1390....1N","2020TNSCR1985....1D","",""
"59929","SN 2020kbd","15:55:08.335","+65:18:09.93","SN II","0.032","","","ATLAS, ZTF","ATLAS, ZTF","ZTF","ATLAS, ZTF","ATLAS20mjt","ATLAS-HKO - ATLAS-02, ATLAS-MLO - ATLAS-01, P48 - ZTF-Cam","P60 - SEDM","1","1","","19.347","orange-ATLAS","2020-05-15 11:45:36.000","ATLAS_Bot1","","","2020TNSTR1348....1T","2020TNSCR1985....1D","",""
"59924","SN 2020kay","11:56:11.303","+60:31:39.94","SN II","0.033","","","ATLAS, ZTF, Pan-STARRS","ATLAS, ZTF, Pan-STARRS","ZTF","ATLAS, Pan-STARRS, ZTF","ATLAS20mix","ATLAS-HKO - ATLAS-02, ATLAS-MLO - ATLAS-01, P48 - ZTF-Cam, PS1 - GPC1","P60 - SEDM","1","1","","18.501","cyan-ATLAS","2020-05-15 07:52:19.200","ATLAS_Bot1","","","2020TNSTR1348....1T","2020TNSCR1592....1D","",""
"59532","SN 2020jmb","09:31:13.200","+38:15:14.49","SN II","0.061","","","ZTF, ATLAS","ZTF, ATLAS","ZTF","ATLAS, ZTF","ZTF20aayrobw","ATLAS-HKO - ATLAS-02, ATLAS-MLO - ATLAS-01, P48 - ZTF-Cam","P200 - DBSP","1","1","","19.5897","g-ZTF","2020-05-08 03:45:38.880","ZTF_CLU_PUBLIC","","","2020TNSTR1294....1D","2020TNSCR1756....1D","",""
"59462","SN 2020jjj","14:31:19.640","-25:39:31.10","SN II","0.022836","","","ZTF, ATLAS, Pan-STARRS, GaiaAlerts","ZTF, ATLAS, Pan-STARRS, GaiaAlerts","ZTF","ATLAS, GaiaAlerts, Pan-STARRS, ZTF","ZTF20aazcnrv","ATLAS-HKO - ATLAS-02, ATLAS-MLO - ATLAS-01, Gaia - Gaia-photometric, P48 - ZTF-Cam, PS1 - GPC1","P60 - SEDM","1","1","","18.07","g-ZTF","2020-05-10 06:28:41.088","ZTF_AMPEL_NEW","","","2020TNSTR1293....1N","2020TNSCR1470....1D","",""
"59461","SN 2020jji","14:41:40.571","+19:20:56.87","SN II","0.03788","","","ZTF, Pan-STARRS, ATLAS","ZTF, Pan-STARRS, ATLAS","ZTF","ATLAS, Pan-STARRS, ZTF","ZTF20aazchcq","ATLAS-HKO - ATLAS-02, ATLAS-MLO - ATLAS-01, P48 - ZTF-Cam, PS1 - GPC1","P200 - DBSP","1","1","","20.5281","r-ZTF","2020-05-01 08:38:15.360","ZTF_CLU_PUBLIC","","","2020TNSTR1294....1D","2021TNSCR1313....1H","",""
"59361","SN 2020jfo","12:21:50.480","+04:28:54.05","SN II","0.00502","","","ZTF, ATLAS, YSE, Pan-STARRS, MASTER, GaiaAlerts, Gattini","ZTF, ATLAS, Pan-STARRS, MASTER, GaiaAlerts, Gattini","ZTF, None, PSH","ATLAS, GaiaAlerts, Gattini, MASTER, Pan-STARRS, ZTF","ZTF20aaynrrh","ATLAS-HKO - ATLAS-02, ATLAS-MLO - ATLAS-01, Gaia - Gaia-photometric, Gattini - Gattini-camera, Other - Other, P48 - ZTF-Cam, PS1 - GPC1, PS2 - GPC2","GTC - OSIRIS, LT - SPRAT, NOT - ALFOSC, Other - Other, P60 - SEDM","1","1","","16.01","r-ZTF","2020-05-06 04:51:41.184","ZTF_AMPEL_NEW","","","2020TNSTR1248....1N","2020TNSCR1259....1P, 2020TNSCR1526....1D, 2020TNSCR1528....1D, 2020TNSCR1530....1D, 2020TNSCR1532....1G, 2020TNSCR1533....1L, 2020TNSCR1536....1L, 2020TNSCR1535....1G, 2022TNSCR3405....1P","",""
"59189","SN 2020izc","00:05:02.510","-07:06:03.02","SN II","0.012699","","","MASTER, GaiaAlerts, ATLAS, ZTF, Pan-STARRS","MASTER, GaiaAlerts, ATLAS, ZTF, Pan-STARRS","ZTF","ATLAS, GaiaAlerts, MASTER, Pan-STARRS, ZTF","MASTER OT J000502.49-070602.6","ATLAS-HKO - ATLAS-02, ATLAS-MLO - ATLAS-01, Gaia - Gaia-photometric, Other - Other, P48 - ZTF-Cam, PS1 - GPC1, PS2 - GPC2","P60 - SEDM","1","1","","17","Clear-","2020-05-02 03:43:56.928","MASTER","","","2020TNSTR1209....1P","2020TNSCR2193....1D","",""
"59169","SN 2020iyi","10:11:03.590","+54:22:10.52","SN II","0.05465","","","ZTF, Pan-STARRS, ATLAS, GaiaAlerts","ZTF, Pan-STARRS, ATLAS, GaiaAlerts","ZTF","ATLAS, GaiaAlerts, Pan-STARRS, ZTF","ZTF20aaxunbm","ATLAS-HKO - ATLAS-02, ATLAS-MLO - ATLAS-01, Gaia - Gaia-photometric, P48 - ZTF-Cam, PS1 - GPC1","P200 - DBSP","1","1","","18.97","r-ZTF","2020-05-02 03:40:41.664","ZTF_AMPEL_NEW","","","2020TNSTR1204....1N","2020TNSCR1756....1D","",""
"58809","SN 2020ikp","11:12:14.880","-02:00:07.20","SN II","0.0467","","","ATLAS, ASAS-SN, GaiaAlerts, ZTF, Pan-STARRS","ATLAS, ASAS-SN, GaiaAlerts, ZTF, Pan-STARRS","ZTF","ASAS-SN, ATLAS, GaiaAlerts, Pan-STARRS, ZTF","ATLAS20leh","ASASSN-1 - Brutus, ASASSN-5 - Payne-Gaposchkin, ATLAS-HKO - ATLAS-02, ATLAS-MLO - ATLAS-01, Gaia - Gaia-photometric, P48 - ZTF-Cam, PS2 - GPC2","P200 - DBSP","1","1","","18.339","cyan-ATLAS","2020-04-27 08:26:52.800","ATLAS_Bot1","","","2020TNSTR1158....1T","2020TNSCR1756....1D","",""
"58705","SN 2020igs","09:36:55.413","+08:33:44.42","SN II","0.0222","","","ZTF, ATLAS, Pan-STARRS","ZTF, ATLAS, Pan-STARRS","ZTF","ATLAS, Pan-STARRS, ZTF","ZTF20aawjbsf","ATLAS-HKO - ATLAS-02, ATLAS-MLO - ATLAS-01, P48 - ZTF-Cam, PS2 - GPC2","LT - SPRAT","1","1","","18.82","r-ZTF","2020-04-26 04:10:55.200","ZTF_AMPEL_NEW","","","2020TNSTR1140....1N","2020TNSCR1330....1P","",""
"58682","SN 2020ifv","20:42:36.213","+76:46:54.36","SN II","0.042","SDSS J204235.85+764654.7","0.024","ALeRCE, ZTF, ATLAS","ZTF, ATLAS","ZTF","ATLAS, ZTF","ZTF20aawgrcu","ATLAS-MLO - ATLAS-01, P48 - ZTF-Cam","P60 - SEDM","1","1","","19.9266","g-ZTF","2020-04-25 09:30:07.004","ALeRCE","","","2020TNSTR1123....1F","2020TNSCR1295....1D","",""
"58663","SN 2020ifc","22:10:07.444","+41:01:22.63","SN II","0.015621","","","ZTF, ATLAS, Pan-STARRS","ZTF, ATLAS, Pan-STARRS","ZTF","ATLAS, Pan-STARRS, ZTF","ZTF20aauodrj","ATLAS-HKO - ATLAS-02, ATLAS-MLO - ATLAS-01, P48 - ZTF-Cam, PS2 - GPC2","P60 - SEDM","1","1","","19.0132","r-ZTF","2020-04-02 12:08:21.120","ZTF_CLU_PUBLIC","","","2020TNSTR1128....1D","2020TNSCR1142....1D","",""
"58479","SN 2020hyb","10:16:58.607","+46:30:38.53","SN II","0.03","","","ZTF, Pan-STARRS","ZTF, Pan-STARRS","ZTF","Pan-STARRS, ZTF","ZTF20aavptjf","P48 - ZTF-Cam, PS2 - GPC2","LT - SPRAT","1","1","","18.22","g-ZTF","2020-04-23 05:26:38.976","ZTF_AMPEL_NEW","","","2020TNSTR1112....1N","2020TNSCR1574....1P","",""
"58412","SN 2020hvn","11:19:37.947","+30:06:43.44","SN II","0.02344","2MASX J11193797+3006422","0.023386","ASAS-SN, ZTF, ATLAS","ASAS-SN, ZTF, ATLAS","ZTF","ASAS-SN, ATLAS, ZTF","ASASSN-20ed","ASASSN-4 - Leavitt, ATLAS-HKO - ATLAS-02, ATLAS-MLO - ATLAS-01, P48 - ZTF-Cam","P60 - SEDM","1","1","","17.7","g-Sloan","2020-04-20 07:40:48.000","Krzysztof Stanek","","","2020TNSTR1093....1S","2020TNSCR1258....1D","",""
"58239","SN 2020hox","19:42:26.160","-15:52:44.08","SN II","0.03","","","ATLAS, GaiaAlerts, ZTF, Pan-STARRS","ATLAS, GaiaAlerts, ZTF, Pan-STARRS","ZTF","ATLAS, GaiaAlerts, Pan-STARRS, ZTF","ATLAS20kcx","ATLAS-MLO - ATLAS-01, Gaia - Gaia-photometric, P48 - ZTF-Cam, PS1 - GPC1","P60 - SEDM","1","1","","18.05","orange-ATLAS","2020-04-16 14:31:12.000","ATLAS_Bot1","","","2020TNSTR1054....1T","2020TNSCR1592....1D","",""
"58151","SN 2020hln","19:51:02.145","+62:43:29.01","SN II","0.06","","","ZTF, ATLAS","ZTF, ATLAS","ZTF","ATLAS, ZTF","ZTF20aavdcxo","ATLAS-HKO - ATLAS-02, ATLAS-MLO - ATLAS-01, P48 - ZTF-Cam","P60 - SEDM","1","1","","19.52","r-ZTF","2020-04-16 10:47:17.664","ZTF_AMPEL_NEW","","","2020TNSTR1049....1N","2020TNSCR2126....1D","",""
"58022","SN 2020hgo","17:01:22.500","+20:18:58.57","SN II","0.0352","","","ZTF, ATLAS, Pan-STARRS, GaiaAlerts","ZTF, ATLAS, Pan-STARRS, GaiaAlerts","ZTF","ATLAS, GaiaAlerts, Pan-STARRS, ZTF","ZTF20aaurfhs","ATLAS-MLO - ATLAS-01, Gaia - Gaia-photometric, P48 - ZTF-Cam, PS1 - GPC1, PS2 - GPC2","LT - SPRAT","1","1","","18.71","g-ZTF","2020-04-14 10:29:21.120","ZTF_AMPEL_NEW","","","2020TNSTR1039....1N","2020TNSCR1296....1P","",""
"58020","SN 2020hgm","08:31:22.090","+49:13:35.33","SN II","0.04316","","","GaiaAlerts, ZTF, ATLAS, Pan-STARRS","GaiaAlerts, ZTF, ATLAS, Pan-STARRS","ZTF","ATLAS, GaiaAlerts, Pan-STARRS, ZTF","Gaia20buq","ATLAS-HKO - ATLAS-02, ATLAS-MLO - ATLAS-01, Gaia - Gaia-photometric, P48 - ZTF-Cam, PS2 - GPC2","P60 - SEDM","1","1","","18.96","G-Gaia","2020-04-12 19:09:07.200","Gaia_Bot1","","","2020TNSTR1035....1H","2020TNSCR1130....1D","",""
"57857","SN 2020hcg","09:31:32.341","+08:16:35.34","SN II","0.034","","","ATLAS, ZTF","ATLAS, ZTF","ZTF","ATLAS, ZTF","ATLAS20jxv","ATLAS-MLO - ATLAS-01, P48 - ZTF-Cam","P200 - DBSP","1","1","","19.516","orange-ATLAS","2020-04-13 08:28:19.200","ATLAS_Bot1","","","2020TNSTR1024....1T","2024TNSCR3281....1P","",""
"57365","SN 2020gjj","10:25:49.775","+66:18:44.64","SN II","0.04106","","","Pan-STARRS, ZTF","Pan-STARRS, ZTF","ZTF","Pan-STARRS, ZTF","PS20bce","P48 - ZTF-Cam, PS1 - GPC1","P60 - SEDM","1","1","","19.98","i-Sloan","2020-04-02 06:15:50.400","PS1_Bot1","","","2020TNSTR1013....1C","2020TNSCR1240....1D","",""
"57363","SN 2020gjh","15:34:08.007","+22:07:57.70","SN II","0.0865","","","Pan-STARRS, ZTF, ATLAS","Pan-STARRS, ZTF, ATLAS","ZTF","ATLAS, Pan-STARRS, ZTF","PS20bcc","ATLAS-HKO - ATLAS-02, ATLAS-MLO - ATLAS-01, P48 - ZTF-Cam, PS1 - GPC1, PS2 - GPC2","P200 - DBSP","1","1","","21.76","w-P1","2020-04-03 14:13:55.200","PS1_Bot1","","","2020TNSTR1013....1C","2020TNSCR1756....1D","",""
"57324","SN 2020ghv","14:23:46.584","+09:14:04.56","SN II","0.0299","","","ATLAS, ZTF, Pan-STARRS","ATLAS, ZTF, Pan-STARRS","ZTF","ATLAS, Pan-STARRS, ZTF","ATLAS20jth","ATLAS-MLO - ATLAS-01, P48 - ZTF-Cam, PS1 - GPC1, PS2 - GPC2","P60 - SEDM","1","1","","18.074","orange-ATLAS","2020-04-10 11:34:04.800","ATLAS_Bot1","","","2020TNSTR1011....1T","2020TNSCR1114....1D","",""
"57193","SN 2020gcv","21:31:21.670","+09:25:47.89","SN II","0.028396","","","ATLAS, GaiaAlerts, ZTF, YSE, Pan-STARRS","ATLAS, GaiaAlerts, ZTF, Pan-STARRS","ZTF","ATLAS, GaiaAlerts, Pan-STARRS, ZTF","ATLAS20jrp","ATLAS-MLO - ATLAS-01, Gaia - Gaia-photometric, P48 - ZTF-Cam, PS1 - GPC1, PS2 - GPC2","P60 - SEDM","1","1","","17.887","orange-ATLAS","2020-04-09 13:56:38.400","ATLAS_Bot1","","","2020TNSTR.997....1T","2020TNSCR1205....1D","",""
"57119","SN 2020gac","12:29:46.210","+42:43:58.22","SN II","0.038671","WISEA J122946.18+424356.1","0.038671","ALeRCE, ATLAS, Pan-STARRS, ZTF, GaiaAlerts","ZTF, ATLAS, Pan-STARRS, GaiaAlerts","ZTF","ATLAS, GaiaAlerts, Pan-STARRS, ZTF","ZTF20aauqhka","ATLAS-MLO - ATLAS-01, Gaia - Gaia-photometric, P48 - ZTF-Cam, PS1 - GPC1, PS2 - GPC2","P60 - SEDM","1","1","","19.0383","g-ZTF","2020-04-05 10:47:23.997","ALeRCE","","","2020TNSTR.968....1F","2020TNSCR1052....1D","",""
"57100","SN 2020fzj","20:15:42.935","-06:18:59.88","SN II","0.01893","","","ATLAS, ZTF, Pan-STARRS","ATLAS, ZTF, Pan-STARRS","ZTF","ATLAS, Pan-STARRS, ZTF","ATLAS20jnf","ATLAS-HKO - ATLAS-02, P48 - ZTF-Cam, PS2 - GPC2","P60 - SEDM","1","1","","17.711","cyan-ATLAS","2020-04-03 13:53:45.600","ATLAS_Bot1","","","2020TNSTR.969....1T","2020TNSCR1166....1D","",""
"57049","SN 2020fxl","19:50:09.498","+41:21:58.96","SN II","0.02","WISEA J195009.93+412200.1","","ALeRCE, ATLAS","ZTF, ATLAS","ZTF","ATLAS, ZTF","ZTF20aauompx","ATLAS-HKO - ATLAS-02, ATLAS-MLO - ATLAS-01, P48 - ZTF-Cam","P60 - SEDM","1","1","","19.024","g-ZTF","2020-04-04 10:21:24.002","ALeRCE","","","2020TNSTR.960....1F","2020TNSCR1122....1D","",""
"56928","SN 2020fsv","13:31:18.786","-27:07:39.18","SN II","0.04331","WISEA J133119.09-270742.0","0.04331","ALeRCE, ZTF, ATLAS, Pan-STARRS","ZTF, ATLAS, Pan-STARRS","ZTF","ATLAS, Pan-STARRS, ZTF","ZTF20aaumlmu","ATLAS-HKO - ATLAS-02, P48 - ZTF-Cam, PS1 - GPC1","P60 - SEDM","1","1","","18.3167","r-ZTF","2020-04-02 08:33:47.002","ALeRCE","","","2020TNSTR.935....1F","2020TNSCR1041....1D","",""
"56868","SN 2020fqo","08:01:23.078","+06:08:26.57","SN II","0.03878","CGCG 031-021","0.03878","ALeRCE, ZTF","ZTF","ZTF","ZTF","ZTF20aatvupb","P48 - ZTF-Cam","P60 - SEDM","1","1","","19.0444","r-ZTF","2020-03-31 04:43:53.000","ALeRCE","","","2020TNSTR.914....1F","2020TNSCR1052....1D","",""
"56509","SN 2020fcx","13:40:10.010","+23:20:29.54","SN II","0.0319","","","ZTF, ATLAS","ZTF, ATLAS","ZTF","ATLAS, ZTF","ZTF20aatqgeo","ATLAS-HKO - ATLAS-02, ATLAS-MLO - ATLAS-01, P48 - ZTF-Cam","LT - SPRAT","1","1","","18.25","g-ZTF","2020-03-28 07:20:38.400","ZTF_Bot1","","","2020TNSTR.890....1F","2020TNSCR.987....1P","",""
"56506","SN 2020fcu","14:24:08.921","+12:15:31.37","SN II","0.0263","","","ZTF","ZTF","ZTF","ZTF","ZTF20aattoch","P48 - ZTF-Cam","P60 - SEDM","1","1","","17.18","r-ZTF","2020-03-28 10:30:43.200","ZTF_Bot1","","","2020TNSTR.890....1F","2020TNSCR1041....1D","",""
"56493","SN 2020fch","11:33:24.030","-09:20:56.00","SN II","0.02723","","","ATLAS, ZTF, Pan-STARRS, GaiaAlerts","ATLAS, ZTF, Pan-STARRS, GaiaAlerts","ZTF","ATLAS, GaiaAlerts, Pan-STARRS, ZTF","ATLAS20jgs","ATLAS-HKO - ATLAS-02, ATLAS-MLO - ATLAS-01, Gaia - Gaia-photometric, P48 - ZTF-Cam, PS2 - GPC2","P60 - SEDM","1","1","","18.989","orange-ATLAS","2020-03-28 10:37:55.200","ATLAS_Bot1","","","2020TNSTR.886....1T","2020TNSCR1378....1D","",""
"56486","SN 2020fca","15:32:15.900","-20:05:09.13","SN II","0.026","","","GaiaAlerts, ATLAS, ZTF, Pan-STARRS","GaiaAlerts, ATLAS, ZTF, Pan-STARRS","ZTF","ATLAS, GaiaAlerts, Pan-STARRS, ZTF","Gaia20bmx","ATLAS-HKO - ATLAS-02, Gaia - Gaia-photometric, P48 - ZTF-Cam, PS1 - GPC1","LT - SPRAT","1","1","","17.82","G-Gaia","2020-03-25 15:02:52.800","Gaia_Bot1","","","2020TNSTR.880....1H","2020TNSCR1196....1P","",""
"56469","SN 2020fbj","12:47:47.023","+22:17:10.47","SN II","0.0339","","","ATLAS, ZTF, Pan-STARRS","ATLAS, ZTF, Pan-STARRS","ZTF","ATLAS, Pan-STARRS, ZTF","ATLAS20itj","ATLAS-HKO - ATLAS-02, ATLAS-MLO - ATLAS-01, P48 - ZTF-Cam, PS1 - GPC1, PS2 - GPC2","P60 - SEDM","1","1","","18.875","cyan-ATLAS","2020-03-23 12:37:26.400","ATLAS_Bot1","","","2020TNSTR.879....1T","2020TNSCR1033....1D","",""
"56343","SN 2020faa","14:47:09.469","+72:44:11.56","SN II","0.04106","","","ATLAS, ZTF, Pan-STARRS","ATLAS, ZTF, Pan-STARRS","ZTF","ATLAS, Pan-STARRS, ZTF","ATLAS20jaf","ATLAS-HKO - ATLAS-02, ATLAS-MLO - ATLAS-01, P48 - ZTF-Cam, PS1 - GPC1","LT - SPRAT","1","1","","18.284","cyan-ATLAS","2020-03-24 14:29:45.600","ATLAS_Bot1","","","2020TNSTR.869....1T","2020TNSCR.987....1P","",""
"56317","SN 2020eza","06:28:44.220","+52:34:13.51","SN II","0.028907","","","Pan-STARRS, ATLAS, ZTF, GaiaAlerts","Pan-STARRS, ATLAS, ZTF, GaiaAlerts","ZTF","ATLAS, GaiaAlerts, Pan-STARRS, ZTF","PS20aie","ATLAS-HKO - ATLAS-02, ATLAS-MLO - ATLAS-01, Gaia - Gaia-photometric, P48 - ZTF-Cam, PS2 - GPC2","P60 - SEDM","1","1","","19.12","w-P1","2020-03-24 05:52:48.000","PS2_Bot1","","","2020TNSTR.871....1C","2020TNSCR1166....1D","",""
"56169","SN 2020etk","15:28:40.338","-12:53:46.64","SN II","0.025","","","ATLAS, Pan-STARRS, ZTF","ATLAS, Pan-STARRS, ZTF","ZTF","ATLAS, Pan-STARRS, ZTF","ATLAS20ieb","ATLAS-HKO - ATLAS-02, ATLAS-MLO - ATLAS-01, P48 - ZTF-Cam, PS1 - GPC1, PS2 - GPC2","LT - SPRAT","1","1","","18.518","cyan-ATLAS","2020-03-22 13:24:57.600","ATLAS_Bot1","","","2020TNSTR.852....1T","2020TNSCR1196....1P","",""
"56156","SN 2020esx","08:18:45.030","+52:49:45.52","SN II","0.0338","SDSS J081844.84+524946.9","0.0339","TMTS, ATLAS, ZTF, Pan-STARRS, GaiaAlerts","TMTS, ATLAS, ZTF, Pan-STARRS, GaiaAlerts","ZTF","ATLAS, GaiaAlerts, Pan-STARRS, TMTS, ZTF","TMTS-20A","ATLAS-HKO - ATLAS-02, Gaia - Gaia-photometric, P48 - ZTF-Cam, PS1 - GPC1, TMT - CCD-TMT","LT - SPRAT","1","1","","17.7","L-","2020-03-22 12:56:09.600","Xiaofeng Wang","","","2020TNSTR.849....1W","2020TNSCR1017....1P","",""
"56032","SN 2020eoe","16:18:02.670","+18:02:31.81","SN II","0.04543","","","ATLAS, ZTF, GaiaAlerts, Pan-STARRS","ATLAS, ZTF, GaiaAlerts, Pan-STARRS","ZTF","ATLAS, GaiaAlerts, Pan-STARRS, ZTF","ATLAS20hzq","ATLAS-MLO - ATLAS-01, Gaia - Gaia-photometric, P48 - ZTF-Cam, PS1 - GPC1, PS2 - GPC2","P60 - SEDM","1","1","","18.454","orange-ATLAS","2020-03-17 13:13:26.400","ATLAS_Bot1","","","2020TNSTR.811....1T","2020TNSCR.947....1D","",""
"55332","SN 2020edr","18:00:15.049","-03:59:55.84","SN II","0.015","","","ZTF, ATLAS","ZTF, ATLAS","ZTF","ATLAS, ZTF","ZTF20aaqepvb","ATLAS-HKO - ATLAS-02, ATLAS-MLO - ATLAS-01, P48 - ZTF-Cam","P200 - DBSP","1","1","","19.11","r-ZTF","2020-02-21 12:24:28.800","ZTF_Bot1","","","2020TNSTR.742....1F","2020TNSCR3213....1D","",""
"55324","SN 2020edk","14:50:26.501","+16:44:37.55","SN II","0.0369","","","ZTF, ATLAS, Pan-STARRS","ZTF, ATLAS, Pan-STARRS","ZTF","ATLAS, Pan-STARRS, ZTF","ZTF20aaswbty","ATLAS-HKO - ATLAS-02, ATLAS-MLO - ATLAS-01, P48 - ZTF-Cam, PS1 - GPC1","","1","1","","20.2572","g-ZTF","2020-03-03 10:19:37.920","ZTF_CLU_PUBLIC","","","2020TNSTR.737....1D","2020TNSCR.907....1D","",""
"55241","SN 2020eaf","02:58:19.980","+40:55:23.48","SN II","0.0206","","","ZTF, ATLAS, GaiaAlerts, YSE","ZTF, ATLAS, GaiaAlerts, Pan-STARRS","ZTF","ATLAS, GaiaAlerts, Pan-STARRS, ZTF","ZTF20aasjzhg","ATLAS-MLO - ATLAS-01, Gaia - Gaia-photometric, P48 - ZTF-Cam, PS1 - GPC1","Keck1 - LRIS","1","1","","17.13","g-ZTF","2020-03-05 02:52:16.032","ZTF_AMPEL_NEW","","","2020TNSTR.728....1N","2021TNSCR.206....1D","",""
"55204","SN 2020dyu","12:19:39.131","+33:02:25.39","SN II","0.05","SDSS J121939.13+330223.4","0.16","ALeRCE, ZTF, ATLAS, Pan-STARRS","ZTF, ATLAS, Pan-STARRS","ZTF","ATLAS, Pan-STARRS, ZTF","ZTF20aasfhia","ATLAS-MLO - ATLAS-01, P48 - ZTF-Cam, PS1 - GPC1","P60 - SEDM","1","1","","19.4658","g-ZTF","2020-03-04 12:12:10.002","ALeRCE","","","2020TNSTR.705....1F","2020TNSCR.959....1D","",""
"55184","SN 2020dya","14:27:37.297","+69:41:11.08","SN II","0.030074","","","ZTF, ATLAS","ZTF, ATLAS","ZTF","ATLAS, ZTF","ZTF20aasijew","ATLAS-MLO - ATLAS-01, P48 - ZTF-Cam","P60 - SEDM","1","1","","19.11","r-ZTF","2020-03-04 10:59:26.016","ZTF_AMPEL_NEW","","","2020TNSTR.714....1N","2020TNSCR1229....1D","",""
"55075","SN 2020dvt","15:37:48.520","+38:08:47.18","SN II","0.014","","","ATLAS, ZTF, Pan-STARRS, GaiaAlerts","ATLAS, ZTF, Pan-STARRS, GaiaAlerts","ZTF","ATLAS, GaiaAlerts, Pan-STARRS, ZTF","ATLAS20hhk","ATLAS-MLO - ATLAS-01, Gaia - Gaia-photometric, P48 - ZTF-Cam, PS2 - GPC2","LT - SPRAT","1","1","","17.495","orange-ATLAS","2020-03-02 12:23:02.400","ATLAS_Bot1","","","2020TNSTR.692....1T","2020TNSCR.754....1P","",""
"54757","SN 2020djo","16:40:54.540","+48:53:43.25","SN II","0.04106","","","ZTF, Pan-STARRS","ZTF, Pan-STARRS","ZTF","Pan-STARRS, ZTF","ZTF20aarblcr","P48 - ZTF-Cam, PS1 - GPC1","P60 - SEDM","1","1","","18.98","r-ZTF","2020-02-25 12:38:52.800","ZTF_AMPEL_NEW","","","2020TNSTR.624....1N","2020TNSCR.753....1D","",""
"54756","SN 2020djn","17:04:23.300","+28:27:46.48","SN II","0.03129","","","ZTF, ATLAS, GaiaAlerts, Pan-STARRS","ZTF, ATLAS, GaiaAlerts, Pan-STARRS","ZTF","ATLAS, GaiaAlerts, Pan-STARRS, ZTF","ZTF20aarbktd","ATLAS-HKO - ATLAS-02, ATLAS-MLO - ATLAS-01, Gaia - Gaia-photometric, P48 - ZTF-Cam, PS2 - GPC2","P60 - SEDM","1","1","","18.07","r-ZTF","2020-02-25 12:34:52.608","ZTF_AMPEL_NEW","","","2020TNSTR.624....1N","2020TNSCR.717....1D","",""
"54584","SN 2020dcx","12:50:56.250","+40:11:12.30","SN II","0.025781","","","ATLAS, ZTF, Pan-STARRS, GaiaAlerts","ATLAS, ZTF, Pan-STARRS, GaiaAlerts","ZTF","ATLAS, GaiaAlerts, Pan-STARRS, ZTF","ATLAS20fvp","ATLAS-HKO - ATLAS-02, ATLAS-MLO - ATLAS-01, Gaia - Gaia-photometric, P48 - ZTF-Cam, PS2 - GPC2","P60 - SEDM","1","1","","18.283","cyan-ATLAS","2020-02-21 13:35:02.000","ATLAS_Bot1","","","2020TNSTR.590....1T","2020TNSCR.667....1D","",""
"54541","SN 2020dbg","10:56:58.850","+43:04:36.48","SN II","0.015","SDSS J105658.84+430436.2","0.188","ALeRCE, ZTF, GaiaAlerts, ATLAS","ZTF, GaiaAlerts, ATLAS","ZTF","ATLAS, GaiaAlerts, ZTF","ZTF20aapycrh","ATLAS-HKO - ATLAS-02, ATLAS-MLO - ATLAS-01, Gaia - Gaia-photometric, P48 - ZTF-Cam","P200 - DBSP","1","1","","19.2156","g-ZTF","2020-02-21 07:49:57.000","ALeRCE","","","2020TNSTR.577....1F","2020TNSCR.667....1D","",""
"54434","SN 2020cxd","17:26:29.260","+71:05:38.58","SN II","0.003883","","","ZTF, ATLAS, GaiaAlerts, Pan-STARRS","ZTF, ATLAS, GaiaAlerts, Pan-STARRS","ZTF","ATLAS, GaiaAlerts, Pan-STARRS, ZTF","ZTF20aapchqy","ATLAS-MLO - ATLAS-01, Gaia - Gaia-photometric, Other - Other, P48 - ZTF-Cam, PS1 - GPC1","LT - SPRAT","1","1","","17.69","r-ZTF","2020-02-19 12:44:08.000","ZTF_AMPEL_NEW","","","2020TNSTR.555....1N","2020TNSCR.576....1P, 2020TNSCR1503....1P","",""
"54403","SN 2020cvy","08:00:49.260","+27:29:54.92","SN II","0.017","","","ZTF, GaiaAlerts, Pan-STARRS, ATLAS","ZTF, GaiaAlerts, Pan-STARRS, ATLAS","ZTF, ePESSTO+","ATLAS, GaiaAlerts, Pan-STARRS, ZTF","ZTF20aaophpu","ATLAS-HKO - ATLAS-02, ATLAS-MLO - ATLAS-01, Gaia - Gaia-photometric, P48 - ZTF-Cam, PS2 - GPC2","ESO-NTT - EFOSC2-NTT, P60 - SEDM","1","1","","19.16","g-ZTF","2020-02-19 04:34:09.000","ZTF_AMPEL_NEW","","","2020TNSTR.555....1N","2020TNSCR.646....1D, 2020TNSCR1509....1M","",""
"54361","SN 2020cuj","04:34:00.530","-08:34:43.46","SN II","0.0158","","","ZTF, GaiaAlerts","ZTF, GaiaAlerts","ZTF","GaiaAlerts, ZTF","ZTF20aaoffej","Gaia - Gaia-photometric, P48 - ZTF-Cam","P60 - SEDM","1","1","","20.0843","r-ZTF","2020-02-12 03:06:02.000","ZTF_CLU_PUBLIC","","","2020TNSTR.542....1D","2020TNSCR.927....1D","",""
"54219","SN 2020cpa","17:26:37.722","+38:12:29.49","SN II","0.0449","","","ZTF, ATLAS, Pan-STARRS","ZTF, ATLAS, Pan-STARRS","ZTF","ATLAS, Pan-STARRS, ZTF","ZTF20aamttiw","ATLAS-MLO - ATLAS-01, P48 - ZTF-Cam, PS1 - GPC1, PS2 - GPC2","P60 - SEDM","1","1","","17.76","g-ZTF","2020-02-12 11:20:55.000","ZTF_AMPEL_NEW","","","2020TNSTR.511....1N","2020TNSCR.667....1D","",""
"54187","SN 2020cnu","04:24:08.164","-27:04:47.46","SN II","0.019","","","ZTF, ATLAS","ZTF, ATLAS","ZTF","ATLAS, ZTF","ZTF20aambtea","ATLAS-MLO - ATLAS-01, P48 - ZTF-Cam","Lick-3m - KAST","1","1","","18.07","r-ZTF","2020-02-06 03:48:57.000","ZTF_Bot1","","","2020TNSTR.510....1F","2020TNSCR.810....1B","",""
"54030","SN 2020chv","07:46:27.782","+01:57:34.75","SN II","0.034424","CGCG 002-012 NED02","0.034424","SGLF, ATLAS","ZTF, ATLAS","ZTF","ATLAS, ZTF","ZTF20aamlmec","ATLAS-MLO - ATLAS-01, P48 - ZTF-Cam","P60 - SEDM","1","1","","18.698","g-ZTF","2020-02-09 06:05:32.000","Ismael Perez-Fournon","","","2020TNSTR.460....1M","2020TNSCR.560....1D","",""
"54021","SN 2020chm","09:42:04.523","+41:26:23.44","SN II","0.0483","","","ZTF, ATLAS, Pan-STARRS","ZTF, ATLAS, Pan-STARRS","ZTF","ATLAS, Pan-STARRS, ZTF","ZTF20aamoaim","ATLAS-MLO - ATLAS-01, P48 - ZTF-Cam, PS2 - GPC2","P200 - DBSP","1","1","","18.93","r-ZTF","2020-02-12 07:09:00.000","ZTF_AMPEL_NEW","","","2020TNSTR.461....1N","2020TNSCR.667....1D","",""
"53736","SN 2020bws","13:29:11.628","+38:13:25.74","SN II","0.055511","SDSS J132912.29+381325.6","0.055488","SGLF, ZTF, ATLAS","ZTF, ATLAS","ZTF","ATLAS, ZTF","ZTF20aamazzl","ATLAS-HKO - ATLAS-02, ATLAS-MLO - ATLAS-01, P48 - ZTF-Cam","P200 - DBSP","1","1","","20.978","g-ZTF","2020-02-02 11:50:43.000","Ismael Perez-Fournon","","","2020TNSTR.399....1P","2020TNSCR1891....1D","",""
"53664","SN 2020buc","10:08:31.268","+09:14:23.18","SN II","0.0348","","","ZTF, ATLAS","ZTF, ATLAS","ZTF","ATLAS, ZTF","ZTF18aaaibml","ATLAS-MLO - ATLAS-01, P48 - ZTF-Cam","","1","1","","18.7346","r-ZTF","2020-02-04 06:53:16.000","ZTF_CLU_PUBLIC","","","2020TNSTR.388....1D","2020TNSCR1667....1D","",""
"53526","SN 2020boz","01:32:25.290","+49:48:34.97","SN II","0.037","SDSS J013225.11+494841.5","0.016","ALeRCE, ATLAS","ZTF, ATLAS","ZTF","ATLAS, ZTF","ZTF20aalbtwh","ATLAS-MLO - ATLAS-01, P48 - ZTF-Cam","P60 - SEDM","1","1","","20.2397","g-ZTF","2020-02-01 02:19:55.000","ALeRCE","","","2020TNSTR.349....1P","2020TNSCR.513....1D","",""
"53249","SN 2020beu","16:39:04.764","+08:21:30.77","SN II","0.041","","","ZTF","ZTF","ZTF","ZTF","ZTF19aawmcjt","P48 - ZTF-Cam","","1","1","","19.01","r-ZTF","2020-01-25 12:53:43.000","ZTF_AMPEL_NEW","","","2020TNSTR.301....1N","2020TNSCR.874....1D","",""
"53013","SN 2020awg","15:49:02.507","+17:56:16.38","SN II","0.03181","CGCG 107-040","0.031792","ALeRCE, ZTF, YSE, Pan-STARRS","ZTF, Pan-STARRS","ZTF","Pan-STARRS, ZTF","ZTF20aaifzfk","P48 - ZTF-Cam, PS1 - GPC1","P60 - SEDM","1","1","","18.9043","r-ZTF","2020-01-25 12:55:41.000","ALeRCE","","","2020TNSTR.253....1F","2020TNSCR.421....1D","",""
"52872","SN 2020aqy","15:01:54.660","+25:57:58.93","SN II","0.022055","","","ZTF, GaiaAlerts, ATLAS, Pan-STARRS","ZTF, GaiaAlerts, ATLAS, Pan-STARRS","ZTF","ATLAS, GaiaAlerts, Pan-STARRS, ZTF","ZTF20aahqbsr","ATLAS-HKO - ATLAS-02, ATLAS-MLO - ATLAS-01, Gaia - Gaia-photometric, P48 - ZTF-Cam, PS1 - GPC1","P60 - SEDM","1","1","","19.0241","g-ZTF","2020-01-24 10:40:30.000","ZTF_CLU_PUBLIC","","","2020TNSTR.251....1D","2020TNSCR.392....1D","",""
"52714","SN 2020alg","14:27:10.540","+35:55:20.14","SN II","0.028","","","ATLAS, ZTF, GaiaAlerts","ATLAS, ZTF, GaiaAlerts","ZTF","ATLAS, GaiaAlerts, ZTF","ATLAS20cae","ATLAS-HKO - ATLAS-02, ATLAS-MLO - ATLAS-01, Gaia - Gaia-photometric, P48 - ZTF-Cam","LT - SPRAT","1","1","","18.575","orange-ATLAS","2020-01-21 15:27:21.000","ATLAS_Bot1","","","2020TNSTR.215....1T","2020TNSCR.453....1P","",""
"52505","SN 2020aem","17:48:22.780","+54:09:05.36","SN II","0.022182","","","ZTF, ATLAS, GaiaAlerts, Pan-STARRS","ZTF, ATLAS, GaiaAlerts, Pan-STARRS","ZTF","ATLAS, GaiaAlerts, Pan-STARRS, ZTF","ZTF20aagnbes","ATLAS-HKO - ATLAS-02, ATLAS-MLO - ATLAS-01, Gaia - Gaia-photometric, P48 - ZTF-Cam, PS1 - GPC1, PS2 - GPC2","P60 - SEDM","1","1","","18.52","r-ZTF","2020-01-18 12:51:34.000","ZTF_AMPEL_NEW","","","2020TNSTR.177....1N","2020TNSCR.332....1D","",""
"52219","SN 2020vi","16:27:49.681","+38:23:31.88","SN II","0.0335","SDSS J162749.70+382332.7","0.032815","ALeRCE, ZTF, ATLAS, Pan-STARRS","ZTF, ATLAS, Pan-STARRS","ZTF","ATLAS, Pan-STARRS, ZTF","ZTF20aafclqz","ATLAS-HKO - ATLAS-02, ATLAS-MLO - ATLAS-01, P48 - ZTF-Cam, PS2 - GPC2","APO-3.5m - DIS","1","1","","18.0567","g-ZTF","2020-01-13 12:21:53.000","ALeRCE","","","","2020TNSCR.535....1G","",""
"52203","SN 2020uu","15:55:45.370","+29:45:28.91","SN II","0.031","","","ZTF, ATLAS, GaiaAlerts, Pan-STARRS","ZTF, ATLAS, GaiaAlerts, Pan-STARRS","ZTF","ATLAS, GaiaAlerts, Pan-STARRS, ZTF","ZTF20aafckit","ATLAS-HKO - ATLAS-02, ATLAS-MLO - ATLAS-01, Gaia - Gaia-photometric, P48 - ZTF-Cam, PS1 - GPC1","P200 - DBSP","1","1","","18.06","g-ZTF","2020-01-13 11:46:57.000","ZTF_AMPEL_NEW","","","","2020TNSCR.347....1D","",""
"52152","SN 2020sy","04:01:07.175","+31:48:46.55","SN II","0.02","WISEA J040106.60+314844.2","","ALeRCE, ZTF, ATLAS","ZTF, ATLAS","ZTF","ATLAS, ZTF","ZTF20aaetrle","ATLAS-HKO - ATLAS-02, ATLAS-MLO - ATLAS-01, P48 - ZTF-Cam","P60 - SEDM","1","1","","19.6329","g-ZTF","2020-01-11 02:43:50.000","ALeRCE","","","2020TNSTR..98....1F","2020TNSCR.262....1D","",""
"51957","SN 2020pl","01:04:56.906","+19:27:48.66","SN II","0.05","WISEA J010456.98+192744.4","","ALeRCE, ZTF, ATLAS","ZTF, ATLAS","ZTF","ATLAS, ZTF","ZTF20aaeoqqd","ATLAS-HKO - ATLAS-02, ATLAS-MLO - ATLAS-01, P48 - ZTF-Cam","P200 - DBSP","1","1","","18.673","g-ZTF","2020-01-08 02:33:33.000","ALeRCE","","","2020TNSTR..74....1F","2020TNSCR.534....1D","",""
"51885","SN 2020mt","23:07:55.411","+19:09:12.66","SN II","0.03641","","","ZTF","ZTF","ZTF","ZTF","ZTF20aaeabyu","P48 - ZTF-Cam","P60 - SEDM","1","1","","19.0714","g-ZTF","2020-01-03 02:58:42.000","ZTF_CLU_PUBLIC","","","2020TNSTR..63....1D","2020TNSCR.358....1D","",""
"51823","SN 2020ks","05:38:42.392","+81:12:31.42","SN II","0.049","","","ZTF","ZTF","ZTF","ZTF","ZTF20aaczkyw","P48 - ZTF-Cam","P200 - DBSP","1","1","","19.26","g-ZTF","2020-01-04 11:16:08.000","ZTF_AMPEL_NEW","","","2020TNSTR..62....1N","2024TNSCR3171....1P","",""
"51690","SN 2020gc","16:28:46.960","+03:51:09.36","SN II","0.0422","","","ZTF, GaiaAlerts, ATLAS","ZTF, GaiaAlerts, ATLAS","ZTF","ATLAS, GaiaAlerts, ZTF","ZTF20aaazjwc","ATLAS-HKO - ATLAS-02, ATLAS-MLO - ATLAS-01, Gaia - Gaia-photometric, P48 - ZTF-Cam","","1","1","","17.8485","g-ZTF","2020-01-03 13:09:41.000","ZTF_CLU_PUBLIC","","","2020TNSTR..63....1D","2020TNSCR.868....1D","",""
"51633","SN 2020ej","16:06:47.131","+20:32:16.83","SN II","0.03333","WISEA J160647.02+203219.9","0.033326","ALeRCE, ATLAS, YSE","ZTF, ATLAS, Pan-STARRS","ZTF","ATLAS, Pan-STARRS, ZTF","ZTF19aczkjxn","ATLAS-HKO - ATLAS-02, ATLAS-MLO - ATLAS-01, P48 - ZTF-Cam, PS1 - GPC1","P60 - SEDM","1","1","","20.0037","g-ZTF","2020-01-04 12:37:06.000","ALeRCE","","","2020TNSTR..41....1F","2020TNSCR.347....1D","",""
"51590","SN 2020cw","04:52:20.600","-18:49:09.26","SN II","0.03","","","ATLAS, ZTF, GaiaAlerts, Pan-STARRS","ATLAS, ZTF, GaiaAlerts, Pan-STARRS","ZTF","ATLAS, GaiaAlerts, Pan-STARRS, ZTF","ATLAS20apo","ATLAS-HKO - ATLAS-02, ATLAS-MLO - ATLAS-01, Gaia - Gaia-photometric, P48 - ZTF-Cam, PS1 - GPC1","P60 - SEDM","1","1","","18.974","orange-ATLAS","2020-01-03 10:39:21.000","ATLAS_Bot1","","","2020TNSTR..29....1T","2020TNSCR.161....1D","",""
"51569","SN 2020cd","13:32:56.280","+54:02:31.74","SN II","0.04","","","ATLAS, ZTF, GaiaAlerts","ATLAS, ZTF, GaiaAlerts","ZTF","ATLAS, GaiaAlerts, ZTF","ATLAS20als","ATLAS-MLO - ATLAS-01, Gaia - Gaia-photometric, P48 - ZTF-Cam","P60 - SEDM","1","1","","18.704","orange-ATLAS","2020-01-02 15:00:00.000","ATLAS_Bot1","","","2020TNSTR..29....1T","2020TNSCR.204....1D","",""
"51534","SN 2020ba","15:01:34.898","+23:14:39.71","SN II","0.05","SDSS J150134.81+231440.1","0.083","ALeRCE, ZTF, ATLAS","ZTF, ATLAS","ZTF","ATLAS, ZTF","ZTF20aabqiav","ATLAS-MLO - ATLAS-01, P48 - ZTF-Cam","P200 - DBSP","1","1","","18.1977","r-ZTF","2020-01-02 12:11:46.000","ALeRCE","","","2020TNSTR..13....1F","2020TNSCR.347....1D","",""
"51167","SN 2019zfc","03:46:55.637","+00:02:27.18","SN II","0.031","","","Pan-STARRS, ZTF","Pan-STARRS, ZTF","ZTF","Pan-STARRS, ZTF","PS19ize","CTIO-4m - DECAM, P48 - ZTF-Cam, PS2 - GPC2","P200 - DBSP","1","1","","20.89","w-P1","2019-12-28 08:13:55.000","PS2_Bot1","","","2019TNSTR2746....1C","2022TNSCR2319....1S","",""
"51140","SN 2019zeb","11:22:36.526","+48:23:05.34","SN II","0.045","","","ATLAS, ZTF","ATLAS, ZTF","ZTF","ATLAS, ZTF","ATLAS19bfkf","ATLAS-HKO - ATLAS-02, ATLAS-MLO - ATLAS-01, P48 - ZTF-Cam","P60 - SEDM","1","1","","19.283","orange-ATLAS","2019-12-29 13:55:12.000","ATLAS_Bot1","","","2019TNSTR2726....1T","2020TNSCR.452....1D","",""
"51097","SN 2019zck","03:32:01.964","+01:10:33.97","SN II","0.0406","","","ATLAS","ATLAS","ZTF","ATLAS","ATLAS19bezm","ATLAS-HKO - ATLAS-02, ATLAS-MLO - ATLAS-01","","1","1","","19.484","cyan-ATLAS","2019-12-29 07:53:45.000","ATLAS_Bot1","","","2019TNSTR2726....1T","2020TNSCR1667....1D","",""
"50988","SN 2019yyf","02:42:58.740","-00:56:59.53","SN II","0.043","","","ATLAS, ZTF, GaiaAlerts, Pan-STARRS","ATLAS, ZTF, GaiaAlerts, Pan-STARRS","ZTF","ATLAS, GaiaAlerts, Pan-STARRS, ZTF","ATLAS19beug","ATLAS-HKO - ATLAS-02, ATLAS-MLO - ATLAS-01, Gaia - Gaia-photometric, P48 - ZTF-Cam, PS2 - GPC2","APO-3.5m - DIS","1","1","","19.497","cyan-ATLAS","2019-12-29 07:14:52.000","ATLAS_Bot1","","","2019TNSTR2726....1T","2020TNSCR.205....1G","",""
"50250","SN 2019xvv","14:24:19.220","-16:22:19.34","SN II","0.022","","","GaiaAlerts, ATLAS, ZTF, Pan-STARRS","GaiaAlerts, ATLAS, ZTF, Pan-STARRS","ZTF","ATLAS, GaiaAlerts, Pan-STARRS, ZTF","Gaia19ftj","ATLAS-HKO - ATLAS-02, Gaia - Gaia-photometric, P48 - ZTF-Cam, PS1 - GPC1, PS2 - GPC2","LT - SPRAT","1","1","","17.93","G-Gaia","2019-12-25 06:38:52.000","Gaia_Bot1","","","2019TNSTR2709....1H","2020TNSCR.561....1P","",""
"50243","SN 2019xvo","03:58:22.720","+06:42:55.62","SN II","0.018373","","","Pan-STARRS, ATLAS, ZTF, GaiaAlerts","Pan-STARRS, ATLAS, ZTF, GaiaAlerts","ZTF","ATLAS, GaiaAlerts, Pan-STARRS, ZTF","PS19hwe","ATLAS-MLO - ATLAS-01, Gaia - Gaia-photometric, P48 - ZTF-Cam, PS1 - GPC1, PS2 - GPC2","P200 - DBSP","1","1","","19.69","w-P1","2019-12-24 08:39:50.000","PS1_Bot1","","","2019TNSTR2711....1C","2020TNSCR.452....1D","",""
"50203","SN 2019xua","05:00:58.550","-20:20:57.88","SN II","0.031518","","","ATLAS, Pan-STARRS, ZTF, GaiaAlerts","ATLAS, Pan-STARRS, ZTF, GaiaAlerts","ZTF","ATLAS, GaiaAlerts, Pan-STARRS, ZTF","ATLAS19bdtn","ATLAS-HKO - ATLAS-02, ATLAS-MLO - ATLAS-01, Gaia - Gaia-photometric, P48 - ZTF-Cam, PS1 - GPC1","P60 - SEDM","1","1","","18.87","cyan-ATLAS","2019-12-24 09:24:28.000","ATLAS_Bot1","","","2019TNSTR2696....1T","2020TNSCR.347....1D","",""
"49866","SN 2019xhb","00:10:10.690","-06:00:03.60","SN II","0.03","SDSS J001010.66-060003.0","0.103","ALeRCE, ATLAS, Pan-STARRS, ZTF, GaiaAlerts","ZTF, ATLAS, Pan-STARRS, GaiaAlerts","ZTF","ATLAS, GaiaAlerts, Pan-STARRS, ZTF","ZTF19adaxzax","ATLAS-MLO - ATLAS-01, Gaia - Gaia-photometric, P48 - ZTF-Cam, PS1 - GPC1, PS2 - GPC2","P60 - SEDM","1","1","","18.523","r-ZTF","2019-12-21 02:11:15.000","ALeRCE","","","2019TNSTR2663....1F","2020TNSCR..65....1D","",""
"49847","SN 2019xgi","21:55:25.490","+34:30:37.76","SN II","0.017999","","","ZTF, GaiaAlerts","ZTF, GaiaAlerts","ZTF","GaiaAlerts, ZTF","ZTF19adakmbh","Gaia - Gaia-photometric, P48 - ZTF-Cam","P200 - DBSP","1","1","","19.03","r-ZTF","2019-12-20 01:46:05.000","ZTF_AMPEL_NEW","","","2019TNSTR2668....1N","2020TNSCR..25....1D","",""
"49813","SN 2019xfa","12:00:10.920","+11:59:22.24","SN II","0.04","","","GaiaAlerts, ATLAS, ZTF, Pan-STARRS","GaiaAlerts, ATLAS, ZTF, Pan-STARRS","ZTF","ATLAS, GaiaAlerts, Pan-STARRS, ZTF","Gaia19fqd","ATLAS-MLO - ATLAS-01, Gaia - Gaia-photometric, P48 - ZTF-Cam, PS1 - GPC1","LT - SPRAT","1","1","","18.81","G-Gaia","2019-12-18 16:13:26.000","Gaia_Bot1","","","2019TNSTR2653....1H","2019TNSCR2753....1P, 2020TNSCR1500....1P","",""
"49679","SN 2019wzx","02:31:07.763","+04:18:40.75","SN II","0.0275","","","ZTF, ATLAS, Pan-STARRS","ZTF, ATLAS, Pan-STARRS","ZTF","ATLAS, Pan-STARRS, ZTF","ZTF19aczlldp","ATLAS-MLO - ATLAS-01, P48 - CFH12k, P48 - ZTF-Cam, PS2 - GPC2","LT - SPRAT","1","1","","18.6","r-ZTF","2019-12-19 02:13:36.000","ZTF_AMPEL_NEW","","","2019TNSTR2647....1N","2019TNSCR2715....1P","",""
"49576","SN 2019wvz","10:20:28.666","+50:28:04.48","SN II","0.0319","2MASS J10202902+5027597","0.031922","ALeRCE, ATLAS, Pan-STARRS","ZTF, ATLAS, Pan-STARRS","ZTF","ATLAS, Pan-STARRS, ZTF","ZTF19acytcsg","ATLAS-HKO - ATLAS-02, P48 - ZTF-Cam, PS1 - GPC1","LT - SPRAT","1","1","","18.6924","r-ZTF","2019-12-16 10:28:37.000","ALeRCE","","","2019TNSTR2613....1F","2019TNSCR2724....1P","",""
"49429","SN 2019wqj","02:11:37.080","+34:02:28.82","SN II","0.0205","","","Pan-STARRS, ATLAS, GaiaAlerts","Pan-STARRS, ATLAS, GaiaAlerts","ZTF","ATLAS, GaiaAlerts, Pan-STARRS","PS19heq","ATLAS-HKO - ATLAS-02, ATLAS-MLO - ATLAS-01, Gaia - Gaia-photometric, PS1 - GPC1, PS2 - GPC2","LT - SPRAT","1","1","","19.05","z-Sloan","2019-12-12 08:45:36.000","PS1_Bot1","","","2019TNSTR2601....1C","2019TNSCR2612....1P","",""
"49313","SN 2019wlx","14:13:06.563","+03:42:31.04","SN II","0.0258","CGCG 046-064 NED01","0.025768","ALeRCE","ZTF","ZTF","ZTF","ZTF19acxmfay","P48 - ZTF-Cam","P60 - SEDM","1","1","","17.5773","g-ZTF","2019-12-13 13:38:04.000","ALeRCE","","","2019TNSTR2587....1F","2020TNSCR..82....1D","",""
"49212","SN 2019wib","10:19:29.160","+27:53:01.39","SN II","0.050575","","","ZTF, GaiaAlerts, Pan-STARRS","ZTF, GaiaAlerts, Pan-STARRS","ZTF","GaiaAlerts, Pan-STARRS, ZTF","ZTF19acxowrr","Gaia - Gaia-photometric, P48 - ZTF-Cam, PS1 - GPC1","","1","1","","19.05","r-ZTF","2019-12-10 10:35:06.000","ZTF_AMPEL_NEW","","","2019TNSTR2571....1N","2020TNSCR1667....1D","",""
"49032","SN 2019wbd","23:20:35.172","-00:52:51.07","SN II","0.01459","UM 158","0.014568","ALeRCE, ATLAS, ZTF","ZTF, ATLAS","ZTF","ATLAS, ZTF","ZTF19acxgwvo","ATLAS-MLO - ATLAS-01, P48 - ZTF-Cam","LT - SPRAT","1","1","","17.8257","g-ZTF","2019-12-03 03:32:48.000","ALeRCE","","","2019TNSTR2508....1F","2019TNSCR2715....1P","",""
"48812","SN 2019vsr","02:01:57.720","+44:48:32.22","SN II","0.027","","","ATLAS, ZTF, GaiaAlerts","ATLAS, ZTF, GaiaAlerts","ZTF","ATLAS, GaiaAlerts, ZTF","ATLAS19bbnh","ATLAS-HKO - ATLAS-02, ATLAS-MLO - ATLAS-01, Gaia - Gaia-photometric, P48 - ZTF-Cam","LT - SPRAT","1","1","","18.554","cyan-ATLAS","2019-11-29 08:00:57.000","ATLAS_Bot1","","","2019TNSTR2477....1T","2019TNSCR2684....1T","",""
"48780","SN 2019vrl","01:23:25.830","+30:50:56.76","SN II","0.047","","","ZTF, GaiaAlerts","ZTF, GaiaAlerts","ZTF","GaiaAlerts, ZTF","ZTF19acanzwg","Gaia - Gaia-photometric, P48 - ZTF-Cam","P200 - DBSP","1","1","","20.71","r-ZTF","2019-09-23 07:10:33.000","ZTF_Bot1","","","2019TNSTR2463....1D","2019TNSCR2468....1D","",""
"48451","SN 2019vew","05:27:49.432","-05:21:39.77","SN II","0.042","","","ZTF, Pan-STARRS, ATLAS","ZTF, Pan-STARRS, ATLAS","ZTF","ATLAS, Pan-STARRS, ZTF","ZTF19acszmgx","ATLAS-HKO - ATLAS-02, ATLAS-MLO - ATLAS-01, P48 - ZTF-Cam, PS1 - GPC1, PS2 - GPC2","P60 - SEDM","1","1","","18.8","g-ZTF","2019-11-16 12:43:12.000","ZTF_Bot1","","","2019TNSTR2404....1D","2019TNSCR2407....1D","",""
"48415","SN 2019vdm","11:26:24.508","+22:37:11.09","SN II","0.0315","WISEA J112624.81+223706.9","0.031469","ALeRCE, ATLAS, ZTF, Pan-STARRS","ZTF, ATLAS, Pan-STARRS","ZTF","ALeRCE, ATLAS, Pan-STARRS, ZTF","ZTF19actnyae","ATLAS-MLO - ATLAS-01, P48 - ZTF-Cam, PS1 - GPC1","","1","1","","19.0795","g-ZTF","2019-11-18 12:33:31.000","ALeRCE","","","2019TNSTR2392....1F","2020TNSCR1667....1D","",""
"48223","SN 2019uwf","13:02:20.620","+75:24:19.73","SN II","0.031","NGC 4954","0.030961","ALeRCE, GaiaAlerts","ZTF, GaiaAlerts","ZTF","ALeRCE, GaiaAlerts","ZTF19acsbxem","Gaia - Gaia-photometric, P48 - ZTF-Cam","P200 - DBSP","1","1","","18.1042","r-ZTF","2019-11-13 12:54:40.000","ALeRCE","","","2019TNSTR2350....1F","2020TNSCR.601....1D","",""
"48131","SN 2019ust","00:54:22.420","+31:40:12.61","SN II","0.022035","","","ZTF, ATLAS, Pan-STARRS, GaiaAlerts","ZTF, ATLAS, Pan-STARRS, GaiaAlerts","ZTF","ATLAS, GaiaAlerts, Pan-STARRS, ZTF","ZTF19acryurj","ATLAS-HKO - ATLAS-02, ATLAS-MLO - ATLAS-01, Gaia - Gaia-photometric, Other - Other, P48 - ZTF-Cam, PS1 - GPC1, PS2 - GPC2","Gemini-N - GMOS, P60 - SEDM","1","1","","19.22","r-ZTF","2019-11-13 06:57:23.000","ZTF_AMPEL_NEW","","","2019TNSTR2357....1N","2019TNSCR2378....1B, 2019TNSCR2899....1D","",""
"48075","SN 2019uqp","09:14:39.935","+67:44:20.74","SN II","0.04","WISEA J071958.80+424853.9","","ALeRCE, ZTF, ATLAS","ZTF, ATLAS","ZTF","ALeRCE, ATLAS, ZTF","ZTF19acrwvao","ATLAS-HKO - ATLAS-02, ATLAS-MLO - ATLAS-01, P48 - ZTF-Cam","LT - SPRAT","1","1","","19.2312","r-ZTF","2019-11-12 11:25:04.000","ALeRCE","","","2019TNSTR2342....1B","2019TNSCR2661....1T","",""
"48055","SN 2019upv","12:54:41.696","+28:56:31.95","SN II","0.012","","","ATLAS, ZTF","ATLAS, ZTF","ZTF","ATLAS, ZTF","ATLAS19bakz","ATLAS-MLO - ATLAS-01, P48 - ZTF-Cam","P60 - SEDM","1","1","","18.58","orange-ATLAS","2019-11-10 15:11:31.000","ATLAS_Bot1","","","2019TNSTR2343....1T","2019TNSCR2399....1D","",""
"47948","SN 2019ult","23:58:47.990","+14:44:31.34","SN II","0.0274","","","ZTF, ATLAS, Pan-STARRS, GaiaAlerts","ZTF, ATLAS, Pan-STARRS, GaiaAlerts","ZTF","ATLAS, GaiaAlerts, Pan-STARRS, ZTF","ZTF19acrcxri","ATLAS-HKO - ATLAS-02, Gaia - Gaia-photometric, P48 - ZTF-Cam, PS1 - GPC1, PS2 - GPC2","P200 - DBSP","1","1","","18.73","r-ZTF","2019-11-10 02:38:36.000","ZTF_AMPEL_NEW","","","2019TNSTR2329....1N","2019TNSCR2468....1D","",""
"47940","SN 2019ull","09:35:14.422","+13:08:04.89","SN II","0.025","","","Pan-STARRS, ATLAS, ALeRCE, ZTF","Pan-STARRS, ATLAS, ZTF","ZTF","ALeRCE, ATLAS, Pan-STARRS, ZTF","PS19gla","ATLAS-HKO - ATLAS-02, ATLAS-MLO - ATLAS-01, P48 - ZTF-Cam, PS1 - GPC1","LT - SPRAT","1","1","","20.47","w-P1","2019-11-08 14:15:21.000","PS1_Bot1","","","2019TNSTR2324....1C","2019TNSCR2661....1T","",""
"47744","SN 2019udz","12:52:32.740","+33:54:16.34","SN II","0.04323","","","GaiaAlerts, ZTF, ATLAS, Pan-STARRS","GaiaAlerts, ZTF, ATLAS, Pan-STARRS","ZTF","ATLAS, GaiaAlerts, Pan-STARRS, ZTF","Gaia19exp","ATLAS-HKO - ATLAS-02, ATLAS-MLO - ATLAS-01, Gaia - Gaia-photometric, P48 - ZTF-Cam, PS2 - GPC2","P200 - DBSP","1","1","","17.9","G-Gaia","2019-11-02 19:40:48.000","Gaia_Bot1","","","2019TNSTR2264....1H","2019TNSCR2468....1D","",""
"47684","SN 2019ubr","06:25:52.312","+64:44:38.40","SN II","0.01434","","","ZTF","ZTF","ZTF","ZTF","ZTF19acnphay","P48 - ZTF-Cam","P200 - DBSP","1","1","","20.0366","r-ZTF","2019-10-16 12:50:32.000","ZTF_CLU_PUBLIC","","","2019TNSTR2258....1D","2025TNSCR.101....1T","",""
"47620","SN 2019tzf","11:40:45.764","+05:08:23.03","SN II","0.02","CGCG 040-026","0.021415","ALeRCE, ATLAS, ZTF, Pan-STARRS","ZTF, ATLAS, Pan-STARRS","ZTF","ALeRCE, ATLAS, Pan-STARRS, ZTF","ZTF19achtifr","ATLAS-HKO - ATLAS-02, ATLAS-MLO - ATLAS-01, P48 - ZTF-Cam, PS1 - GPC1, PS2 - GPC2","","1","1","","18.3401","g-ZTF","2019-11-02 12:26:54.000","ALeRCE","","","2019TNSTR2245....1F","2020TNSCR1972....1D","",""
"47615","SN 2019tza","13:14:04.670","+59:15:04.90","SN II","0.028","WISEA J131405.77+591457.7","0.02786","ALeRCE, ZTF, GaiaAlerts, ATLAS","ZTF, GaiaAlerts, ATLAS","ZTF","ALeRCE, ATLAS, GaiaAlerts, ZTF","ZTF19acmwfli","ATLAS-HKO - ATLAS-02, ATLAS-MLO - ATLAS-01, Gaia - Gaia-photometric, P48 - ZTF-Cam","P60 - SEDM","1","1","","18.5953","g-ZTF","2019-11-02 12:18:25.000","ALeRCE","","","2019TNSTR2245....1F","2019TNSCR2660....1D","",""
"47589","SN 2019tya","02:09:38.034","+01:33:06.85","SN II","0.032","","","ZTF","ZTF","ZTF","ZTF","ZTF19ablfoqa","P48 - ZTF-Cam","P200 - DBSP","1","1","","19.9979","g-ZTF","2019-08-01 10:39:18.000","ZTF_CLU_PUBLIC","","","2019TNSTR2251....1D","2025TNSCR.101....1T","",""
"47572","SN 2019txj","10:48:39.205","+76:48:05.44","SN II","0.02273","","","ZTF","ZTF","ZTF","ZTF","ZTF19aalycsv","P48 - ZTF-Cam","Keck1 - LRIS","1","1","","19.7401","r-ZTF","2019-03-14 05:21:31.000","ZTF_CLU_PUBLIC","","","2019TNSTR2251....1D","2025TNSCR.101....1T","",""
"47543","SN 2019twk","02:23:05.291","+46:52:56.66","SN II","0.0121","SDSS J022305.31+465257.1","0.014","ALeRCE, ATLAS","ZTF, ATLAS","ZTF","ALeRCE, ATLAS","ZTF19aclobbu","ATLAS-HKO - ATLAS-02, P48 - ZTF-Cam","P60 - SEDM","1","1","","18.1868","r-ZTF","2019-11-01 06:40:43.000","ALeRCE","","","2019TNSTR2238....1F","2019TNSCR2359....1D","",""
"47462","SN 2019tti","00:18:59.837","+08:46:28.31","SN II","0.01867","","","ZTF","ZTF","ZTF","ZTF","ZTF19abctzkc","P48 - ZTF-Cam","P200 - DBSP","1","1","","19.7032","r-ZTF","2019-07-01 10:48:00.000","ZTF_CLU_PUBLIC","","","2019TNSTR2235....1D","2025TNSCR.101....1T","",""
"47460","SN 2019ttg","11:24:56.301","-03:48:40.79","SN II","0.0226460006","","","ZTF","ZTF","ZTF","ZTF","ZTF19aazpzuh","P48 - ZTF-Cam","Keck1 - LRIS","1","1","","19.0591","r-ZTF","2019-06-15 05:02:24.000","ZTF_CLU_PUBLIC","","","2019TNSTR2235....1D","2024TNSCR3623....1T","",""
"47394","SN 2019tqt","11:46:09.226","+20:26:52.21","SN II","0.02386","KUG 1143+207","0.023856","ALeRCE, ZTF, ATLAS","ZTF, ATLAS","ZTF","ALeRCE, ATLAS, ZTF","ZTF19acfsbpa","ATLAS-HKO - ATLAS-02, ATLAS-MLO - ATLAS-01, P48 - ZTF-Cam","P200 - DBSP","1","1","","18.8994","r-ZTF","2019-10-29 12:21:59.000","ALeRCE","","","2019TNSTR2215....1F","2020TNSCR1972....1D","",""
"47375","SN 2019tqa","16:37:16.460","+35:58:32.23","SN II","0.03761","KUG 1635+360","0.037666","ALeRCE, ATLAS, ZTF, GaiaAlerts","ZTF, ATLAS, GaiaAlerts","ZTF","ALeRCE, ATLAS, GaiaAlerts, ZTF","ZTF19acjtpmm","ATLAS-HKO - ATLAS-02, Gaia - Gaia-photometric, P48 - ZTF-Cam","APO-3.5m - DIS","1","1","","18.6758","g-ZTF","2019-10-29 02:46:55.000","ALeRCE","","","2019TNSTR2215....1F","2020TNSCR.647....1G","",""
"47146","SN 2019thi","11:15:15.320","-27:39:11.88","SN II","0.014","","","MASTER, ATLAS, ZTF, GaiaAlerts","MASTER, ATLAS, ZTF, GaiaAlerts","ZTF","ATLAS, GaiaAlerts, MASTER, ZTF","MASTER OT J111515.29-273911.7","ATLAS-HKO - ATLAS-02, ATLAS-MLO - ATLAS-01, Gaia - Gaia-photometric, Other - Other, P48 - ZTF-Cam","P60 - SEDM","1","1","","17.5","Clear-","2019-10-23 02:37:58.000","MASTER","","","2019TNSTR2168....1P","2020TNSCR1667....1D","",""
"46980","SN 2019tba","04:55:09.840","-16:09:01.30","SN II","0.019894","","","ZTF, ALeRCE, ATLAS, Pan-STARRS, GaiaAlerts","ZTF, ATLAS, Pan-STARRS, GaiaAlerts","ZTF","ALeRCE, ATLAS, GaiaAlerts, Pan-STARRS, ZTF","ZTF19acgzwbm","ATLAS-HKO - ATLAS-02, ATLAS-MLO - ATLAS-01, Gaia - Gaia-photometric, P48 - ZTF-Cam, PS1 - GPC1","P200 - DBSP","1","1","","18.87","r-ZTF","2019-10-22 10:58:04.000","ZTF_Bot1","","","2019TNSTR2159....1F","2019TNSCR2184....1D","",""
"46941","SN 2019szo","00:19:56.651","+15:05:36.26","SN II","0.025514","UGC 00189","0.025514","ALeRCE, ATLAS, ZTF, Pan-STARRS","ZTF, ATLAS, Pan-STARRS","ZTF","ALeRCE, ATLAS, Pan-STARRS, ZTF","ZTF19acgbkzr","ATLAS-HKO - ATLAS-02, ATLAS-MLO - ATLAS-01, P48 - ZTF-Cam, PS1 - GPC1, PS2 - GPC2","P60 - SEDM","1","1","","19.0397","r-ZTF","2019-10-21 04:50:21.000","ALeRCE","","","2019TNSTR2134....1F","2019TNSCR2222....1D","",""
"46933","SN 2019szg","10:31:30.823","+12:29:35.55","SN II","0.033","CGCG 065-048","0.033246","ALeRCE, ATLAS, ZTF, Pan-STARRS","ZTF, ATLAS, Pan-STARRS","ZTF","ALeRCE, ATLAS, Pan-STARRS, ZTF","ZTF19acdkzxk","ATLAS-HKO - ATLAS-02, ATLAS-MLO - ATLAS-01, P48 - ZTF-Cam, PS1 - GPC1, PS2 - GPC2","P60 - SEDM","1","1","","18.8047","r-ZTF","2019-10-20 12:27:12.000","ALeRCE","","","2019TNSTR2134....1F","2019TNSCR2230....1D","",""
"46924","SN 2019syx","00:28:02.820","-20:44:32.32","SN II","0.045","","","ATLAS, ZTF, GaiaAlerts, Pan-STARRS","ATLAS, ZTF, GaiaAlerts, Pan-STARRS","ZTF","ATLAS, GaiaAlerts, Pan-STARRS, ZTF","ATLAS19yna","ATLAS-HKO - ATLAS-02, ATLAS-MLO - ATLAS-01, Gaia - Gaia-photometric, P48 - ZTF-Cam, PS1 - GPC1","Lick-3m - KAST","1","1","","18.811","cyan-ATLAS","2019-10-21 08:08:09.000","ATLAS_Bot1","","","2019TNSTR2135....1T","2019TNSCR2369....1B","",""
"46885","SN 2019sxl","11:29:16.891","+51:31:30.60","SN II","0.03286","","","ZTF, ATLAS, Pan-STARRS","ZTF, ATLAS, Pan-STARRS","ZTF","ATLAS, Pan-STARRS, ZTF","ZTF19aceckmm","ATLAS-HKO - ATLAS-02, ATLAS-MLO - ATLAS-01, P48 - ZTF-Cam, PS1 - GPC1","P200 - DBSP","1","1","","18.18","g-ZTF","2019-10-09 12:10:35.000","ZTF_AMPEL_COMPLETE","","","2019TNSTR2130....1N","2019TNSCR2184....1D","",""
"46751","SN 2019ssl","23:20:17.273","+35:29:35.40","SN II","0.027","UGC 12528","0.026799","ALeRCE, ATLAS, ZTF, Pan-STARRS","ZTF, ATLAS, Pan-STARRS","ZTF","ALeRCE, ATLAS, Pan-STARRS, ZTF","ZTF19acewuwn","ATLAS-HKO - ATLAS-02, ATLAS-MLO - ATLAS-01, P48 - ZTF-Cam, PS2 - GPC2","P60 - SEDM","1","1","","19.2952","r-ZTF","2019-10-18 04:51:33.000","ALeRCE","","","2019TNSTR2104....1F","2019TNSCR2184....1D","",""
"46672","SN 2019spk","10:02:54.400","-06:12:25.99","SN II","0.01","","","ATLAS, GaiaAlerts, ZTF, Pan-STARRS","ATLAS, GaiaAlerts, ZTF, Pan-STARRS","ZTF, UCSC","ATLAS, GaiaAlerts, Pan-STARRS, ZTF","ATLAS19yhh","ATLAS-MLO - ATLAS-01, Gaia - Gaia-photometric, P48 - ZTF-Cam, PS1 - GPC1, PS2 - GPC2","Lick-3m - KAST, P60 - SEDM","1","1","","17.779","orange-ATLAS","2019-10-16 15:02:52.000","ATLAS_Bot1","","","2019TNSTR2090....1T","2019TNSCR2230....1D, 2019TNSCR2877....1R","",""
"46604","SN 2019smv","11:02:16.670","+44:20:04.67","SN II","0.0246","","","ZTF, ATLAS, GaiaAlerts","ZTF, ATLAS, GaiaAlerts","ZTF","ATLAS, GaiaAlerts, ZTF","ZTF19aceckdq","ATLAS-MLO - ATLAS-01, Gaia - Gaia-photometric, P48 - ZTF-Cam","LT - SPRAT","1","1","","18.42","g-ZTF","2019-10-09 12:09:56.000","ZTF_AMPEL_NEW","","","2019TNSTR2076....1N","2019TNSCR2184....1D","",""
"46601","SN 2019sms","10:58:05.506","+40:11:19.34","SN II","0.03021","","","ZTF, ATLAS, Pan-STARRS","ZTF, ATLAS, Pan-STARRS","ZTF","ATLAS, Pan-STARRS, ZTF","ZTF19acbwccr","ATLAS-MLO - ATLAS-01, P48 - ZTF-Cam, PS1 - GPC1","P60 - SEDM","1","1","","20.08","g-ZTF","2019-10-09 12:09:17.000","ZTF_AMPEL_NEW","","","2019TNSTR2076....1N","2020TNSCR.601....1D","",""
"46474","SN 2019shx","02:32:02.850","+46:05:50.50","SN II","0.035","","","ZTF, GaiaAlerts","ZTF, GaiaAlerts","ZTF","GaiaAlerts, ZTF","ZTF19acchaza","Gaia - Gaia-photometric, P48 - ZTF-Cam","P200 - DBSP","1","1","","18.91","r-ZTF","2019-10-03 08:51:21.000","ZTF_Bot1","","","2019TNSTR2057....1F","2019TNSCR2184....1D","",""
"46462","SN 2019shl","00:07:59.711","-25:09:00.28","SN II","0.034","2MASX J00075909-2509055","0.034184","ALeRCE, ATLAS, Pan-STARRS, ZTF","ZTF, ATLAS, Pan-STARRS","ZTF","ALeRCE, ATLAS, Pan-STARRS, ZTF","ZTF19acdxkek","ATLAS-HKO - ATLAS-02, ATLAS-MLO - ATLAS-01, P48 - ZTF-Cam, PS1 - GPC1, PS2 - GPC2","P200 - DBSP","1","1","","19.0256","r-ZTF","2019-10-09 08:33:00.000","ALeRCE","","","2019TNSTR2042....1F","2019TNSCR2377....1D","",""
"46443","SN 2019sgs","16:43:55.424","+07:33:34.28","SN II","0.03","","","ZTF, Pan-STARRS","ZTF, Pan-STARRS","ZTF","Pan-STARRS, ZTF","ZTF19acduloz","P48 - ZTF-Cam, PS1 - GPC1","P60 - SEDM","1","1","","18.75","g-ZTF","2019-10-09 02:24:14.000","ZTF_AMPEL_NEW","","","2019TNSTR2048....1N","2019TNSCR2222....1D","",""
"46440","SN 2019sgp","16:28:48.446","+23:30:11.23","SN II","0.03877","","","ZTF, ATLAS","ZTF, ATLAS","ZTF","ATLAS, ZTF","ZTF19acctlps","ATLAS-HKO - ATLAS-02, ATLAS-MLO - ATLAS-01, P48 - ZTF-Cam","P60 - SEDM","1","1","","19.43","r-ZTF","2019-10-05 02:52:09.000","ZTF_AMPEL_NEW","","","2019TNSTR2048....1N","2020TNSCR2149....1D","",""
"46095","SN 2019rtl","09:49:41.866","+15:24:20.08","SN II","0.026","","","ZTF, ATLAS, Pan-STARRS","ZTF, ATLAS, Pan-STARRS","ZTF","ATLAS, Pan-STARRS, ZTF","ZTF19acaqqke","ATLAS-HKO - ATLAS-02, ATLAS-MLO - ATLAS-01, P48 - ZTF-Cam, PS2 - GPC2","P200 - DBSP","1","1","","18.54","r-ZTF","2019-10-02 12:37:26.000","ZTF_Bot1","","","2019TNSTR1983....1F","2019TNSCR2050....1D","",""
"46050","SN 2019rrs","09:37:08.612","+09:27:55.55","SN II","0.022","","","ZTF, ATLAS, Pan-STARRS","ZTF, ATLAS, Pan-STARRS","ZTF","ATLAS, Pan-STARRS, ZTF","ZTF19acbihxh","ATLAS-MLO - ATLAS-01, P48 - ZTF-Cam, PS1 - GPC1","P200 - DBSP","1","1","","19.36","g-ZTF","2019-10-02 12:05:17.000","ZTF_AMPEL_NEW","","","2019TNSTR1974....1N","2019TNSCR2039....1D","",""
"46049","SN 2019rrr","10:22:35.200","+43:50:56.04","SN II","0.018","","","ZTF, GaiaAlerts, ATLAS, Pan-STARRS","ZTF, GaiaAlerts, ATLAS, Pan-STARRS","ZTF","ATLAS, GaiaAlerts, Pan-STARRS, ZTF","ZTF19acaqqxo","ATLAS-HKO - ATLAS-02, ATLAS-MLO - ATLAS-01, Gaia - Gaia-photometric, P48 - ZTF-Cam, PS1 - GPC1","P60 - SEDM","1","1","","18.71","g-ZTF","2019-10-02 12:07:54.000","ZTF_AMPEL_NEW","","","2019TNSTR1974....1N","2019TNSCR1979....1D","",""
"46040","SN 2019rri","17:39:01.264","+24:46:19.37","SN II","0.0511","2MASS J17390100+2446180","","ALeRCE, ATLAS, ZTF","ZTF, ATLAS","ZTF","ALeRCE, ATLAS, ZTF","ZTF19acbwilc","ATLAS-MLO - ATLAS-01, P48 - ZTF-Cam","P200 - DBSP","1","1","","18.6654","g-ZTF","2019-10-02 03:05:02.000","ALeRCE","","","2019TNSTR1962....1F","2019TNSCR2184....1D","",""
"46015","SN 2019rqk","09:18:06.189","+13:28:16.07","SN II","0.029","","","ZTF, Pan-STARRS","ZTF, Pan-STARRS","ZTF","Pan-STARRS, ZTF","ZTF19abzzuyl","P48 - ZTF-Cam, PS1 - GPC1","P200 - DBSP","1","1","","19.4","g-ZTF","2019-09-23 12:07:12.000","ZTF_Bot1","","","2019TNSTR1973....1F","2019TNSCR2050....1D","",""
"45992","SN 2019rpn","21:19:41.199","+37:31:19.46","SN II","0.026","","","ZTF","ZTF","ZTF","ZTF","ZTF19acbpqlh","P48 - ZTF-Cam","P200 - DBSP","1","1","","20.36","g-ZTF","2019-10-01 04:01:04.000","Robert Stein","","","2019TNSTR1959....1S","2025TNSCR.101....1T","",""
"45965","SN 2019rom","23:57:04.959","-07:21:36.92","SN II","0.03","SDSS J235704.95-072137.4","0.273","ALeRCE, ATLAS, ZTF, Pan-STARRS","ZTF, ATLAS, Pan-STARRS","ZTF","ALeRCE, ATLAS, Pan-STARRS, ZTF","ZTF19acbrzzr","ATLAS-MLO - ATLAS-01, P48 - ZTF-Cam, PS1 - GPC1","P60 - SEDM","1","1","","19.0331","r-ZTF","2019-10-01 07:03:45.000","ALeRCE","","","2019TNSTR1953....1F","2019TNSCR2063....1D","",""
"45942","SN 2019rnp","08:10:01.645","+29:01:52.08","SN II","0.048","","","ZTF, ATLAS, Pan-STARRS","ZTF, ATLAS, Pan-STARRS","ZTF","ATLAS, Pan-STARRS, ZTF","ZTF19acbmxky","ATLAS-HKO - ATLAS-02, P48 - ZTF-Cam, PS1 - GPC1","P200 - DBSP","1","1","","18.33","g-ZTF","2019-09-30 11:16:42.000","ZTF_AMPEL_NEW","","","2019TNSTR1958....1N","2019TNSCR2230....1D","",""
"45919","SN 2019rms","09:00:45.376","+19:44:42.44","SN II","0.0369","","","Pan-STARRS, ZTF, ATLAS","Pan-STARRS, ZTF, ATLAS","ZTF","ATLAS, Pan-STARRS, ZTF","PS19fsa","ATLAS-HKO - ATLAS-02, ATLAS-MLO - ATLAS-01, P48 - ZTF-Cam, PS1 - GPC1","P60 - SEDM","1","1","","19.02","w-P1","2019-09-29 14:28:19.000","PS1_Bot1","","","2019TNSTR1951....1C","2019TNSCR2078....1D","",""
"45726","SN 2019rfi","06:10:00.930","-22:40:05.20","SN II","0.038","LEDA 810636","","ZTF, GaiaAlerts","ZTF, GaiaAlerts","ZTF","GaiaAlerts, ZTF","","Gaia - Gaia-photometric, GOTO-N - GOTO-1, P48 - ZTF-Cam","P60 - SEDM","1","1","","18.3","L-GOTO","2019-09-21 05:53:54.000","Yik Lun Mong","","","2019TNSTR1930....1M","2019TNSCR1985....1D","",""
"45348","SN 2019qqw","02:21:57.671","+28:28:11.63","SN II","0.037","","","ZTF, Pan-STARRS","ZTF, Pan-STARRS","ZTF","Pan-STARRS, ZTF","ZTF19abzqwpr","P48 - ZTF-Cam, PS1 - GPC1","P60 - SEDM","1","1","","18.85","g-ZTF","2019-09-20 09:22:52.000","ZTF_AMPEL_NEW","","","2019TNSTR1895....1N","2019TNSCR1991....1D","",""
"45134","SN 2019qiq","23:44:56.094","-04:16:33.14","SN II","0.0294","","","Pan-STARRS, ZTF","Pan-STARRS, ZTF","ZTF","Pan-STARRS, ZTF","PS19fco","P48 - ZTF-Cam, PS1 - GPC1","Keck1 - LRIS","1","1","","20.45","i-Sloan","2019-09-18 09:57:36.000","PS1_Bot1","","","2019TNSTR1859....1C","2025TNSCR.101....1T","",""
"45127","SN 2019qij","08:21:37.457","+40:51:48.54","SN II","0.1066","","","ZTF, ATLAS","ZTF, ATLAS","ZTF","ATLAS, ZTF","ZTF19abzrdup","ATLAS-MLO - ATLAS-01, P48 - ZTF-Cam","P200 - DBSP","1","1","","19.4","r-ZTF","2019-09-19 11:41:13.000","ZTF_AMPEL_NEW","","","2019TNSTR1863....1N","2020TNSCR1935....1D","",""
"45064","SN 2019qfz","08:35:25.400","+23:31:39.61","SN II","0.022","","","ATLAS, ZTF, Pan-STARRS","ATLAS, ZTF, Pan-STARRS","ZTF","ATLAS, Pan-STARRS, ZTF","ATLAS19vdd","ATLAS-HKO - ATLAS-02, P48 - ZTF-Cam, PS2 - GPC2","P60 - SEDM","1","1","","18.332","orange-ATLAS","2019-09-17 14:36:57.000","ATLAS_Bot1","","","2019TNSTR1841....1T","2019TNSCR1856....1S, 2019TNSCR2862....1F","",""
"44967","SN 2019qch","18:29:13.810","+41:02:32.35","SN II","0.024","GALEXASC J182913.97+410227.7","","ALeRCE, ATLAS, ZTF, GaiaAlerts, Pan-STARRS","ZTF, ATLAS, GaiaAlerts, Pan-STARRS","ZTF","ALeRCE, ATLAS, GaiaAlerts, Pan-STARRS, ZTF","ZTF19abyuzch","ATLAS-HKO - ATLAS-02, Gaia - Gaia-photometric, P48 - ZTF-Cam, PS1 - GPC1","P60 - SEDM","1","1","","19.8719","r-ZTF","2019-09-14 06:26:41.000","ALeRCE","","","2019TNSTR1823....1F","2019TNSCR1923....1F","",""
"44933","SN 2019qba","15:37:44.700","+22:25:36.48","SN II","0.02482","","","GaiaAlerts, ZTF, ATLAS","GaiaAlerts, ZTF, ATLAS","ZTF","ATLAS, GaiaAlerts, ZTF","Gaia19ebl","ATLAS-HKO - ATLAS-02, ATLAS-MLO - ATLAS-01, Gaia - Gaia-photometric, P48 - ZTF-Cam","P60 - SEDM","1","1","","18.96","G-Gaia","2019-09-11 15:50:24.000","Gaia_Bot1","","","2019TNSTR1818....1H","2019TNSCR2050....1D","",""
"44899","SN 2019pzt","15:35:27.150","+72:39:19.22","SN II","0.05","","","ZTF, GaiaAlerts","ZTF, GaiaAlerts","ZTF","GaiaAlerts, ZTF","ZTF19abwamby","Gaia - Gaia-photometric, P48 - ZTF-Cam","P200 - DBSP","1","1","","18.54","r-ZTF","2019-09-12 03:35:42.000","ZTF_AMPEL_NEW","","","2019TNSTR1815....1N","2019TNSCR1923....1F","",""
"44628","SN 2019ppi","08:55:35.401","+49:09:37.10","SN II","0.052","","","ZTF, ATLAS, Pan-STARRS","ZTF, ATLAS, Pan-STARRS","ZTF","ATLAS, Pan-STARRS, ZTF","ZTF19abxvtmn","ATLAS-HKO - ATLAS-02, ATLAS-MLO - ATLAS-01, P48 - ZTF-Cam, PS1 - GPC1","P60 - SEDM","1","1","","19.14","g-ZTF","2019-09-07 11:49:45.000","ZTF_AMPEL_NEW","","","2019TNSTR1763....1N","2019TNSCR2050....1D","",""
"44579","SN 2019pnl","04:18:50.680","-08:56:15.43","SN II","0.038","APMUKS(BJ) B041626.21-090329.4","","ALeRCE, ATLAS, ZTF, GaiaAlerts, Pan-STARRS","ZTF, ATLAS, GaiaAlerts, Pan-STARRS","ZTF","ALeRCE, ATLAS, GaiaAlerts, Pan-STARRS, ZTF","ZTF19abwsagv","ATLAS-HKO - ATLAS-02, Gaia - Gaia-photometric, P48 - ZTF-Cam, PS1 - GPC1","P60 - SEDM","1","1","","18.9751","r-ZTF","2019-09-06 12:01:50.000","ALeRCE","","","2019TNSTR1750....1F","2019TNSCR1808....1F","",""
"44578","SN 2019pnk","03:15:25.900","-19:21:34.63","SN II","0.068077","2MASX J03152576-1921344","0.068077","ALeRCE, ZTF, GaiaAlerts","ZTF, GaiaAlerts","ZTF","ALeRCE, GaiaAlerts, ZTF","ZTF19abxnycf","Gaia - Gaia-photometric, P48 - ZTF-Cam","","1","1","","19.2129","r-ZTF","2019-09-06 11:31:13.000","ALeRCE","","","2019TNSTR1750....1F","2020TNSCR1667....1D","",""
"44497","SN 2019pkh","02:19:27.420","+34:04:55.24","SN II","0.02","","","ZTF, GaiaAlerts, ATLAS","ZTF, GaiaAlerts, ATLAS","ZTF","ATLAS, GaiaAlerts, ZTF","ZTF19abuzinv","ATLAS-HKO - ATLAS-02, ATLAS-MLO - ATLAS-01, Gaia - Gaia-photometric, P48 - ZTF-Cam","P200 - DBSP","1","1","","19.65","r-ZTF","2019-09-01 11:39:35.000","ZTF_AMPEL_NEW","","","2019TNSTR1732....1N","2019TNSCR1923....1F","",""
"44356","SN 2019pfd","21:08:40.460","-02:50:16.61","SN II","0.037079","SDSS J210841.29-025003.8","0.04","ALeRCE, ATLAS, ZTF, Pan-STARRS","ZTF, ATLAS, Pan-STARRS","ZTF","ALeRCE, ATLAS, Pan-STARRS, ZTF","ZTF19abvdbyx","ATLAS-HKO - ATLAS-02, P48 - ZTF-Cam, PS1 - GPC1","P60 - SEDM","1","1","","19.3021","g-ZTF","2019-09-01 06:18:44.000","ALeRCE","","","2019TNSTR1684....1F","2019TNSCR1923....1F","",""
"44226","SN 2019pad","15:03:44.220","-03:17:47.11","SN II","0.021","","","ZTF, ATLAS, GaiaAlerts","ZTF, ATLAS, GaiaAlerts","ZTF","ATLAS, GaiaAlerts, ZTF","ZTF19abtuflm","ATLAS-HKO - ATLAS-02, Gaia - Gaia-photometric, P48 - ZTF-Cam","P200 - DBSP","1","1","","18.43","r-ZTF","2019-08-28 03:19:41.000","ZTF_AMPEL_NEW","","","2019TNSTR1682....1N","2019TNSCR1961....1D","",""
"44190","SN 2019oyt","07:14:29.234","+61:17:22.54","SN II","0.02","","","ZTF, ATLAS, Pan-STARRS","ZTF, ATLAS, Pan-STARRS","ZTF","ATLAS, Pan-STARRS, ZTF","ZTF19abqyoxt","ATLAS-HKO - ATLAS-02, ATLAS-MLO - ATLAS-01, P48 - ZTF-Cam, PS1 - GPC1","P60 - SEDM","1","1","","18.73","r-ZTF","2019-08-21 11:47:02.000","ZTF_Bot1","","","2019TNSTR1661....1F","2019TNSCR1724....1F","",""
"44179","SN 2019oyi","05:24:02.760","-26:22:11.03","SN II","0.03427","","","ATLAS, GaiaAlerts, ZTF, Pan-STARRS","ATLAS, GaiaAlerts, ZTF, Pan-STARRS","ZTF","ATLAS, GaiaAlerts, Pan-STARRS, ZTF","ATLAS19tux","ATLAS-HKO - ATLAS-02, ATLAS-MLO - ATLAS-01, Gaia - Gaia-photometric, P48 - ZTF-Cam, PS1 - GPC1, PS2 - GPC2","P60 - SEDM","1","1","","18.637","orange-ATLAS","2019-08-28 14:51:21.000","ATLAS_Bot1","","","2019TNSTR1655....1T","2019TNSCR2026....1D","",""
"44153","SN 2019oxi","03:26:48.180","-14:28:59.70","SN II","0.056659","2MASX J03264827-1428508","0.056659","ALeRCE, ATLAS, ZTF, GaiaAlerts","ZTF, ATLAS, GaiaAlerts","ZTF","ALeRCE, ATLAS, GaiaAlerts, ZTF","ZTF19abukakm","ATLAS-HKO - ATLAS-02, ATLAS-MLO - ATLAS-01, Gaia - Gaia-photometric, P48 - ZTF-Cam","APO-3.5m - DIS","1","1","","18.9028","g-ZTF","2019-08-29 11:02:03.000","ALeRCE","","","2019TNSTR1653....1F","2019TNSCR2050....1D","",""
"44108","SN 2019ovq","04:10:18.740","+13:24:14.80","SN II","0.02","SDSS J041018.60+132409.0","0.002","ALeRCE, ATLAS, ZTF, Pan-STARRS, GaiaAlerts","ZTF, ATLAS, Pan-STARRS, GaiaAlerts","ZTF","ALeRCE, ATLAS, GaiaAlerts, Pan-STARRS, ZTF","ZTF19abudjie","ATLAS-HKO - ATLAS-02, ATLAS-MLO - ATLAS-01, Gaia - Gaia-photometric, P48 - ZTF-Cam, PS1 - GPC1, PS2 - GPC2","UH88 - SNIFS","1","1","","19.3659","g-ZTF","2019-08-28 11:58:41.000","ALeRCE","","","2019TNSTR1647....1F","2019TNSCR1854....1D","",""
"43892","SN 2019onk","13:32:46.988","+41:51:51.46","SN II","0.03","","","ZTF","ZTF","ZTF","ZTF","ZTF19abqmurd","P48 - ZTF-Cam","","1","1","","19.73","g-ZTF","2019-08-20 03:47:57.000","ZTF_AMPEL_NEW","","","2019TNSTR1620....1N","2020TNSCR1972....1D","",""
"43871","SN 2019omp","17:20:34.313","+51:37:58.01","SN II","0.045","2MASS J17214461+5135215","","ALeRCE, ZTF","ZTF","ZTF","ALeRCE, ZTF","ZTF19abrlvij","P48 - ZTF-Cam","P200 - DBSP","1","1","","19.5744","g-ZTF","2019-08-24 06:59:53.000","ALeRCE","","","2019TNSTR1599....1F","2020TNSCR1972....1D","",""
"43636","SN 2019odo","23:10:02.496","+09:28:07.02","SN II","0.04","","","ZTF, Pan-STARRS, ATLAS","ZTF, Pan-STARRS, ATLAS","ZTF","ATLAS, Pan-STARRS, ZTF","ZTF19abqwsuf","ATLAS-HKO - ATLAS-02, ATLAS-MLO - ATLAS-01, P48 - ZTF-Cam, PS1 - GPC1, PS2 - GPC2","P60 - SEDM","1","1","","19.36","r-ZTF","2019-08-17 09:01:42.000","ZTF_AMPEL_NEW","","","2019TNSTR1585....1N","2019TNSCR1632....1F","",""
"43484","SN 2019nxs","02:22:34.610","-19:11:34.09","SN II","0.055","","","ZTF, ATLAS, Pan-STARRS","ZTF, ATLAS, Pan-STARRS","ZTF","ATLAS, Pan-STARRS, ZTF","ZTF19abpxiff","ATLAS-HKO - ATLAS-02, ATLAS-MLO - ATLAS-01, P48 - ZTF-Cam, PS1 - GPC1","P60 - SEDM","1","1","","18.95","r-ZTF","2019-08-17 10:30:33.000","ZTF_AMPEL_NEW","","","2019TNSTR1555....1N","2019TNSCR1785....1F","",""
"43233","SN 2019noj","05:03:55.090","+05:55:11.68","SN II","0.038043","","","GaiaAlerts, ZTF, Pan-STARRS","GaiaAlerts, ZTF, Pan-STARRS","ZTF","GaiaAlerts, Pan-STARRS, ZTF","Gaia19dnq","Gaia - Gaia-photometric, P48 - ZTF-Cam, PS1 - GPC1","P60 - SEDM","1","1","","18.76","G-Gaia","2019-08-14 17:08:09.000","Gaia_Bot1","","","2019TNSTR1498....1H","2019TNSCR1766....1F","",""
"43123","SN 2019nkd","14:20:51.680","+50:31:22.91","SN II","0.04457","","","ZTF, ATLAS, GaiaAlerts","ZTF, ATLAS, GaiaAlerts","ZTF","ATLAS, GaiaAlerts, ZTF","ZTF19abovstj","ATLAS-HKO - ATLAS-02, Gaia - Gaia-photometric, P48 - ZTF-Cam","P60 - SEDM","1","1","","19.04","r-ZTF","2019-08-10 03:46:01.000","ZTF_AMPEL_NEW","","","2019TNSTR1486....1N","2019TNSCR1632....1F","",""
"42875","SN 2019nap","15:26:49.567","+35:57:11.35","SN II","0.564","","","Pan-STARRS, ZTF, ATLAS","Pan-STARRS, ZTF, ATLAS","ZTF","ATLAS, Pan-STARRS, ZTF","PS19ejd","ATLAS-HKO - ATLAS-02, ATLAS-MLO - ATLAS-01, P48 - ZTF-Cam, PS1 - GPC1","Lick-3m - KAST","1","1","","19.62","i-Sloan","2019-08-09 07:17:45.000","PS1_Bot1","","","2019TNSTR1465....1C","2019TNSCR1845....1D","",""
"42620","SN 2019mqv","02:51:37.839","-16:39:38.89","SN II","0.031","","","ZTF","ZTF","ZTF","ZTF","ZTF19abmtpvz","P48 - ZTF-Cam","P60 - SEDM","1","1","","19.7","g-ZTF","2019-08-03 11:04:31.000","ZTF_AMPEL_NEW","","","2019TNSTR1419....1N","2019TNSCR1481....1D","",""
"42564","SN 2019mor","15:38:38.057","+36:57:31.10","SN II","0.02","","","ZTF, Pan-STARRS, ATLAS","ZTF, Pan-STARRS, ATLAS","ZTF","ATLAS, Pan-STARRS, ZTF","ZTF19abjsmmv","ATLAS-MLO - ATLAS-01, P48 - ZTF-Cam, PS1 - GPC1, PS2 - GPC2","P60 - SEDM","1","1","","19.71","g-ZTF","2019-07-30 05:24:00.000","ZTF_Bot1","","","2019TNSTR1418....1F","2019TNSCR1487....1D","",""
"42460","SN 2019mkr","17:11:05.780","+05:51:07.38","SN II","0.0224","UGC 10738","","ALeRCE, ATLAS, GaiaAlerts","ZTF, ATLAS, GaiaAlerts","ZTF","ATLAS, GaiaAlerts","ZTF19abjrjdw","ATLAS-MLO - ATLAS-01, Gaia - Gaia-photometric, P48 - ZTF-Cam","P60 - SEDM","1","1","","18.1289","i-ZTF","2019-08-03 04:04:30.000","ALeRCE","","","2019TNSTR1403....1F","2019TNSCR1481....1D","",""
"42225","SN 2019mbr","04:04:08.710","-01:07:27.70","SN II","0.032","","","ZTF, GaiaAlerts, Pan-STARRS","ZTF, GaiaAlerts, Pan-STARRS","ZTF","GaiaAlerts, Pan-STARRS, ZTF","ZTF19abkfxfb","Gaia - Gaia-photometric, P48 - ZTF-Cam, PS2 - GPC2","P60 - SEDM","1","1","","18.22","g-ZTF","2019-07-30 11:07:20.000","ZTF_AMPEL_NEW","","","2019TNSTR1370....1N","2019TNSCR1489....1D","",""
"42224","SN 2019mbq","00:43:20.486","-25:53:02.16","SN II","0.1008","","","ZTF, Pan-STARRS, ATLAS","ZTF, Pan-STARRS, ATLAS","ZTF","ATLAS, Pan-STARRS, ZTF","ZTF19abkfmjp","ATLAS-HKO - ATLAS-02, P48 - ZTF-Cam, PS1 - GPC1","P200 - DBSP, P60 - SEDM","1","1","","19.04","g-ZTF","2019-07-30 11:01:19.000","ZTF_AMPEL_NEW","","","2019TNSTR1370....1N","2019TNSCR1674....1F, 2019TNSCR2853....1F","",""
"42172","SN 2019lzq","14:43:05.111","+08:47:26.03","SN II","0.04","","","ATLAS, ZTF, Pan-STARRS","ATLAS, ZTF, Pan-STARRS","ZTF","ATLAS, Pan-STARRS, ZTF","ATLAS19qot","ATLAS-HKO - ATLAS-02, ATLAS-MLO - ATLAS-01, P48 - ZTF-Cam, PS1 - GPC1","P60 - SEDM","1","1","","18.538","cyan-ATLAS","2019-07-30 06:56:09.000","ATLAS_Bot1","","","2019TNSTR1362....1T","2019TNSCR1487....1D","",""
"42028","SN 2019lud","15:39:48.522","+32:28:03.18","SN II","0.04942","","","ATLAS, ZTF","ATLAS, ZTF","ZTF","ATLAS, ZTF","ATLAS19pvr","ATLAS-MLO - ATLAS-01, P48 - ZTF-Cam","P200 - DBSP","1","1","","18.566","orange-ATLAS","2019-07-25 10:27:50.000","ATLAS_Bot1","","","2019TNSTR1327....1T","2019TNSCR1774....1F","",""
"42024","SN 2019ltz","00:25:43.860","-20:13:01.06","SN II","0.0542","","","ATLAS, ZTF, GaiaAlerts, Pan-STARRS","ATLAS, ZTF, GaiaAlerts, Pan-STARRS","ZTF","ATLAS, GaiaAlerts, Pan-STARRS, ZTF","ATLAS19pva","ATLAS-HKO - ATLAS-02, Gaia - Gaia-photometric, P48 - ZTF-Cam, PS1 - GPC1","Lick-3m - KAST","1","1","","19.074","orange-ATLAS","2019-07-25 14:03:50.000","ATLAS_Bot1","","","2019TNSTR1327....1T","2019TNSCR1854....1D","",""
"41980","SN 2019lsh","22:52:58.521","+00:26:50.57","SN II","0.052117","","","ATLAS, ZTF, Pan-STARRS","ATLAS, ZTF, Pan-STARRS","ZTF","ATLAS, Pan-STARRS, ZTF","ATLAS19ppl","ATLAS-MLO - ATLAS-01, P48 - ZTF-Cam, PS1 - GPC1","","1","1","","18.375","orange-ATLAS","2019-07-24 13:23:31.000","ATLAS_Bot1","","","2019TNSTR1310....1T","2019TNSCR1774....1F","",""
"41860","SN 2019lnt","22:36:55.955","-22:13:15.37","SN II","0.035","","","ZTF","ZTF","ZTF","ZTF","ZTF19abegzry","P48 - ZTF-Cam","P60 - SEDM","1","1","","17.99","r-ZTF","2019-07-09 10:39:50.000","ZTF_AMPEL_COMPLETE","","","2019TNSTR1295....1N","2019TNSCR1372....1D","",""
"41851","SN 2019lnl","17:02:06.390","+32:59:51.97","SN II","0.035","","","Pan-STARRS, ATLAS, ZTF, GaiaAlerts","Pan-STARRS, ATLAS, ZTF, GaiaAlerts","ZTF","ATLAS, GaiaAlerts, Pan-STARRS, ZTF","PS19duy","ATLAS-MLO - ATLAS-01, Gaia - Gaia-photometric, P48 - ZTF-Cam, PS1 - GPC1","P60 - SEDM","1","1","","19.14","i-Sloan","2019-07-20 09:47:31.000","PS1_Bot1","","","2019TNSTR1289....1C","2019TNSCR1774....1F","",""
"41780","SN 2019lkx","03:41:02.920","+34:39:07.52","SN II","0.01","","","ZTF, ATLAS, GaiaAlerts, Pan-STARRS","ZTF, ATLAS, GaiaAlerts, Pan-STARRS","ZTF","ATLAS, GaiaAlerts, Pan-STARRS, ZTF","ZTF19abgiwkt","ATLAS-HKO - ATLAS-02, Gaia - Gaia-photometric, P48 - ZTF-Cam, PS1 - GPC1, PS2 - GPC2","P60 - SEDM","1","1","","17.75","r-ZTF","2019-07-14 10:39:00.000","ZTF_AMPEL_NEW","","","2019TNSTR1287....1N","2019TNSCR1391....1D","",""
"41695","SN 2019lhq","03:52:03.520","+07:05:59.46","SN II","0.029","","","GaiaAlerts, ATLAS, ZTF, Pan-STARRS","GaiaAlerts, ATLAS, ZTF, Pan-STARRS","ZTF","ATLAS, GaiaAlerts, Pan-STARRS, ZTF","Gaia19cyz","ATLAS-HKO - ATLAS-02, ATLAS-MLO - ATLAS-01, Gaia - Gaia-photometric, P48 - ZTF-Cam, PS1 - GPC1","P60 - SEDM","1","1","","17.84","G-Gaia","2019-07-03 21:51:50.000","Gaia_Bot1","","","2019TNSTR1278....1H","2019TNSCR1431....1D","",""
"41622","SN 2019lev","01:22:57.570","+29:41:08.83","SN II","0.06","","","ZTF, ATLAS, Pan-STARRS","ZTF, ATLAS, Pan-STARRS","ZTF","ATLAS, Pan-STARRS, ZTF","ZTF19abgmkef","ATLAS-MLO - ATLAS-01, P48 - ZTF-Cam, PS1 - GPC1","P60 - SEDM","1","1","","18.93","g-ZTF","2019-07-15 10:59:43.000","ZTF_AMPEL_NEW","","","2019TNSTR1275....1N","2019TNSCR1391....1D","",""
"41544","SN 2019lbv","12:52:41.577","+22:59:50.19","SN II","0.0318","","","ZTF, ATLAS","ZTF, ATLAS","ZTF","ATLAS, ZTF","ZTF19abgbdcp","ATLAS-HKO - ATLAS-02, ATLAS-MLO - ATLAS-01, P48 - ZTF-Cam","","1","1","","17.68","g-ZTF","2019-07-13 04:24:03.000","ZTF_AMPEL_NEW","","","2019TNSTR1202....1N","2020TNSCR1667....1D","",""
"41531","SN 2019lbi","12:40:21.119","+01:16:26.39","SN II","0.013","","","ATLAS, ZTF, Pan-STARRS","ATLAS, ZTF, Pan-STARRS","ZTF","ATLAS, Pan-STARRS, ZTF","ATLAS19pbu","ATLAS-MLO - ATLAS-01, P48 - ZTF-Cam, PS1 - GPC1, PS2 - GPC2","P60 - SEDM","1","1","","17.129","orange-ATLAS","2019-07-12 06:12:57.000","ATLAS_Bot1","","","2019TNSTR1189....1T","2019TNSCR1302....1D","",""
"41173","SN 2019knu","03:17:52.702","-07:18:11.48","SN II","0.03","2MASS J03175281-0718048","0.017062","ASAS-SN, ATLAS, ZTF, Pan-STARRS","ASAS-SN, ATLAS, ZTF, Pan-STARRS","ZTF","ASAS-SN, ATLAS, Pan-STARRS, ZTF","ASASSN-19qx","ASASSN-2 - Cassius, ASASSN-3 - Paczynski, ATLAS-HKO - ATLAS-02, ATLAS-MLO - ATLAS-01, P48 - ZTF-Cam, PS2 - GPC2","P60 - SEDM","1","1","","17","g-Sloan","2019-07-05 09:36:00.000","Krzysztof Stanek","","","2019TNSTR1150....1S","2019TNSCR1380....1D","",""
"41013","SN 2019khq","17:50:41.757","+14:49:26.37","SN II","0.01356","","","Pan-STARRS, ZTF","Pan-STARRS, ZTF","ZTF","Pan-STARRS, ZTF","PS19did","P48 - ZTF-Cam, PS1 - GPC1","P200 - DBSP","1","1","","19.85","w-P1","2019-07-02 07:29:16.000","PS1_Bot1","","","2019TNSTR1146....1C","2025TNSCR.101....1T","",""
"40998","SN 2019khb","02:00:30.900","+37:03:03.10","SN II","0.098","","","ZTF, GaiaAlerts, ATLAS, Pan-STARRS","ZTF, GaiaAlerts, ATLAS, Pan-STARRS","ZTF","ATLAS, GaiaAlerts, Pan-STARRS, ZTF","ZTF19abdkgwo","ATLAS-HKO - ATLAS-02, ATLAS-MLO - ATLAS-01, Gaia - Gaia-photometric, P48 - ZTF-Cam, PS1 - GPC1","P60 - SEDM","1","1","","19.16","r-ZTF","2019-07-03 10:47:13.000","ZTF_AMPEL_NEW","","","2019TNSTR1134....1N","2019TNSCR1193....1F","",""
"40936","SN 2019kes","21:52:08.169","-23:21:50.54","SN II","0.037","","","Pan-STARRS, ATLAS, ZTF","Pan-STARRS, ATLAS, ZTF","ZTF","ATLAS, Pan-STARRS, ZTF","PS19dhx","ATLAS-HKO - ATLAS-02, P48 - ZTF-Cam, PS1 - GPC1","P60 - SEDM","1","1","","20.42","w-P1","2019-07-01 12:15:50.000","PS1_Bot1","","","2019TNSTR1132....1C","2019TNSCR1325....1D","",""
"40824","SN 2019kal","00:20:00.644","+16:23:27.47","SN II","0.05","","","ATLAS, ZTF, Pan-STARRS","ATLAS, ZTF, Pan-STARRS","ZTF","ATLAS, Pan-STARRS, ZTF","ATLAS19ogq","ATLAS-HKO - ATLAS-02, ATLAS-MLO - ATLAS-01, P48 - ZTF-Cam, PS1 - GPC1","P60 - SEDM","1","1","","19.195","orange-ATLAS","2019-07-01 13:06:14.000","ATLAS_Bot1","","","2019TNSTR1111....1T","2019TNSCR1273....1F","",""
"40811","SN 2019jzy","22:50:04.970","+21:02:03.44","SN II","0.047","","","ZTF, ATLAS, Pan-STARRS, GaiaAlerts","ZTF, ATLAS, Pan-STARRS, GaiaAlerts","ZTF","ATLAS, GaiaAlerts, Pan-STARRS, ZTF","ZTF19abbxykm","ATLAS-HKO - ATLAS-02, ATLAS-MLO - ATLAS-01, Gaia - Gaia-photometric, P48 - ZTF-Cam, PS1 - GPC1, PS2 - GPC2","P60 - SEDM","1","1","","19.71","r-ZTF","2019-06-27 10:17:49.000","ZTF_AMPEL_COMPLETE","","","2019TNSTR1116....1N","2019TNSCR1273....1F","",""
"40781","SN 2019jyu","00:22:38.689","-00:09:28.72","SN II","0.134","","","ZTF","ZTF","ZTF","ZTF","ZTF19abcejsg","P48 - ZTF-Cam","P60 - SEDM","1","1","","18.93","r-ZTF","2019-06-28 10:38:28.000","ZTF_AMPEL_COMPLETE","","","2019TNSTR1116....1N","2019TNSCR1372....1D","",""
"40315","SN 2019jgw","03:06:18.550","+01:11:46.72","SN II","0.02838","","","GaiaAlerts, ATLAS, ZTF, Pan-STARRS","GaiaAlerts, ATLAS, ZTF, Pan-STARRS","ZTF","ATLAS, GaiaAlerts, Pan-STARRS, ZTF","Gaia19css","ATLAS-HKO - ATLAS-02, ATLAS-MLO - ATLAS-01, Gaia - Gaia-photometric, P48 - ZTF-Cam, PS1 - GPC1, PS2 - GPC2","P60 - SEDM","1","1","","18.3","G-Gaia","2019-06-28 14:05:16.000","Gaia_Bot1","","","2019TNSTR1106....1D","2019TNSCR1489....1D","",""
"39663","SN 2019ihw","21:30:57.372","-21:12:48.89","SN II","0.0325","","","ZTF","ZTF","ZTF","ZTF","ZTF19aazlpel","P48 - ZTF-Cam","P200 - DBSP","1","1","","19.19","g-ZTF","2019-06-27 10:06:40.000","ZTF_AMPEL_COMPLETE","","","2019TNSTR1095....1N","2019TNSCR1273....1F","",""
"39653","SN 2019ihm","22:07:10.380","+25:14:32.46","SN II","0.025","","","ZTF, GaiaAlerts, Pan-STARRS, ATLAS","ZTF, GaiaAlerts, Pan-STARRS, ATLAS","ZTF","ATLAS, GaiaAlerts, Pan-STARRS, ZTF","ZTF19abatvzs","ATLAS-HKO - ATLAS-02, ATLAS-MLO - ATLAS-01, Gaia - Gaia-photometric, P48 - ZTF-Cam, PS1 - GPC1","APO-3.5m - DIS","1","1","","18.48","g-ZTF","2019-06-24 11:09:10.000","ZTF_AMPEL_NEW","","","2019TNSTR1095....1N","2019TNSCR1277....1F","",""
"39603","SN 2019igd","14:10:44.126","-06:13:02.67","SN II","0.0363","","","ZTF","ZTF","ZTF","ZTF","ZTF19abanayw","P48 - ZTF-Cam","P200 - DBSP","1","1","","19.7","g-ZTF","2019-06-24 04:08:43.000","ZTF_AMPEL_NEW","","","2019TNSTR1089....1N","2019TNSCR1774....1F","",""
"39479","SN 2019ibk","01:46:11.130","-16:17:04.49","SN II","0.040164","","","GaiaAlerts, ATLAS, ZTF, Pan-STARRS","GaiaAlerts, ATLAS, ZTF, Pan-STARRS","ZTF","ATLAS, GaiaAlerts, Pan-STARRS, ZTF","Gaia19cpc","ATLAS-HKO - ATLAS-02, ATLAS-MLO - ATLAS-01, Gaia - Gaia-photometric, P48 - ZTF-Cam, PS1 - GPC1, PS2 - GPC2","P60 - SEDM","1","1","","18.94","G-Gaia","2019-06-23 14:24:00.000","Gaia_Bot1","","","2019TNSTR1070....1D","2019TNSCR1402....1D","",""
"39318","SN 2019hvg","14:06:01.580","+12:46:50.42","SN II","0.01765","","","ZTF, ATLAS","ZTF, ATLAS","ZTF","ATLAS, ZTF","ZTF19abacxod","ATLAS-HKO - ATLAS-02, ATLAS-MLO - ATLAS-01, P48 - ZTF-Cam","P60 - SEDM","1","1","","18.59","r-ZTF","2019-06-20 04:33:48.000","ZTF_AMPEL_NEW","","","2019TNSTR1045....1N","2019TNSCR1098....1F","",""
"39303","SN 2019hur","15:25:45.010","-03:39:29.74","SN II","0.037","","","ZTF, ATLAS, GaiaAlerts","ZTF, ATLAS, GaiaAlerts","ZTF","ATLAS, GaiaAlerts, ZTF","ZTF19aaxkhxw","ATLAS-MLO - ATLAS-01, Gaia - Gaia-photometric, P48 - ZTF-Cam","P60 - SEDM","1","1","","18.94","r-ZTF","2019-06-05 06:02:43.000","ZTF_AMPEL_COMPLETE","","","2019TNSTR1038....1N","2019TNSCR1098....1F","",""
"39221","SN 2019hro","01:18:41.460","+43:26:01.50","SN II","0.02","","","GaiaAlerts, ZTF","GaiaAlerts, ZTF","ZTF","GaiaAlerts, ZTF","Gaia19cjl","Gaia - Gaia-photometric, P48 - ZTF-Cam","P60 - SEDM","1","1","","18.39","G-Gaia","2019-06-15 13:19:12.000","Gaia_Bot1","","","2019TNSTR1023....1D","2019TNSCR1090....1F","",""
"39208","SN 2019hrb","20:54:12.083","+10:33:01.20","SN II","0.015064","","","ZTF, ATLAS","ZTF, ATLAS","ZTF","ATLAS, ZTF","ZTF19aayrosj","ATLAS-HKO - ATLAS-02, ATLAS-MLO - ATLAS-01, P48 - ZTF-Cam","P60 - SEDM","1","1","","18.22","r-ZTF","2019-06-10 11:04:28.000","ZTF_AMPEL_COMPLETE","","","2019TNSTR1025....1N","2019TNSCR1067....1F","",""
"39193","SN 2019hqm","17:36:56.190","+21:06:17.06","SN II","0.023893","","","ZTF, ATLAS, Pan-STARRS, GaiaAlerts","ZTF, ATLAS, Pan-STARRS, GaiaAlerts","ZTF","ATLAS, GaiaAlerts, Pan-STARRS, ZTF","ZTF19aazudta","ATLAS-HKO - ATLAS-02, Gaia - Gaia-photometric, P48 - ZTF-Cam, PS1 - GPC1","P60 - SEDM","1","1","","18.89","g-ZTF","2019-06-16 07:35:06.000","ZTF_AMPEL_NEW","","","2019TNSTR1025....1N","2019TNSCR1067....1F","",""
"39190","SN 2019hqj","20:40:04.912","+06:42:35.15","SN II","0.05","","","ZTF, ATLAS","ZTF, ATLAS","ZTF","ATLAS, ZTF","ZTF19aazuqyt","ATLAS-MLO - ATLAS-01, P48 - ZTF-Cam","P200 - DBSP","1","1","","19.33","r-ZTF","2019-06-13 09:02:14.000","ZTF_AMPEL_NEW","","","2019TNSTR1025....1N","2024TNSCR3152....1P","",""
"39176","SN 2019hpv","22:38:44.666","+37:36:03.46","SN II","0.034033","","","ZTF, ATLAS, Pan-STARRS","ZTF, ATLAS, Pan-STARRS","ZTF","ATLAS, Pan-STARRS, ZTF","ZTF19aazfvhh","ATLAS-HKO - ATLAS-02, ATLAS-MLO - ATLAS-01, P48 - ZTF-Cam, PS1 - GPC1","P60 - SEDM","1","1","","19.87","r-ZTF","2019-06-12 11:15:30.000","ZTF_AMPEL_NEW","","","2019TNSTR1021....1N","2019TNSCR1098....1F","",""
"39127","SN 2019hnz","11:38:17.450","+16:20:59.39","SN II","0.04","","","ZTF, ATLAS","ZTF, ATLAS","ZTF","ATLAS, ZTF","ZTF19aazpvdy","ATLAS-HKO - ATLAS-02, P48 - ZTF-Cam","P60 - SEDM","1","1","","18.05","g-ZTF","2019-06-15 04:12:25.000","ZTF_AMPEL_NEW","","","2019TNSTR1015....1N","2019TNSCR1128....1F","",""
"39009","SN 2019hjl","10:42:29.540","+05:04:59.66","SN II","0.02811","","","ATLAS, GaiaAlerts, ZTF","ATLAS, GaiaAlerts, ZTF","ZTF","ATLAS, GaiaAlerts, ZTF","ATLAS19mwa","ATLAS-HKO - ATLAS-02, ATLAS-MLO - ATLAS-01, Gaia - Gaia-photometric, P48 - ZTF-Cam","P60 - SEDM","1","1","","17.871","orange-ATLAS","2019-06-12 05:54:14.000","ATLAS_Bot1","","","2019TNSTR.992....1T","2019TNSCR1040....1F","",""
"38948","SN 2019hhc","11:21:04.026","+31:14:57.86","SN II","0.02373","","","ZTF, ATLAS, Pan-STARRS","ZTF, ATLAS, Pan-STARRS","ZTF","ATLAS, Pan-STARRS, ZTF","ZTF19aaydpiq","ATLAS-HKO - ATLAS-02, ATLAS-MLO - ATLAS-01, P48 - ZTF-Cam, PS1 - GPC1","P60 - SEDM","1","1","","18.4","g-ZTF","2019-06-08 04:07:40.000","ZTF_Bot1","","","2019TNSTR.988....1F","2019TNSCR1029....1F","",""
"38939","SN 2019hgu","00:50:24.886","-12:05:42.59","SN II","0.021","","","ATLAS, ZTF, Pan-STARRS","ATLAS, ZTF, Pan-STARRS","ZTF","ATLAS, Pan-STARRS, ZTF","ATLAS19mml","ATLAS-HKO - ATLAS-02, ATLAS-MLO - ATLAS-01, P48 - ZTF-Cam, PS1 - GPC1, PS2 - GPC2","P60 - SEDM","1","1","","17.648","orange-ATLAS","2019-06-10 13:50:52.000","ATLAS_Bot1","","","2019TNSTR.967....1T","2019TNSCR1273....1F","",""
"38822","SN 2019hci","11:16:03.355","-00:31:55.99","SN II","0.025804","","","ATLAS, ZTF, GaiaAlerts","ATLAS, ZTF, GaiaAlerts","ZTF","ATLAS, GaiaAlerts, ZTF","ATLAS19mgr","ATLAS-HKO - ATLAS-02, ATLAS-MLO - ATLAS-01, Gaia - Gaia-photometric, P48 - ZTF-Cam","P60 - SEDM","1","1","","18.771","cyan-ATLAS","2019-06-08 06:37:26.000","ATLAS_Bot1","","","2019TNSTR.956....1T","2019TNSCR1029....1F","",""
"38698","SN 2019gxo","11:28:58.417","+22:05:22.54","SN II","0.0215","","","ZTF, ATLAS","ZTF, ATLAS","ZTF","ATLAS, ZTF","ZTF19aavqics","ATLAS-HKO - ATLAS-02, P48 - ZTF-Cam","P60 - SEDM","1","1","","17.88","r-ZTF","2019-05-30 04:03:24.000","ZTF_AMPEL_NEW","","","2019TNSTR.937....1N","2019TNSCR.940....1F","",""
"38669","SN 2019gwl","20:56:52.707","-16:35:08.77","SN II","0.030741","","","ZTF, AMPEL","ZTF","ZTF","AMPEL, ZTF","ZTF19aawlgne","P48 - ZTF-Cam","P60 - SEDM","1","1","","19.15","g-ZTF","2019-06-01 11:33:50.000","ZTF_AMPEL_NEW","","","2019TNSTR.930....1N","2019TNSCR1029....1F","",""
"38404","SN 2019gmh","16:31:03.170","+41:09:14.33","SN II","0.030666","","","ZTF, ATLAS, GaiaAlerts, Pan-STARRS","ZTF, ATLAS, GaiaAlerts, Pan-STARRS","ZTF","ATLAS, GaiaAlerts, Pan-STARRS, ZTF","ZTF19aawgxdn","ATLAS-MLO - ATLAS-01, Gaia - Gaia-photometric, P48 - ZTF-Cam, PS2 - GPC2","P60 - SEDM","1","1","","18.78","r-ZTF","2019-06-01 05:17:02.000","ZTF_AMPEL_NEW","","","2019TNSTR.900....1N","2019TNSCR.903....1G, 2019TNSCR2823....1F","",""
"38285","SN 2019ght","20:19:39.478","-10:12:38.68","SN II","0.047","","","ZTF","ZTF","ZTF","ZTF","ZTF19aawfkeg","P48 - ZTF-Cam","Lick-3m - KAST","1","1","","19.3","r-ZTF","2019-05-31 08:05:08.000","ZTF_AMPEL_NEW","","","2019TNSTR.891....1N","2019TNSCR1854....1D","",""
"38148","SN 2019gcn","11:48:43.946","+21:00:55.74","SN II","0.026","","","ZTF, ATLAS","ZTF, ATLAS","ZTF","ATLAS, ZTF","ZTF19aavnuur","ATLAS-HKO - ATLAS-02, ATLAS-MLO - ATLAS-01, P48 - ZTF-Cam","P60 - SEDM","1","1","","19.55","g-ZTF","2019-05-30 04:28:35.000","ZTF_AMPEL_NEW","","","2019TNSTR.882....1N","2019TNSCR1040....1F","",""
"38121","SN 2019gbm","15:57:42.261","+27:00:11.40","SN II","0.083443","","","ZTF, Pan-STARRS","ZTF, Pan-STARRS","ZTF","Pan-STARRS, ZTF","ZTF19aavjlkx","P48 - ZTF-Cam, PS1 - GPC1","APO-3.5m - DIS","1","1","","18.79","g-ZTF","2019-05-29 07:25:18.000","ZTF_AMPEL_NEW","","","2019TNSTR.874....1N","2019TNSCR1128....1F","",""
"38051","SN 2019fyw","13:07:18.442","+02:00:11.57","SN II","0.01943","CGCG 016-002","0.01943","ASAS-SN, ATLAS, ZTF, GaiaAlerts","ASAS-SN, ATLAS, ZTF, GaiaAlerts","ZTF","ASAS-SN, ATLAS, GaiaAlerts, ZTF","ASASSN-19nm","ASASSN-1 - Brutus, ASASSN-5 - Payne-Gaposchkin, ATLAS-HKO - ATLAS-02, ATLAS-MLO - ATLAS-01, Gaia - Gaia-photometric, P48 - ZTF-Cam","P60 - SEDM","1","1","","17.7","g-Sloan","2019-05-25 07:40:48.000","Patrick Vallely","","","2019TNSTR.849....1N","2019TNSCR.940....1F","",""
"37939","SN 2019fuo","15:31:43.388","+16:42:49.34","SN II","0.05","","","ATLAS, ZTF, Pan-STARRS","ATLAS, ZTF, Pan-STARRS","ZTF","ATLAS, Pan-STARRS, ZTF","ATLAS19lgx","ATLAS-HKO - ATLAS-02, ATLAS-MLO - ATLAS-01, P48 - ZTF-Cam, PS1 - GPC1","P60 - SEDM","1","1","","18.487","orange-ATLAS","2019-05-22 10:06:14.000","ATLAS_Bot1","","","2019TNSTR.837....1T","2019TNSCR.940....1F","",""
"37672","SN 2019fkl","12:27:00.879","+62:09:49.80","SN II","0.028","","","ZTF, ATLAS, GaiaAlerts, Pan-STARRS","ZTF, ATLAS, GaiaAlerts, Pan-STARRS","ZTF","ATLAS, GaiaAlerts, Pan-STARRS, ZTF","ZTF19aavbjfp","ATLAS-HKO - ATLAS-02, ATLAS-MLO - ATLAS-01, Gaia - Gaia-photometric, P48 - ZTF-Cam, PS1 - GPC1","P60 - SEDM","1","1","","18.33","r-ZTF","2019-05-16 04:46:01.000","ZTF_AMPEL_NEW","","","2019TNSTR.798....1N","2019TNSCR.940....1F","",""
"37614","SN 2019fif","17:07:16.990","+40:27:57.88","SN II","0.03","","","ZTF, GaiaAlerts, ATLAS, Pan-STARRS","ZTF, GaiaAlerts, ATLAS, Pan-STARRS","ZTF","ATLAS, GaiaAlerts, Pan-STARRS, ZTF","ZTF19aatmgjs","ATLAS-HKO - ATLAS-02, ATLAS-MLO - ATLAS-01, Gaia - Gaia-photometric, P48 - ZTF-Cam, PS1 - GPC1, PS2 - GPC2","P60 - SEDM","1","1","","18.7","r-ZTF","2019-05-03 07:26:22.000","ZTF_AMPEL_COMPLETE","","","2019TNSTR.779....1N","2019TNSCR.790....1F","",""
"37602","SN 2019fht","19:57:00.132","+09:42:06.03","SN II","0.028","","","ZTF","ZTF","ZTF","ZTF","ZTF19aasmddt","P48 - ZTF-Cam","P200 - DBSP","1","1","","19.12","r-ZTF","2019-05-04 09:15:50.000","ZTF_Bot1","","","2019TNSTR.778....1F","2019TNSCR.799....1F","",""
"37544","SN 2019ffn","19:47:41.923","+74:59:54.01","SN II","0.026","","","ZTF, ATLAS","ZTF, ATLAS","ZTF","ATLAS, ZTF","ZTF19aauxxgk","ATLAS-HKO - ATLAS-02, ATLAS-MLO - ATLAS-01, P48 - ZTF-Cam","P60 - SEDM","1","1","","18.85","r-ZTF","2019-05-14 08:21:51.000","ZTF_AMPEL_NEW","","","2019TNSTR.779....1N","2019TNSCR.952....1F","",""
"37523","SN 2019fes","10:16:05.080","+60:25:17.62","SN II","0.03084","","","ZTF, ATLAS, GaiaAlerts","ZTF, ATLAS, GaiaAlerts","ZTF","ATLAS, GaiaAlerts, ZTF","ZTF19aauvbqv","ATLAS-HKO - ATLAS-02, ATLAS-MLO - ATLAS-01, Gaia - Gaia-photometric, P48 - ZTF-Cam","P60 - SEDM","1","1","","18.83","r-ZTF","2019-05-14 04:16:08.000","ZTF_AMPEL_NEW","","","2019TNSTR.779....1N","2019TNSCR.991....1F","",""
"37458","SN 2019fci","13:27:49.221","+27:43:46.24","SN II","0.0433","","","ZTF, ATLAS","ZTF, ATLAS","ZTF","ATLAS, ZTF","ZTF19aauisdr","ATLAS-HKO - ATLAS-02, ATLAS-MLO - ATLAS-01, P48 - ZTF-Cam","P60 - SEDM","1","1","","19.36","r-ZTF","2019-05-09 05:55:03.000","ZTF_AMPEL_NEW","","","2019TNSTR.771....1N","2019TNSCR.892....1F","",""
"37279","SN 2019evl","13:31:01.266","+34:09:12.62","SN II","0.0226","","","ZTF, ATLAS","ZTF, ATLAS","ZTF","ATLAS, ZTF","ZTF19aauishy","ATLAS-HKO - ATLAS-02, ATLAS-MLO - ATLAS-01, P48 - ZTF-Cam","P60 - SEDM","1","1","","19.26","g-ZTF","2019-05-09 05:54:16.000","ZTF_AMPEL_NEW","","","2019TNSTR.737....1N","2019TNSCR.790....1F","",""
"37201","SN 2019esn","14:51:56.120","+51:15:51.14","SN II","0.02702","IC 1074","0.025921","SNHunt, Pan-STARRS, ZTF","SNHunt, Pan-STARRS, ZTF","ZTF","CRTS, Pan-STARRS, SNHunt, ZTF","","Other - Other, P48 - ZTF-Cam, PS1 - GPC1","P200 - DBSP","1","1","","19.9","V-crts-CRTS","2019-05-05 06:43:55.000","Andrew Drake","","","2019TNSTR.719....1V","2025TNSCR.101....1T","",""
"37091","SN 2019eoh","13:03:49.350","+38:17:20.94","SN II","0.05007","","","ZTF, ATLAS, GaiaAlerts, Pan-STARRS","ZTF, ATLAS, GaiaAlerts, Pan-STARRS","ZTF","ATLAS, GaiaAlerts, Pan-STARRS, ZTF","ZTF19aatqzim","ATLAS-HKO - ATLAS-02, ATLAS-MLO - ATLAS-01, Gaia - Gaia-photometric, P48 - ZTF-Cam, PS1 - GPC1","P60 - SEDM","1","1","","20.54","g-ZTF","2019-05-03 09:39:56.000","ZTF_AMPEL_NEW","","","2019TNSTR.712....1N","2019TNSCR.940....1F","",""
"37088","SN 2019eoe","13:19:02.078","+45:01:34.86","SN II","0.06037","","","ZTF","ZTF","ZTF","ZTF","ZTF18aaqkdwu","P48 - ZTF-Cam","P60 - SEDM","1","1","","19.19","r-ZTF","2019-05-03 09:38:37.000","ZTF_AMPEL_NEW","","","2019TNSTR.712....1N","2019TNSCR.799....1F","",""
"37079","SN 2019env","09:09:35.630","+29:58:14.52","SN II","0.0235","","","ATLAS, ZTF","ATLAS, ZTF","ZTF","ATLAS, ZTF","ATLAS19ims","ATLAS-HKO - ATLAS-02, ATLAS-MLO - ATLAS-01, P48 - ZTF-Cam","P60 - SEDM","1","1","","18.601","cyan-ATLAS","2019-05-04 07:35:02.000","ATLAS_Bot1","","","2019TNSTR.704....1T","2019TNSCR1098....1F","",""
"36985","SN 2019ekj","16:17:30.730","+50:42:58.54","SN II","0.04","","","ATLAS, ZTF, Pan-STARRS, GaiaAlerts","ATLAS, ZTF, Pan-STARRS, GaiaAlerts","ZTF","ATLAS, GaiaAlerts, Pan-STARRS, ZTF","ATLAS19igg","ATLAS-HKO - ATLAS-02, ATLAS-MLO - ATLAS-01, Gaia - Gaia-photometric, P48 - ZTF-Cam, PS1 - GPC1","LT - SPRAT","1","1","","17.473","cyan-ATLAS","2019-05-01 12:38:52.000","ATLAS_Bot1","","","2019TNSTR.696....1T","2019TNSCR.875....1F","",""
"36970","SN 2019eju","14:14:05.279","+13:55:12.18","SN II","0.0785","","","ZTF, Pan-STARRS, ATLAS","ZTF, Pan-STARRS, ATLAS","ZTF","ATLAS, Pan-STARRS, ZTF","ZTF19aatlqdf","ATLAS-HKO - ATLAS-02, P48 - ZTF-Cam, PS1 - GPC1","P200 - DBSP","1","1","","20","r-ZTF","2019-04-29 06:53:36.000","ZTF_AMPEL_NEW","","","2019TNSTR.699....1N","2019TNSCR1277....1F","",""
"36958","SN 2019eji","17:14:26.020","+19:48:39.42","SN II","0.055","","","ZTF, ATLAS, GaiaAlerts","ZTF, ATLAS, GaiaAlerts","ZTF","ATLAS, GaiaAlerts, ZTF","ZTF19aathllr","ATLAS-HKO - ATLAS-02, ATLAS-MLO - ATLAS-01, Gaia - Gaia-photometric, P48 - ZTF-Cam","P60 - SEDM","1","1","","19.6","r-ZTF","2019-05-02 10:05:04.000","ZTF_AMPEL_NEW","","","2019TNSTR.692....1N","2019TNSCR.892....1F","",""
"36817","SN 2019edy","12:41:38.670","-09:09:55.84","SN II","0.035905","","","ATLAS, ZTF, Pan-STARRS, GaiaAlerts","ATLAS, ZTF, Pan-STARRS, GaiaAlerts","ZTF","ATLAS, GaiaAlerts, Pan-STARRS, ZTF","ATLAS19iaf","ATLAS-MLO - ATLAS-01, Gaia - Gaia-photometric, P48 - ZTF-Cam, PS1 - GPC1","P60 - SEDM","1","1","","18.684","orange-ATLAS","2019-04-27 09:44:38.000","ATLAS_Bot1","","","2019TNSTR.644....1T","2019TNSCR.892....1F","",""
"36699","SN 2019dzk","17:13:21.949","-09:57:52.08","SN II","0.024","","","ZTF, ATLAS","ZTF, ATLAS","ZTF","ATLAS, ZTF","ZTF19aarykkb","ATLAS-HKO - ATLAS-02, ATLAS-MLO - ATLAS-01, P48 - ZTF-Cam","LDT - Deveny-LMI","1","1","","19.11","g-ZTF","2019-04-25 10:26:24.000","ZTF_Bot1","","","2019TNSTR.634....1F","2020TNSCR1935....1D","",""
"36638","SN 2019dxd","10:54:41.822","-21:04:01.09","SN II","0.01249","","","ATLAS, ZTF, GaiaAlerts","ATLAS, ZTF, GaiaAlerts","ZTF","ATLAS, GaiaAlerts, ZTF","ATLAS19htt","ATLAS-HKO - ATLAS-02, ATLAS-MLO - ATLAS-01, Gaia - Gaia-photometric, P48 - ZTF-Cam","P60 - SEDM","1","1","","18.822","orange-ATLAS","2019-04-24 07:46:33.000","ATLAS_Bot1","","","2019TNSTR.627....1T","2019TNSCR.799....1F","",""
"36605","SN 2019dvw","15:59:46.598","+37:02:01.29","SN II","0.0321","","","ZTF, ATLAS","ZTF, ATLAS","ZTF","ATLAS, ZTF","ZTF19aapafqd","ATLAS-HKO - ATLAS-02, ATLAS-MLO - ATLAS-01, P48 - ZTF-Cam","P200 - DBSP","1","1","","19.19","r-ZTF","2019-04-07 09:18:58.000","ZTF_AMPEL_COMPLETE","","","2019TNSTR.623....1N","2019TNSCR.747....1F","",""
"36586","SN 2019dvd","12:31:06.890","+00:27:54.65","SN II","0.02138","","","ATLAS, ZTF, Pan-STARRS, GaiaAlerts","ATLAS, ZTF, Pan-STARRS, GaiaAlerts","ZTF","ATLAS, GaiaAlerts, Pan-STARRS, ZTF","ATLAS19htk","ATLAS-MLO - ATLAS-01, Gaia - Gaia-photometric, P48 - ZTF-Cam, PS1 - GPC1","P60 - SEDM","1","1","","18.923","orange-ATLAS","2019-04-23 10:06:14.000","ATLAS_Bot1","","","2019TNSTR.620....1T","2019TNSCR.733....1F","",""
"36406","SN 2019dok","13:46:51.756","+16:16:53.73","SN II","0.01931","","","ZTF, ATLAS, Pan-STARRS","ZTF, ATLAS, Pan-STARRS","ZTF","ATLAS, Pan-STARRS, ZTF","ZTF19aaqxosb","ATLAS-HKO - ATLAS-02, ATLAS-MLO - ATLAS-01, P48 - ZTF-Cam, PS1 - GPC1","P60 - SEDM","1","1","","18.54","g-ZTF","2019-04-18 06:28:48.000","ZTF_Bot1","","","2019TNSTR.593....1F","2019TNSCR.598....1F","",""
"36370","SN 2019dna","21:05:23.810","+19:44:34.30","SN II","0.016408","","","GaiaAlerts, ZTF, ATLAS","GaiaAlerts, ZTF, ATLAS","ZTF","ATLAS, GaiaAlerts, ZTF","Gaia19bim","ATLAS-HKO - ATLAS-02, ATLAS-MLO - ATLAS-01, Gaia - Gaia-photometric, P48 - ZTF-Cam","P60 - SEDM","1","1","","18.44","G-Gaia","2019-04-10 03:57:36.000","Gaia_Bot1","","","2019TNSTR.577....1D","2019TNSCR.636....1F","",""
"36268","SN 2019dje","15:01:09.389","+35:30:28.41","SN II","0.04974","","","ATLAS, ZTF, Pan-STARRS","ATLAS, ZTF, Pan-STARRS","ZTF","ATLAS, Pan-STARRS, ZTF","ATLAS19elo","ATLAS-HKO - ATLAS-02, ATLAS-MLO - ATLAS-01, P48 - ZTF-Cam, PS1 - GPC1","P60 - SEDM","1","1","","19.273","orange-ATLAS","2019-03-29 12:20:09.000","ATLAS_Bot1","","","2019TNSTR.555....1T","2019TNSCR.790....1F","",""
"36237","SN 2019dhz","13:32:40.012","-20:36:19.36","SN II","0.034","","","ATLAS, ZTF, Pan-STARRS","ATLAS, ZTF, Pan-STARRS","ZTF","ATLAS, Pan-STARRS, ZTF","ATLAS19giz","ATLAS-HKO - ATLAS-02, ATLAS-MLO - ATLAS-01, P48 - ZTF-Cam, PS1 - GPC1","P60 - SEDM","1","1","","19.521","cyan-ATLAS","2019-04-04 11:26:52.000","ATLAS_Bot1","","","2019TNSTR.545....1T","2019TNSCR.670....1F","",""
"36166","SN 2019dfh","08:06:36.931","+04:11:23.82","SN II","0.0475","","","ZTF, ATLAS","ZTF, ATLAS","ZTF","ATLAS, ZTF","ZTF19aapcnzi","ATLAS-HKO - ATLAS-02, ATLAS-MLO - ATLAS-01, P48 - ZTF-Cam","","1","1","","19.44","g-ZTF","2019-04-08 04:32:56.000","ZTF_AMPEL_NEW","","","2019TNSTR.548....1N","2020TNSCR1573....1D","",""
"36142","SN 2019dek","15:57:14.032","+28:27:53.29","SN II","0.03","","","ZTF, Pan-STARRS, ATLAS","ZTF, Pan-STARRS, ATLAS","ZTF","ATLAS, Pan-STARRS, ZTF","ZTF19aapbfot","ATLAS-HKO - ATLAS-02, ATLAS-MLO - ATLAS-01, P48 - ZTF-Cam, PS1 - GPC1","P60 - SEDM","1","1","","18.86","g-ZTF","2019-04-07 11:59:30.000","ZTF_AMPEL_NEW","","","2019TNSTR.543....1N","2019TNSCR.581....1F","",""
"35917","SN 2019cwb","14:24:11.199","-13:42:24.38","SN II","0.0374","","","ATLAS, ZTF","ATLAS, ZTF","ZTF","ATLAS, ZTF","ATLAS19esq","ATLAS-HKO - ATLAS-02, ATLAS-MLO - ATLAS-01, P48 - ZTF-Cam","P200 - DBSP","1","1","","18.649","orange-ATLAS","2019-04-03 12:12:57.000","ATLAS_Bot1","","","2019TNSTR.512....1T","2019TNSCR1277....1F","",""
"35794","SN 2019crl","06:07:22.329","+44:39:21.99","SN II","0.025","","","ATLAS, ZTF","ATLAS, ZTF","ZTF","ATLAS, ZTF","ATLAS19elu","ATLAS-HKO - ATLAS-02, P48 - ZTF-Cam","P60 - SEDM","1","1","","18.612","orange-ATLAS","2019-03-30 06:17:16.000","ATLAS_Bot1","","","2019TNSTR.482....1T","2019TNSCR.551....1F","",""
"35793","SN 2019crk","10:10:31.695","+10:02:37.09","SN II","0.03167","","","ZTF, ATLAS","ZTF, ATLAS","ZTF","ATLAS, ZTF","ZTF19aanfnvl","ATLAS-HKO - ATLAS-02, ATLAS-MLO - ATLAS-01, P48 - ZTF-Cam","P60 - SEDM","1","1","","18.23","g-ZTF","2019-03-25 06:29:51.000","ZTF_AMPEL_COMPLETE","","","2019TNSTR.486....1N","2019TNSCR.446....1F","",""
"35744","SN 2019cpo","15:48:06.098","+66:54:08.95","SN II","0.035","","","ZTF, ATLAS","ZTF, ATLAS","ZTF","ATLAS, ZTF","ZTF19aanovps","ATLAS-HKO - ATLAS-02, ATLAS-MLO - ATLAS-01, P48 - ZTF-Cam","P60 - SEDM","1","1","","18.6","r-ZTF","2019-03-26 05:47:55.000","ZTF_AMPEL_COMPLETE","","","2019TNSTR.477....1N","2019TNSCR.551....1F","",""
"35705","SN 2019cob","09:31:58.482","+15:23:42.66","SN II","0.07","","","ATLAS, ZTF","ATLAS, ZTF","ZTF","ATLAS, ZTF","ATLAS19elc","ATLAS-HKO - ATLAS-02, ATLAS-MLO - ATLAS-01, P48 - ZTF-Cam","P200 - DBSP","1","1","","18.839","orange-ATLAS","2019-03-27 09:02:52.000","ATLAS_Bot1","","","2019TNSTR.466....1T","2020TNSCR1410....1D","",""
"35676","SN 2019cmy","15:08:50.841","+40:42:49.40","SN II","0.0314","","","ZTF, ATLAS","ZTF, ATLAS","ZTF","ATLAS, ZTF","ZTF19aanpcep","ATLAS-HKO - ATLAS-02, ATLAS-MLO - ATLAS-01, P48 - ZTF-Cam","P60 - SEDM","1","1","","18.14","g-ZTF","2019-03-30 08:11:42.000","ZTF_AMPEL_NEW","","","2019TNSTR.464....1N","2019TNSCR.490....1F","",""
"35664","SN 2019cmm","11:18:07.278","+75:08:50.90","SN II","0.0232","","","ZTF, ATLAS","ZTF, ATLAS","ZTF","ATLAS, ZTF","ZTF19aanqzle","ATLAS-HKO - ATLAS-02, ATLAS-MLO - ATLAS-01, P48 - ZTF-Cam","Keck1 - LRIS","1","1","","19.32","g-ZTF","2019-03-30 06:23:13.000","ZTF_AMPEL_NEW","","","2019TNSTR.464....1N","2025TNSCR.101....1T","",""
"35595","SN 2019cjx","15:35:14.620","+15:18:31.61","SN II","0.03","","","GaiaAlerts, ZTF, ATLAS, Pan-STARRS","GaiaAlerts, ZTF, ATLAS, Pan-STARRS","ZTF","ATLAS, GaiaAlerts, Pan-STARRS, ZTF","Gaia19bch","ATLAS-HKO - ATLAS-02, ATLAS-MLO - ATLAS-01, Gaia - Gaia-photometric, P48 - ZTF-Cam, PS1 - GPC1","P60 - SEDM","1","1","","18.75","G-Gaia","2019-03-24 14:51:21.000","Gaia_Bot1","","","2019TNSTR.439....1D","2019TNSCR.526....1F","",""
"35430","SN 2019cem","13:16:36.304","+35:30:57.78","SN II","0.04468","","","ZTF, ATLAS, Pan-STARRS","ZTF, ATLAS, Pan-STARRS","ZTF","ATLAS, Pan-STARRS, ZTF","ZTF19aamtwiz","ATLAS-HKO - ATLAS-02, ATLAS-MLO - ATLAS-01, P48 - ZTF-Cam, PS1 - GPC1","P60 - SEDM","1","1","","18.75","g-ZTF","2019-03-25 06:38:52.000","ZTF_Bot1","","","2019TNSTR.443....1F","2019TNSCR.446....1F","",""
"35424","SN 2019ceg","16:27:51.639","+62:41:32.57","SN II","0.03","","","ZTF, GaiaAlerts, Pan-STARRS, ATLAS","ZTF, GaiaAlerts, Pan-STARRS, ATLAS","ZTF","ATLAS, GaiaAlerts, Pan-STARRS, ZTF","ZTF19aaniore","ATLAS-MLO - ATLAS-01, Gaia - Gaia-photometric, P48 - ZTF-Cam, PS1 - GPC1","P60 - SEDM","1","1","","19.29","r-ZTF","2019-03-25 11:33:40.000","ZTF_AMPEL_NEW","","","2019TNSTR.436....1N","2019TNSCR.498....1F","",""
"35385","SN 2019cct","15:31:21.070","+35:59:02.62","SN II","0.03677","","","GaiaAlerts, ZTF, ATLAS, MASTER, Pan-STARRS","GaiaAlerts, ZTF, ATLAS, MASTER, Pan-STARRS","ZTF","ATLAS, GaiaAlerts, MASTER, Pan-STARRS, ZTF","Gaia19bbt","ATLAS-HKO - ATLAS-02, ATLAS-MLO - ATLAS-01, Gaia - Gaia-photometric, Other - Other, P48 - ZTF-Cam, PS1 - GPC1","P60 - SEDM","1","1","","18.54","G-Gaia","2019-03-23 02:29:45.000","Gaia_Bot1","","","2019TNSTR.433....1D","2019TNSCR.581....1F","",""
"35367","SN 2019ccb","10:19:53.483","+55:26:15.61","SN II","0.032719","","","ZTF, ATLAS, Pan-STARRS","ZTF, ATLAS, Pan-STARRS","ZTF","ATLAS, Pan-STARRS, ZTF","ZTF19aamggmk","ATLAS-HKO - ATLAS-02, ATLAS-MLO - ATLAS-01, P48 - ZTF-Cam, PS1 - GPC1","P60 - SEDM","1","1","","18.85","r-ZTF","2019-03-17 05:44:09.000","ZTF_Bot1","","","2019TNSTR.422....1F","2019TNSCR.424....1F","",""
"35198","SN 2019bvs","13:25:49.150","+34:29:21.95","SN II","0.03422","","","ATLAS, ZTF, GaiaAlerts, Pan-STARRS","ATLAS, ZTF, GaiaAlerts, Pan-STARRS","ZTF","ATLAS, GaiaAlerts, Pan-STARRS, ZTF","ATLAS19dzd","ATLAS-MLO - ATLAS-01, Gaia - Gaia-photometric, P48 - ZTF-Cam, PS1 - GPC1","P60 - SEDM","1","1","","18.478","orange-ATLAS","2019-03-16 12:44:38.000","ATLAS_Bot1","","","2019TNSTR.385....1T","2019TNSCR.411....1F","",""
"35116","SN 2019bsq","17:17:20.032","+34:06:11.64","SN II","0.04","","","ATLAS, ZTF","ATLAS, ZTF","ZTF","ATLAS, ZTF","ATLAS19dxk","ATLAS-MLO - ATLAS-01, P48 - ZTF-Cam","P60 - SEDM","1","1","","18.786","orange-ATLAS","2019-03-11 15:00:00.000","ATLAS_Bot1","","","2019TNSTR.371....1T","2019TNSCR.498....1F","",""
"35003","SN 2019boh","13:16:06.135","+26:40:09.51","SN II","0.0335","","","ZTF","ZTF","ZTF","ZTF","ZTF19aaloqmd","P48 - ZTF-Cam","P200 - DBSP","1","1","","19.75","r-ZTF","2019-03-01 08:57:16.000","ZTF_AMPEL_NEW","","","2019TNSTR.335....1N","2019TNSCR.685....1F","",""
"34905","SN 2019bkp","09:06:53.990","+49:10:53.04","SN II","0.037","","","GaiaAlerts, ATLAS, ZTF","GaiaAlerts, ATLAS, ZTF","ZTF","ATLAS, GaiaAlerts, ZTF","Gaia19auc","ATLAS-MLO - ATLAS-01, Gaia - Gaia-photometric, P48 - ZTF-Cam","P60 - SEDM","1","1","","18.72","G-Gaia","2019-03-01 13:17:45.000","Gaia_Bot1","","","2019TNSTR.316....1D","2019TNSCR.411....1F","",""
"34855","SN 2019bir","11:39:34.379","+13:56:53.92","SN II","0.0365","","","ZTF, ATLAS, Pan-STARRS","ZTF, ATLAS, Pan-STARRS","ZTF","ATLAS, Pan-STARRS, ZTF","ZTF19aakzash","ATLAS-MLO - ATLAS-01, P48 - ZTF-Cam, PS1 - GPC1","P60 - SEDM","1","1","","19","r-ZTF","2019-03-01 06:42:28.000","ZTF_AMPEL_NEW","","","2019TNSTR.305....1N","2019TNSCR.329....1F","",""
"34853","SN 2019bip","10:32:32.977","-19:04:31.37","SN II","0.03","","","ZTF, ATLAS, GaiaAlerts, Pan-STARRS","ZTF, ATLAS, GaiaAlerts, Pan-STARRS","ZTF","ATLAS, GaiaAlerts, Pan-STARRS, ZTF","ZTF19aallimd","ATLAS-MLO - ATLAS-01, Gaia - Gaia-photometric, P48 - ZTF-Cam, PS1 - GPC1","P60 - SEDM","1","1","","17.06","g-ZTF","2019-03-01 06:23:32.000","ZTF_AMPEL_NEW","","","2019TNSTR.305....1N","2019TNSCR.507....1F","",""
"34828","SN 2019bhq","17:39:37.820","+77:29:25.98","SN II","0.029","","","GaiaAlerts, ZTF, ATLAS","GaiaAlerts, ZTF, ATLAS","ZTF","ATLAS, GaiaAlerts, ZTF","Gaia19ate","ATLAS-HKO - ATLAS-02, ATLAS-MLO - ATLAS-01, Gaia - Gaia-photometric, P48 - ZTF-Cam","P60 - SEDM","1","1","","18.26","G-Gaia","2019-02-24 19:55:12.000","Gaia_Bot1","","","2019TNSTR.296....1D","2019TNSCR.424....1F","",""
"34787","SN 2019bgc","15:46:14.150","+10:57:48.04","SN II","0.0931","","","ATLAS, ZTF, Pan-STARRS","ATLAS, ZTF, Pan-STARRS","ZTF","ATLAS, Pan-STARRS, ZTF","ATLAS19dmm","ATLAS-MLO - ATLAS-01, P48 - ZTF-Cam, PS1 - GPC1","P200 - DBSP","1","1","","19.292","orange-ATLAS","2019-02-27 14:55:40.000","ATLAS_Bot1","","","2019TNSTR.289....1T","2019TNSCR.652....1F","",""
"34765","SN 2019bfg","14:50:18.301","+27:55:08.03","SN II","0.05","","","ZTF, Pan-STARRS","ZTF, Pan-STARRS","ZTF","Pan-STARRS, ZTF","ZTF19aakpccq","P48 - ZTF-Cam, PS1 - GPC1","P200 - DBSP","1","1","","18.6","r-ZTF","2019-02-24 12:01:12.000","ZTF_AMPEL_NEW","","","2019TNSTR.292....1N","2019TNSCR.652....1F","",""
"34701","SN 2019bcv","01:27:55.092","+15:30:41.07","SN II","0.0678","","","ZTF, Pan-STARRS","ZTF, Pan-STARRS","ZTF","Pan-STARRS, ZTF","ZTF19aaeuhgo","P48 - ZTF-Cam, PS1 - GPC1","P60 - SEDM","1","1","","20.3","g-ZTF","2019-01-24 03:38:52.000","ZTF_Bot1","","","2019TNSTR.284....1F","2020TNSCR.601....1D","",""
"34697","SN 2019bcs","05:01:33.537","-14:15:58.51","SN II","0.03","","","ATLAS, ZTF","ATLAS, ZTF","ZTF","ATLAS, ZTF","ATLAS19dla","ATLAS-MLO - ATLAS-01, P48 - ZTF-Cam","P60 - SEDM","1","1","","17.716","orange-ATLAS","2019-02-25 06:57:36.000","ATLAS_Bot1","","","2019TNSTR.274....1T","2019TNSCR.424....1F","",""
"34694","SN 2019bcp","10:02:01.160","-15:16:23.46","SN II","0.031128","","","ATLAS, ZTF, Pan-STARRS","ATLAS, ZTF, Pan-STARRS","ZTF","ATLAS, Pan-STARRS, ZTF","ATLAS19dkx","ATLAS-MLO - ATLAS-01, P48 - ZTF-Cam, PS1 - GPC1","P60 - SEDM","1","1","","18.517","orange-ATLAS","2019-02-25 10:58:04.000","ATLAS_Bot1","","","2019TNSTR.274....1T","2019TNSCR.338....1F","",""
"34634","SN 2019bah","04:16:16.980","-01:38:44.59","SN II","0.035","","","ZTF, GaiaAlerts","ZTF, GaiaAlerts","ZTF","GaiaAlerts, ZTF","ZTF19aakkwpi","Gaia - Gaia-photometric, P48 - ZTF-Cam","","1","1","","18.66","g-ZTF","2019-02-24 03:00:33.000","ZTF_AMPEL_NEW","","","2019TNSTR.278....1N","2019TNSCR.551....1F","",""
"34602","SN 2019azc","03:18:33.134","+00:55:28.35","SN II","0.03574","","","ZTF, ATLAS","ZTF, ATLAS","ZTF","ATLAS, ZTF","ZTF19aakkrqu","ATLAS-MLO - ATLAS-01, P48 - ZTF-Cam","","1","1","","18.76","g-ZTF","2019-02-20 03:02:44.000","ZTF_AMPEL_NEW","","","2019TNSTR.260....1N","2019TNSCR.551....1F","",""
"34530","SN 2019awk","15:07:02.579","+61:13:42.42","SN II","0.044","","","ZTF, Pan-STARRS","ZTF, Pan-STARRS","ZTF","Pan-STARRS, ZTF","ZTF19aakiyed","P48 - ZTF-Cam, PS1 - GPC1","P200 - DBSP","1","1","","19.2","g-ZTF","2019-02-12 11:05:49.000","ZTF_AMPEL_NEW","","","2019TNSTR.236....1N","2019TNSCR.747....1F","",""
"34400","SN 2019arl","14:47:02.080","+11:39:16.24","SN II","0.029","","","ZTF, GaiaAlerts","ZTF, GaiaAlerts","ZTF","GaiaAlerts, ZTF","ZTF19aailvhf","Gaia - Gaia-photometric, P48 - ZTF-Cam","","1","1","","19.54","g-ZTF","2019-02-08 12:29:13.000","ZTF_AMPEL_NEW","","","2019TNSTR.224....1N","2019TNSCR.551....1F","",""
"34328","SN 2019aor","07:24:57.850","-27:31:53.76","SN II","0.02504","","","GaiaAlerts, ZTF","GaiaAlerts, ZTF","ZTF","GaiaAlerts, ZTF","Gaia19all","Gaia - Gaia-photometric, P48 - ZTF-Cam","P60 - SEDM","1","1","","18.53","G-Gaia","2019-02-04 01:24:57.000","Gaia_Bot1","","","2019TNSTR.215....1D","2025TNSCR.146....1T","",""
"34278","SN 2019amt","11:17:52.260","+30:09:23.54","SN II","0.02981","","","ATLAS, Pan-STARRS, ZTF, GaiaAlerts","ATLAS, Pan-STARRS, ZTF, GaiaAlerts","ZTF","ATLAS, GaiaAlerts, Pan-STARRS, ZTF","ATLAS19cne","ATLAS-MLO - ATLAS-01, Gaia - Gaia-photometric, P48 - ZTF-Cam, PS1 - GPC1","P200 - DBSP","1","1","","18.53","orange-ATLAS","2019-02-03 12:14:24.000","ATLAS_Bot1","","","2019TNSTR.204....1T","2019TNSCR.747....1F","",""
"33959","SN 2019aas","13:38:39.400","+55:27:06.84","SN II","0.037033","","","GaiaAlerts, ZTF, Pan-STARRS","GaiaAlerts, ZTF, Pan-STARRS","ZTF","GaiaAlerts, Pan-STARRS, ZTF","Gaia19ahb","Gaia - Gaia-photometric, P48 - ZTF-Cam, PS1 - GPC1","P200 - DBSP","1","1","","18.8","G-Gaia","2019-01-22 15:17:16.000","Gaia_Bot1","","","2019TNSTR.135....1D","2019TNSCR.188....1F","",""
"33948","SN 2019aai","16:32:20.740","+19:50:24.40","SN II","0.008","","","ZTF, GaiaAlerts, ATLAS, Pan-STARRS","ZTF, GaiaAlerts, ATLAS, Pan-STARRS","ZTF","ATLAS, GaiaAlerts, Pan-STARRS, ZTF","ZTF19aadtqcd","ATLAS-HKO - ATLAS-02, ATLAS-MLO - ATLAS-01, Gaia - Gaia-photometric, P48 - ZTF-Cam, PS1 - GPC1","P200 - DBSP","1","1","","17.84","r-ZTF","2019-01-20 12:19:11.000","ZTF_AMPEL_NEW","","","2019TNSTR1231....1N","2019TNSCR.329....1F","",""
"33947","SN 2019aah","15:01:30.714","+04:52:41.84","SN II","0.03","","","ZTF, ATLAS, Pan-STARRS","ZTF, ATLAS, Pan-STARRS","ZTF","ATLAS, Pan-STARRS, ZTF","ZTF19aadypig","ATLAS-HKO - ATLAS-02, ATLAS-MLO - ATLAS-01, P48 - ZTF-Cam, PS1 - GPC1","P60 - SEDM","1","1","","17.65","g-ZTF","2019-01-22 13:09:34.000","ZTF_AMPEL_NEW","","","2019TNSTR1231....1N","2020TNSCR.601....1D","",""
"33916","SN 2019zc","00:29:29.394","-13:28:42.69","SN II","0.0176","","","ATLAS, GaiaAlerts, ZTF, Pan-STARRS","ATLAS, GaiaAlerts, ZTF, Pan-STARRS","ZTF","ATLAS, GaiaAlerts, Pan-STARRS, ZTF","ATLAS19buf","ATLAS-HKO - ATLAS-02, ATLAS-MLO - ATLAS-01, Gaia - Gaia-photometric, P48 - ZTF-Cam, PS1 - GPC1, PS2 - GPC2","P60 - SEDM","1","1","","18.585","orange-ATLAS","2019-01-23 06:12:57.000","ATLAS_Bot1","","","2019TNSTR.126....1T","2019TNSCR1128....1F","",""
"33788","SN 2019ui","16:48:03.480","+26:12:42.48","SN II","0.03432","","","ATLAS, GaiaAlerts, ZTF","ATLAS, GaiaAlerts, ZTF","ZTF","ATLAS, GaiaAlerts, ZTF","ATLAS19bmz","ATLAS-HKO - ATLAS-02, ATLAS-MLO - ATLAS-01, Gaia - Gaia-photometric, P48 - ZTF-Cam","P200 - DBSP","1","1","","19.006","orange-ATLAS","2019-01-16 15:01:26.000","ATLAS_Bot1","","","2019TNSTR.105....1T","2019TNSCR.188....1F","",""
"33171","SN 2019bq","00:53:44.460","-03:28:01.09","SN II","0.04517","","","ATLAS, ZTF, GaiaAlerts","ATLAS, ZTF, GaiaAlerts","ZTF","ATLAS, GaiaAlerts, ZTF","ATLAS19abd","ATLAS-HKO - ATLAS-02, Gaia - Gaia-photometric, P48 - ZTF-Cam","P200 - DBSP","1","1","","19.104","cyan-ATLAS","2019-01-03 06:59:02.000","ATLAS_Bot1","","","2019TNSTR..16....1T","2019TNSCR.188....1F","",""
"60322","SN 2018lti","18:34:49.161","+38:17:55.41","SN II","0.07","","","ZTF","ZTF","ZTF","ZTF","ZTF18abddjpt","P48 - ZTF-Cam","P60 - SEDM","1","1","","20.01","r-ZTF","2018-06-26 06:59:02.400","ZTF_Bot1","","","2020TNSTR1446....1B","2020TNSCR1575....1B","",""
"60321","SN 2018lth","13:08:33.497","+45:59:10.15","SN II","0.061","","","ZTF","ZTF","ZTF","ZTF","ZTF18aayxxew","P48 - ZTF-Cam","Keck1 - LRIS","1","1","","20.19","g-ZTF","2018-06-09 04:53:45.600","ZTF_Bot1","","","2020TNSTR1446....1B","2020TNSCR1575....1B","",""
"60320","SN 2018ltg","18:25:42.370","+34:39:30.56","SN II","0.048","","","ZTF","ZTF","ZTF","ZTF","ZTF18aarqxbw","P48 - ZTF-Cam","P200 - DBSP","1","1","","19.61","g-ZTF","2018-05-08 08:09:36.000","ZTF_Bot1","","","2020TNSTR1446....1B","2020TNSCR1575....1B","",""
"57973","SN 2018lsg","20:46:44.595","-01:22:07.80","SN II","0.025","","","ZTF","ZTF","ZTF","ZTF","ZTF18abtjmns","P48 - ZTF-Cam","Keck1 - LRIS","1","1","","19.2913","g-ZTF","2018-09-05 06:29:17.376","ZTF_CLU_PUBLIC","","","2020TNSTR1040....1D","2022TNSCR2319....1S","",""
"57957","SN 2018lrq","13:34:51.390","+34:03:20.44","SN II","0.025","","","ZTF","ZTF","ZTF","ZTF","ZTF18aaxzlmy","P48 - ZTF-Cam","P200 - DBSP","1","1","","19.9655","r-ZTF","2018-06-10 05:46:39.936","ZTF_CLU_PUBLIC","","","2020TNSTR1040....1D","2022TNSCR2319....1S","",""
"33034","SN 2018lev","15:13:08.170","+41:15:49.32","SN II","0.02905","","","GaiaAlerts, ZTF","GaiaAlerts, ZTF","ZTF","GaiaAlerts, ZTF","Gaia19aac","Gaia - Gaia-photometric, P48 - ZTF-Cam","P60 - SEDM","1","1","","18.77","G-Gaia","2018-12-29 21:28:48.000","Gaia_Bot1","","","2019TNSTR...4....1D","2019TNSCR.188....1F","",""
"32939","SN 2018lbh","14:23:55.442","-11:21:04.00","SN II","0.042579","","","ZTF","ZTF","ZTF","ZTF","ZTF18adalhga","P48 - ZTF-Cam","P60 - SEDM","1","1","","18.98","r-ZTF","2018-12-24 12:57:23.000","ZTF_AMPEL_NEW","","","2018TNSTR2003....1N","2019TNSCR..32....1F","",""
"32919","SN 2018lan","10:43:52.852","-01:17:36.13","SN II","0.026","","","ZTF, Pan-STARRS","ZTF, Pan-STARRS","ZTF","Pan-STARRS, ZTF","ZTF18acwzxhr","P48 - ZTF-Cam, PS1 - GPC1","P200 - DBSP","1","1","","18.31","r-ZTF","2018-12-24 11:53:08.000","ZTF_AMPEL_NEW","","","2018TNSTR2003....1N","2019TNSCR.188....1F","",""
"32859","SN 2018kyf","15:32:30.240","+25:29:11.51","SN II","0.03374","","","ATLAS, ZTF, GaiaAlerts","ATLAS, ZTF, GaiaAlerts","ZTF","ATLAS, GaiaAlerts, ZTF","ATLAS18bcgx","ATLAS-HKO - ATLAS-02, Gaia - Gaia-photometric, P48 - ZTF-Cam","P60 - SEDM","1","1","","18.512","orange-ATLAS","2018-12-27 15:01:26.000","ATLAS_Bot1","","","2018TNSTR1992....1T","2019TNSCR..29....1F","",""
"32805","SN 2018kwd","16:48:42.880","+48:41:59.10","SN II","0.026","","","GaiaAlerts, ZTF, ATLAS","GaiaAlerts, ZTF, ATLAS","ZTF","ATLAS, GaiaAlerts, ZTF","Gaia18dzm","ATLAS-HKO - ATLAS-02, Gaia - Gaia-photometric, P48 - ZTF-Cam","P200 - DBSP","1","1","","18.17","G-Gaia","2018-12-25 21:14:24.000","Gaia_Bot1","","","2018TNSTR1989....1D","2019TNSCR.747....1F","",""
"32739","SN 2018ktp","13:03:41.180","-11:35:54.31","SN II","0.02","","","ZTF, GaiaAlerts, ATLAS","ZTF, GaiaAlerts, ATLAS","ZTF","ATLAS, GaiaAlerts, ZTF","ZTF18acrygtk","ATLAS-HKO - ATLAS-02, ATLAS-MLO - ATLAS-01, Gaia - Gaia-photometric, P48 - ZTF-Cam","P60 - SEDM","1","1","","18.19","r-ZTF","2018-12-23 11:44:06.000","ZTF_AMPEL_NEW","","","2018TNSTR1975....1N","2019TNSCR..29....1F","",""
"32724","SN 2018kta","12:51:37.141","+12:34:24.11","SN II","0.023","","","ZTF, ATLAS","ZTF, ATLAS","ZTF","ATLAS, ZTF","ZTF18acvwdkk","ATLAS-HKO - ATLAS-02, ATLAS-MLO - ATLAS-01, P48 - ZTF-Cam","P200 - DBSP","1","1","","19.24","r-ZTF","2018-12-22 11:35:34.000","ZTF_AMPEL_NEW","","","2018TNSTR1975....1N","2019TNSCR.329....1F","",""
"32572","SN 2018kne","15:55:05.189","+66:47:05.22","SN II","0.03","","","ZTF, ATLAS","ZTF, ATLAS","ZTF","ATLAS, ZTF","ZTF18adacicy","ATLAS-HKO - ATLAS-02, ATLAS-MLO - ATLAS-01, P48 - ZTF-Cam","P60 - SEDM","1","1","","18.52","r-ZTF","2018-12-17 12:10:41.000","ZTF_AMPEL_NEW","","","2018TNSTR1970....1N","2018TNSCR1987....1F","",""
"32517","SN 2018klc","00:46:12.567","-09:00:35.60","SN II","0.05","","","ZTF","ZTF","ZTF","ZTF","ZTF18abvejqt","P48 - ZTF-Cam","P60 - SEDM","1","1","","20.1","g-ZTF","2018-11-29 06:04:19.000","ZTF_Bot1","","","2018TNSTR1969....1F","2018TNSCR1998....1F","",""
"32372","SN 2018kfn","16:02:42.480","+15:14:11.26","SN II","0.0154","","","GaiaAlerts, ZTF, ATLAS","GaiaAlerts, ZTF, ATLAS","ZTF","ATLAS, GaiaAlerts, ZTF","Gaia18dwa","ATLAS-HKO - ATLAS-02, ATLAS-MLO - ATLAS-01, Gaia - Gaia-photometric, P48 - ZTF-Cam","P200 - DBSP","1","1","","17.37","G-Gaia","2018-12-17 03:36:00.000","Gaia_Bot1","","","2018TNSTR1949....1D","2019TNSCR1277....1F","",""
"32325","SN 2018kds","00:10:09.055","-04:42:33.20","SN II","0.03033","","","ZTF","ZTF","ZTF","ZTF","ZTF18acsxkov","P48 - ZTF-Cam","P200 - DBSP","1","1","","19.2155","r-ZTF","2018-12-04 03:58:51.000","ZTF_AMPEL_NEW","","","2018TNSTR1951....1N","2025TNSCR.101....1T","",""
"32140","SN 2018jwq","05:17:54.182","+08:54:51.26","SN II","0.02989","","","Pan-STARRS, ZTF","Pan-STARRS, ZTF","ZTF","Pan-STARRS, ZTF","PS18byt","P48 - ZTF-Cam, PS1 - GPC1","Keck1 - LRIS","1","1","","19.94","w-P1","2018-12-14 09:48:57.000","PS1_Bot1","","","2018TNSTR1929....1C","2025TNSCR.101....1T","",""
"32115","SN 2018jvr","10:07:20.362","+04:04:49.13","SN II","0.0294","","","ZTF","ZTF","ZTF","ZTF","ZTF18acurdnh","P48 - ZTF-Cam","P60 - SEDM","1","1","","19.3021","g-ZTF","2018-12-09 11:02:26.000","ZTF_AMPEL_NEW","","","2018TNSTR1925....1N","2025TNSCR.146....1T","",""
"32003","SN 2018jrj","11:11:03.994","+64:14:50.58","SN II","0.036","","","ZTF, Pan-STARRS, ATLAS","ZTF, Pan-STARRS, ATLAS","ZTF","ATLAS, Pan-STARRS, ZTF","ZTF18acrxpzx","ATLAS-HKO - ATLAS-02, ATLAS-MLO - ATLAS-01, P48 - ZTF-Cam, PS1 - GPC1","P60 - SEDM","1","1","","19.21","g-ZTF","2018-11-28 11:13:55.000","ZTF_Bot1","","","2018TNSTR1906....1F","2018TNSCR1913....1F","",""
"31995","SN 2018jrb","08:09:33.686","+15:31:10.52","SN II","0.0446","","","ATLAS, ZTF","ATLAS, ZTF","ZTF","ATLAS, ZTF","ATLAS18bbqs","ATLAS-HKO - ATLAS-02, P48 - ZTF-Cam","P60 - SEDM","1","1","","19.386","cyan-ATLAS","2018-12-07 13:00:28.000","ATLAS_Bot1","","","2018TNSTR1898....1T","2018TNSCR2058....1F","",""
"31992","SN 2018jqy","10:32:47.680","-00:12:15.16","SN II","0.034","","","ATLAS, GaiaAlerts, ZTF","ATLAS, GaiaAlerts, ZTF","ZTF","ATLAS, GaiaAlerts, ZTF","ATLAS18bbqp","ATLAS-HKO - ATLAS-02, ATLAS-MLO - ATLAS-01, Gaia - Gaia-photometric, P48 - ZTF-Cam","P60 - SEDM","1","1","","18.55","orange-ATLAS","2018-12-08 14:15:21.000","ATLAS_Bot1","","","2018TNSTR1898....1T","2018TNSCR1987....1F","",""
"31958","SN 2018jpq","02:29:14.690","-05:36:11.81","SN II","0.03","","","ZTF, GaiaAlerts, Pan-STARRS, ATLAS","ZTF, GaiaAlerts, Pan-STARRS, ATLAS","ZTF","ATLAS, GaiaAlerts, Pan-STARRS, ZTF","ZTF18acszaiy","ATLAS-HKO - ATLAS-02, ATLAS-MLO - ATLAS-01, Gaia - Gaia-photometric, P48 - ZTF-Cam, PS1 - GPC1","P200 - DBSP","1","1","","19.5097","r-ZTF","2018-12-04 05:18:10.000","ZTF_AMPEL_NEW","","","2018TNSTR1901....1N","2019TNSCR..15....1F","",""
"31949","SN 2018jph","10:01:34.025","-01:24:21.71","SN II","0.037","","","ATLAS, ZTF","ATLAS, ZTF","ZTF","ATLAS, ZTF","ATLAS18bbhu","ATLAS-HKO - ATLAS-02, ATLAS-MLO - ATLAS-01, P48 - ZTF-Cam","P60 - SEDM","1","1","","19.133","cyan-ATLAS","2018-12-06 14:31:12.000","ATLAS_Bot1","","","2018TNSTR1898....1T","2019TNSCR1250....1F","",""
"31940","SN 2018joy","10:19:40.316","+12:50:37.73","SN II","0.03246","","","ATLAS, Pan-STARRS, ZTF","ATLAS, Pan-STARRS, ZTF","ZTF","ATLAS, Pan-STARRS, ZTF","ATLAS18bbej","ATLAS-HKO - ATLAS-02, P48 - ZTF-Cam, PS1 - GPC1","Keck1 - LRIS","1","1","","19.447","cyan-ATLAS","2018-12-07 14:55:40.000","ATLAS_Bot1","","","2018TNSTR1891....1T","2025TNSCR.101....1T","",""
"31851","SN 2018jlo","02:02:17.511","-13:56:34.47","SN II","0.05","GALEXASC J020217.47-135638.3","","ASAS-SN, ATLAS, ZTF, Pan-STARRS","ASAS-SN, ATLAS, ZTF, Pan-STARRS","ZTF","ASAS-SN, ATLAS, Pan-STARRS, ZTF","ASASSN-18aba","ASASSN-2 - Cassius, ATLAS-HKO - ATLAS-02, ATLAS-MLO - ATLAS-01, P48 - ZTF-Cam, PS1 - GPC1","","1","1","","18.1","g-Sloan","2018-12-05 04:04:48.000","Krzysztof Stanek","","","2018TNSTR1878....1B","2019TNSCR..89....1F","",""
"31730","SN 2018jgy","03:06:59.880","-06:45:14.11","SN II","0.0286","","","ATLAS, ZTF, GaiaAlerts","ATLAS, ZTF, GaiaAlerts","ZTF","ATLAS, GaiaAlerts, ZTF","ATLAS18zpw","ATLAS-HKO - ATLAS-02, ATLAS-MLO - ATLAS-01, Gaia - Gaia-photometric, P48 - ZTF-Cam","P60 - SEDM","1","1","","18.332","orange-ATLAS","2018-11-26 10:45:07.000","ATLAS_Bot1","","","2018TNSTR1854....1T","2018TNSCR1877....1F","",""
"31698","SN 2018jft","22:30:11.940","+38:48:58.97","SN II","0.05","","","ATLAS, ZTF, GaiaAlerts","ATLAS, ZTF, GaiaAlerts","ZTF","ATLAS, GaiaAlerts, ZTF","ATLAS18zoa","ATLAS-MLO - ATLAS-01, Gaia - Gaia-photometric, P48 - ZTF-Cam","P60 - SEDM","1","1","","17.807","orange-ATLAS","2018-11-28 06:24:28.000","ATLAS_Bot1","","","2018TNSTR1838....1T","2019TNSCR1067....1F","",""
"31592","SN 2018jbr","13:26:09.524","+26:28:35.43","SN II","0.03667","","","ZTF","ZTF","ZTF","ZTF","ZTF18acrhehl","P48 - ZTF-Cam","P60 - SEDM","1","1","","18.44","r-ZTF","2018-11-26 12:14:24.000","ZTF_Bot1","","","2018TNSTR2038....1F","2018TNSCR1877....1F","",""
"31584","SN 2018jbj","12:11:22.695","+05:45:05.10","SN II","0.029","","","ZTF","ZTF","ZTF","ZTF","ZTF18acnbptb","P48 - ZTF-Cam","P60 - SEDM","1","1","","18.7406","r-ZTF","2018-11-15 13:08:28.000","ZTF_AMPEL_NEW","","","2018TNSTR1827....1N","2018TNSCR2040....1F","",""
"31576","SN 2018jbb","13:08:52.088","+09:27:45.57","SN II","0.0334","","","ZTF, ATLAS, Pan-STARRS","ZTF, ATLAS, Pan-STARRS","ZTF","ATLAS, Pan-STARRS, ZTF","ZTF18acqsroy","ATLAS-HKO - ATLAS-02, ATLAS-MLO - ATLAS-01, P48 - ZTF-Cam, PS1 - GPC1","P60 - SEDM","1","1","","19.0692","r-ZTF","2018-11-20 12:10:08.000","ZTF_AMPEL_NEW","","","2018TNSTR1827....1N","2018TNSCR2066....1F","",""
"31573","SN 2018jay","13:41:50.182","+30:33:59.65","SN II","0.04","","","ZTF","ZTF","ZTF","ZTF","ZTF18acqppuj","P48 - ZTF-Cam","P60 - SEDM","1","1","","19.5158","g-ZTF","2018-11-20 12:14:44.000","ZTF_AMPEL_NEW","","","2018TNSTR1827....1N","2018TNSCR2058....1F","",""
"31556","SN 2018jah","09:07:10.480","+43:55:14.81","SN II","0.057","","","ZTF, GaiaAlerts, ATLAS","ZTF, GaiaAlerts, ATLAS","ZTF","ATLAS, GaiaAlerts, ZTF","ZTF18acefuhk","ATLAS-HKO - ATLAS-02, ATLAS-MLO - ATLAS-01, Gaia - Gaia-photometric, P48 - ZTF-Cam","P60 - SEDM","1","1","","20.2","g-ZTF","2018-11-08 09:14:24.000","ZTF_Bot1","","","2018TNSTR1826....1F","2018TNSCR1883....1F","",""
"31449","SN 2018iwe","00:17:55.807","+12:05:29.64","SN II","0.062","","","ZTF, Pan-STARRS","ZTF, Pan-STARRS","ZTF","Pan-STARRS, ZTF","ZTF18abufaej","P48 - ZTF-Cam, PS1 - GPC1","P60 - SEDM","1","1","","19.4944","r-ZTF","2018-11-03 04:34:39.000","ZTF_AMPEL_NEW","","","2018TNSTR1821....1N","2020TNSCR1575....1B","",""
"31409","SN 2018iuq","07:05:53.430","+12:53:34.66","SN II","0.028","","","ZTF, ATLAS, GaiaAlerts","ZTF, ATLAS, GaiaAlerts","ZTF","ATLAS, GaiaAlerts, ZTF","ZTF18acqwdla","ATLAS-HKO - ATLAS-02, ATLAS-MLO - ATLAS-01, Gaia - Gaia-photometric, P48 - ZTF-Cam","P60 - SEDM","1","1","","18.35","r-ZTF","2018-11-21 08:58:33.000","ZTF_Bot1","","","2018TNSTR1812....1F","2018TNSCR1904....1F","",""
"31406","SN 2018iun","13:08:30.841","+50:38:29.26","SN II","0.03","","","ZTF","ZTF","ZTF","ZTF","ZTF18aatjlhe","P48 - ZTF-Cam","P60 - SEDM","1","1","","18.85","g-ZTF","2018-11-03 12:40:19.000","ZTF_Bot1","","","2018TNSTR1808....1F","2018TNSCR1810....1F","",""
"31393","SN 2018iua","08:40:08.948","+68:54:11.49","SN II","0.04","","","ZTF","ZTF","ZTF","ZTF","ZTF18acploez","P48 - ZTF-Cam","P60 - SEDM","1","1","","19.401","g-ZTF","2018-11-18 11:12:19.000","ZTF_AMPEL_NEW","","","2018TNSTR1809....1N","2020TNSCR1575....1B","",""
"31223","SN 2018ino","11:26:42.520","+20:43:37.02","SN II","0.02094","SDSS J112642.32+204336.7","","ASAS-SN, ZTF, GaiaAlerts, ATLAS","ASAS-SN, ZTF, GaiaAlerts, ATLAS","ZTF","ASAS-SN, ATLAS, GaiaAlerts, ZTF","ASASSN-18zx","ASASSN-4 - Leavitt, ATLAS-HKO - ATLAS-02, ATLAS-MLO - ATLAS-01, Gaia - Gaia-photometric, P48 - ZTF-Cam","APO-3.5m - DIS","1","1","","17.6","g-Sloan","2018-11-16 10:48:00.000","Patrick Vallely","","","2018TNSTR1776....1V","2018TNSCR2066....1F","",""
"31221","SN 2018inm","06:24:40.486","+46:30:13.98","SN II","0.04","","","ZTF, ATLAS, Pan-STARRS","ZTF, ATLAS, Pan-STARRS","ZTF","ATLAS, Pan-STARRS, ZTF","ZTF18achtnvk","ATLAS-HKO - ATLAS-02, ATLAS-MLO - ATLAS-01, P48 - ZTF-Cam, PS1 - GPC1","P60 - SEDM","1","1","","19.104","r-ZTF","2018-11-12 09:41:17.000","ZTF_AMPEL_NEW","","","2018TNSTR1778....1N","2018TNSCR1828....1F","",""
"31096","SN 2018iis","17:58:10.360","+42:06:42.23","SN II","0.04","","","ZTF","ZTF","ZTF","ZTF","ZTF18accfjmp","P48 - ZTF-Cam","P60 - SEDM","1","1","","18.8041","r-ZTF","2018-11-05 02:21:19.000","ZTF_AMPEL_NEW","","","2018TNSTR1752....1N","2018TNSCR1796....1F","",""
"30955","SN 2018idh","07:07:48.311","+36:28:25.95","SN II","0.04","","","ZTF, ATLAS, Pan-STARRS","ZTF, ATLAS, Pan-STARRS","ZTF","ATLAS, Pan-STARRS, ZTF","ZTF18accmkud","ATLAS-HKO - ATLAS-02, ATLAS-MLO - ATLAS-01, P48 - ZTF-Cam, PS1 - GPC1","P60 - SEDM","1","1","","18.9557","r-ZTF","2018-11-03 10:31:18.000","ZTF_AMPEL_NEW","","","2018TNSTR1736....1N","2018TNSCR2036....1F","",""
"30733","SN 2018huv","11:45:11.191","+61:42:30.35","SN II","0.035","","","ZTF","ZTF","ZTF","ZTF","ZTF18aakfabl","P48 - ZTF-Cam","","1","1","","18.72","g-ZTF","2018-11-04 11:08:09.000","ZTF_Bot1","","","2018TNSTR1703....1F","2020TNSCR1667....1D","",""
"30718","SN 2018hug","21:18:50.593","+02:15:42.00","SN II","0.019","","","ZTF, ATLAS","ZTF, ATLAS","ZTF","ATLAS, ZTF","ZTF18acbwtng","ATLAS-HKO - ATLAS-02, ATLAS-MLO - ATLAS-01, P48 - ZTF-Cam","","1","1","","17.91","r-ZTF","2018-11-01 03:00:00.000","ZTF_Bot1","","","2018TNSTR1690....1F","2018TNSCR1856....1F","",""
"30662","SN 2018hsc","01:14:44.692","+04:06:25.54","SN II","0.043","","","ZTF, ATLAS","ZTF, ATLAS","ZTF","ATLAS, ZTF","ZTF18acbuemc","ATLAS-HKO - ATLAS-02, ATLAS-MLO - ATLAS-01, P48 - ZTF-Cam","","1","1","","18.7","g-ZTF","2018-10-31 06:24:28.000","ZTF_Bot1","","","2018TNSTR1674....1F","2018TNSCR1810....1F","",""
"30626","SN 2018hqt","14:02:54.290","+73:04:57.79","SN II","0.03013","","","GaiaAlerts, ZTF","GaiaAlerts, ZTF","ZTF","GaiaAlerts, ZTF","Gaia18dfg","Gaia - Gaia-photometric, P48 - ZTF-Cam","P60 - SEDM","1","1","","17.06","G-Gaia","2018-10-28 16:06:14.000","Gaia_Bot1","","","2018TNSTR1652....1D","2018TNSCR1803....1F","",""
"30568","SN 2018hon","19:41:15.680","+63:11:53.51","SN II","0.081","","","ATLAS, ZTF","ATLAS, ZTF","ZTF","ATLAS, ZTF","ATLAS18xys","ATLAS-HKO - ATLAS-02, ATLAS-MLO - ATLAS-01, P48 - ZTF-Cam","","1","1","","18.694","orange-ATLAS","2018-10-25 06:27:21.000","ATLAS_Bot1","","","2018TNSTR1634....1T","2018TNSCR1877....1F","",""
"30555","SN 2018hoa","23:37:12.110","+40:43:18.44","SN II","0.011","","","ATLAS, ZTF, GaiaAlerts, Pan-STARRS","ATLAS, ZTF, GaiaAlerts, Pan-STARRS","ZTF","ATLAS, GaiaAlerts, Pan-STARRS, ZTF","ATLAS18xtq","ATLAS-HKO - ATLAS-02, Gaia - Gaia-photometric, P48 - ZTF-Cam, PS1 - GPC1","P60 - SEDM","1","1","","18.691","orange-ATLAS","2018-10-21 09:11:31.000","ATLAS_Bot1","","","2018TNSTR1628....1T","2018TNSCR1846....1F, 2020TNSCR2234....1D","",""
"30526","SN 2018hmx","08:33:39.340","+55:35:53.09","SN II","0.038","","","ATLAS, ZTF, GaiaAlerts","ATLAS, ZTF, GaiaAlerts","ZTF","ATLAS, GaiaAlerts, ZTF","ATLAS18xos","ATLAS-HKO - ATLAS-02, Gaia - Gaia-photometric, P48 - ZTF-Cam","P60 - SEDM","1","1","","17.651","orange-ATLAS","2018-10-17 15:30:14.000","ATLAS_Bot1","","","2018TNSTR1615....1T","2018TNSCR1765....1F","",""
"30388","SN 2018hhr","02:55:48.940","+01:04:42.53","SN II","0.0168","","","ATLAS, ZTF, GaiaAlerts, Pan-STARRS","ATLAS, ZTF, GaiaAlerts, Pan-STARRS","ZTF","ATLAS, GaiaAlerts, Pan-STARRS, ZTF","ATLAS18wrq","ATLAS-HKO - ATLAS-02, ATLAS-MLO - ATLAS-01, Gaia - Gaia-photometric, P48 - ZTF-Cam, PS1 - GPC1","","1","1","","18.061","cyan-ATLAS","2018-10-11 13:01:55.000","ATLAS_Bot1","","","2018TNSTR1574....1T","2018TNSCR1870....1F","",""
"30356","SN 2018hgl","00:44:21.271","-17:21:01.17","SN II","0.031038","","","ATLAS, ZTF","ATLAS, ZTF","ZTF","ATLAS, ZTF","ATLAS18wde","ATLAS-HKO - ATLAS-02, P48 - ZTF-Cam","","1","1","","18.864","cyan-ATLAS","2018-10-10 09:31:40.000","ATLAS_Bot1","","","2018TNSTR1551....1T","2018TNSCR1810....1F","",""
"30300","SN 2018heh","08:50:07.657","+21:41:12.57","SN II","0.0391","","","ZTF","ZTF","ZTF","ZTF","ZTF18abxjekh","P48 - ZTF-Cam","P200 - DBSP","1","1","","19.02","r-ZTF","2018-09-18 12:37:26.000","ZTF_Bot1","","","2018TNSTR1536....1F","2018TNSCR1720....1F","",""
"30107","SN 2018gxi","01:05:02.465","-21:56:12.35","SN II","0.057","","","ZTF","ZTF","ZTF","ZTF","ZTF18abzscns","P48 - ZTF-Cam","","1","1","","19.08","r-ZTF","2018-09-28 07:30:43.000","ZTF_Bot1","","","2018TNSTR1467....1F","2018TNSCR1870....1F","",""
"30060","SN 2018gvn","18:15:54.333","+44:41:47.38","SN II","0.04","","","ZTF","ZTF","ZTF","ZTF","ZTF18abyvenk","P48 - ZTF-Cam","P60 - SEDM","1","1","","20.16","g-ZTF","2018-09-24 02:54:14.000","ZTF_Bot1","","","2018TNSTR1463....1F","2018TNSCR1597....1F","",""
"30059","SN 2018gvm","03:10:21.330","-07:41:06.04","SN II","0.125","","","ZTF, GaiaAlerts, Pan-STARRS","ZTF, GaiaAlerts, Pan-STARRS","ZTF","GaiaAlerts, Pan-STARRS, ZTF","ZTF18abvfecb","Gaia - Gaia-photometric, P48 - ZTF-Cam, PS1 - GPC1","P60 - SEDM","1","1","","20.18","g-ZTF","2018-09-11 10:43:40.000","ZTF_Bot1","","","2018TNSTR1463....1F","2018TNSCR1760....1F","",""
"30013","SN 2018gts","16:36:47.390","+55:44:08.88","SN II","0.029597","","","GaiaAlerts, ZTF","GaiaAlerts, ZTF","ZTF","GaiaAlerts, ZTF","Gaia18csu","Gaia - Gaia-photometric, P48 - ZTF-Cam","P60 - SEDM","1","1","","18.44","G-Gaia","2018-09-21 10:07:40.000","Gaia_Bot1","","","2018TNSTR1439....1D","2018TNSCR1567....1F","",""
"29987","SN 2018gss","23:03:45.039","+18:08:18.12","SN II","0.04","","","ZTF, ATLAS","ZTF, ATLAS","ZTF","ATLAS, ZTF","ZTF18abxdtyz","ATLAS-MLO - ATLAS-01, P48 - ZTF-Cam","P60 - SEDM","1","1","","19.59","r-ZTF","2018-09-18 07:26:24.000","ZTF_Bot1","","","2018TNSTR1430....1F","2018TNSCR1846....1F","",""
"29986","SN 2018gsr","00:08:30.390","-01:31:29.90","SN II","0.089","","","ZTF, ATLAS","ZTF, ATLAS","ZTF","ATLAS, ZTF","ZTF18abvxoty","ATLAS-HKO - ATLAS-02, ATLAS-MLO - ATLAS-01, P48 - ZTF-Cam","P200 - DBSP","1","1","","19.35","g-ZTF","2018-09-14 07:30:43.000","ZTF_Bot1","","","2018TNSTR1430....1F","2018TNSCR1586....1F","",""
"29983","SN 2018gso","13:13:44.597","+51:15:26.54","SN II","0.05","","","ZTF","ZTF","ZTF","ZTF","ZTF18abwcooy","P48 - ZTF-Cam","","1","1","","18.95","r-ZTF","2018-09-15 02:49:55.000","ZTF_Bot1","","","2018TNSTR1430....1F","2018TNSCR1870....1F","",""
"29969","SN 2018gsa","08:37:30.869","+22:36:00.32","SN II","0.077","","","ZTF","ZTF","ZTF","ZTF","ZTF18abvgjft","P48 - ZTF-Cam","","1","1","","19.25","r-ZTF","2018-09-15 12:34:33.000","ZTF_Bot1","","","2018TNSTR1426....1F","2018TNSCR1870....1F","",""
"29948","SN 2018grf","17:27:35.441","+71:31:48.93","SN II","0.05","","","ATLAS, ZTF","ATLAS, ZTF","ZTF","ATLAS, ZTF","ATLAS18vnl","ATLAS-HKO - ATLAS-02, ATLAS-MLO - ATLAS-01, P48 - ZTF-Cam","P60 - SEDM","1","1","","19.039","orange-ATLAS","2018-09-19 07:40:48.000","ATLAS_Bot1","","","2018TNSTR1417....1T","2018TNSCR1519....1F","",""
"29769","SN 2018gki","08:16:47.941","+08:09:57.21","SN II","0.053","","","ZTF","ZTF","ZTF","ZTF","ZTF18abuqhje","P48 - ZTF-Cam","","1","1","","18.69","r-ZTF","2018-09-09 12:07:12.000","ZTF_Bot1","","","2018TNSTR1394....1F","2018TNSCR1877....1F","",""
"29756","SN 2018gjv","01:08:10.221","+00:11:42.53","SN II","0.051","","","ATLAS, ZTF","ATLAS, ZTF","ZTF","ATLAS, ZTF","ATLAS18vhs","ATLAS-MLO - ATLAS-01, P48 - ZTF-Cam","P60 - SEDM","1","1","","18.998","orange-ATLAS","2018-09-15 12:44:38.000","ATLAS_Bot1","","","2018TNSTR1390....1T","2018TNSCR2026....1F","",""
"29692","SN 2018ghj","08:21:20.400","+30:46:49.15","SN II","0.06465","","","ZTF","ZTF","ZTF","ZTF","ZTF18abvgivy","P48 - ZTF-Cam","P60 - SEDM","1","1","","18.8","r-ZTF","2018-09-11 12:21:36.000","ZTF_Bot1","","","2018TNSTR1388....1F","2018TNSCR1846....1F","",""
"29391","SN 2018fvu","20:03:35.792","+66:13:46.48","SN II","0.03","","","ZTF","ZTF","ZTF","ZTF","ZTF18absbgqd","P48 - ZTF-Cam","P60 - SEDM","1","1","","17.96","r-ZTF","2018-08-31 06:28:48.000","ZTF_Bot1","","","2018TNSTR1321....1F","2018TNSCR1324....1F","",""
"29363","SN 2018fus","21:02:31.290","-05:37:30.04","SN II","0.025","","","ZTF, Pan-STARRS, ATLAS, GaiaAlerts","ZTF, Pan-STARRS, ATLAS, GaiaAlerts","ZTF, ePESSTO","ATLAS, GaiaAlerts, Pan-STARRS, ZTF","ZTF18abskoyh","ATLAS-HKO - ATLAS-02, ATLAS-MLO - ATLAS-01, Gaia - Gaia-photometric, P48 - ZTF-Cam, PS1 - GPC1","ESO-NTT - EFOSC2-NTT, P60 - SEDM","1","1","","17.36","r-ZTF","2018-09-02 06:54:43.000","ZTF_Bot1","","","2018TNSTR1314....1F","2018TNSCR1316....1F, 2018TNSCR2142....1G","",""
"29308","SN 2018fsp","07:52:21.538","+49:02:06.00","SN II","0.0183","","","ZTF","ZTF","ZTF","ZTF","ZTF18abrzbum","P48 - ZTF-Cam","P60 - SEDM","1","1","","18.28","r-ZTF","2018-08-30 12:18:43.000","ZTF_Bot1","","","2018TNSTR1295....1F","2018TNSCR1443....1F","",""
"29306","SN 2018fsn","08:08:31.594","+41:31:07.86","SN II","0.03","","","ZTF","ZTF","ZTF","ZTF","ZTF18abscyji","P48 - ZTF-Cam","P60 - SEDM","1","1","","18.28","r-ZTF","2018-08-31 12:21:36.000","ZTF_Bot1","","","2018TNSTR1295....1F","2018TNSCR1308....1F","",""
"29305","SN 2018fsm","02:14:23.950","+30:48:42.91","SN II","0.04","","","ZTF, ATLAS, GaiaAlerts","ZTF, ATLAS, GaiaAlerts","ZTF","ATLAS, GaiaAlerts, ZTF","ZTF18absldfl","ATLAS-HKO - ATLAS-02, ATLAS-MLO - ATLAS-01, Gaia - Gaia-photometric, P48 - ZTF-Cam","P60 - SEDM","1","1","","18.99","r-ZTF","2018-09-03 09:08:38.000","ZTF_Bot1","","","2018TNSTR1295....1F","2018TNSCR1444....1F","",""
"29300","SN 2018fsh","08:30:56.627","+39:50:09.16","SN II","0.029","","","ZTF","ZTF","ZTF","ZTF","ZTF18abscyjj","P48 - ZTF-Cam","P200 - DBSP","1","1","","19.03","r-ZTF","2018-08-31 12:21:36.000","ZTF_Bot1","","","2018TNSTR1295....1F","2018TNSCR1404....1F","",""
"29238","SN 2018fpx","03:03:40.107","+45:38:37.33","SN II","0.025","","","ATLAS, ZTF","ATLAS, ZTF","ZTF","ATLAS, ZTF","ATLAS18ucs","ATLAS-HKO - ATLAS-02, P48 - ZTF-Cam","P60 - SEDM","1","1","","17.568","orange-ATLAS","2018-08-30 13:59:31.000","ATLAS_Bot1","","","2018TNSTR1273....1T","2018TNSCR1416....1F","",""
"29037","SN 2018fif","00:09:26.550","+47:21:14.65","SN II","0.017189","","","ZTF, ATLAS, GaiaAlerts, Pan-STARRS","ZTF, ATLAS, GaiaAlerts, Pan-STARRS","ZTF","ATLAS, GaiaAlerts, Pan-STARRS, ZTF","ZTF18abokyfk","ATLAS-HKO - ATLAS-02, Gaia - Gaia-photometric, P48 - ZTF-Cam, PS1 - GPC1","P200 - DBSP, P60 - SEDM","1","1","","18.28","g-ZTF","2018-08-22 09:44:38.000","ZTF_Bot1","","","2018TNSTR1231....1F","2018TNSCR1237....1G, 2018TNSCR2139....1F","",""
"29009","SN 2018fhd","13:17:26.427","+44:56:50.52","SN II","0.0913","","","ZTF","ZTF","ZTF","ZTF","ZTF18aaqkdwf","P48 - ZTF-Cam","P200 - DBSP","1","1","","20.3","g-ZTF","2018-07-01 04:45:07.000","ZTF_Bot1","","","2018TNSTR1227....1F","2018TNSCR1404....1F","",""
"28441","SN 2018elk","17:53:44.302","+40:45:20.77","SN II","0.026","","","ZTF","ZTF","ZTF","ZTF","ZTF18aavqdyq","P48 - ZTF-Cam","P200 - DBSP","1","1","","20.62","g-ZTF","2018-05-20 08:45:36.000","ZTF_Bot1","","","2018TNSTR1058....1F","2018TNSCR1071....1F","",""
"28381","SN 2018ejc","14:11:45.220","+71:45:09.79","SN II","0.03","","","Pan-STARRS, ZTF, GaiaAlerts, ATLAS","Pan-STARRS, ZTF, GaiaAlerts, ATLAS","ZTF","ATLAS, GaiaAlerts, Pan-STARRS, ZTF","PS18bcw","ATLAS-HKO - ATLAS-02, ATLAS-MLO - ATLAS-01, Gaia - Gaia-photometric, P48 - ZTF-Cam, PS1 - GPC1","P60 - SEDM","1","1","","20.87","z-Sloan","2018-07-11 06:08:38.000","PS1_Bot1","","","2018TNSTR1053....1C","2018TNSCR1090....1F","",""
"28315","SN 2018ego","15:52:54.018","+19:58:05.35","SN II","0.037","","","Pan-STARRS, ZTF","Pan-STARRS, ZTF","ZTF","Pan-STARRS, ZTF","PS18bbq","P48 - ZTF-Cam, PS1 - GPC1","P60 - SEDM","1","1","","18.82","i-Sloan","2018-07-25 07:35:02.000","PS1_Bot1","","","2018TNSTR1053....1C","2022TNSCR2319....1S","",""
"28308","SN 2018egh","16:57:15.933","+31:57:47.52","SN II","0.037","","","Pan-STARRS, ZTF","Pan-STARRS, ZTF","ZTF","Pan-STARRS, ZTF","PS18bbr","P48 - ZTF-Cam, PS1 - GPC1","P200 - DBSP","1","1","","19.73","i-Sloan","2018-07-25 08:35:31.000","PS1_Bot1","","","2018TNSTR1053....1C","2020TNSCR1575....1B","",""
"28284","SN 2018efj","16:00:34.144","+31:38:34.74","SN II","0.05","","","ZTF, ATLAS","ZTF, ATLAS","ZTF","ATLAS, ZTF","ZTF18abimhfu","ATLAS-HKO - ATLAS-02, ATLAS-MLO - ATLAS-01, P48 - ZTF-Cam","P60 - SEDM","1","1","","18.78","g-ZTF","2018-07-23 04:29:16.000","ZTF_Bot1","","","2018TNSTR1048....1F","2018TNSCR1340....1F","",""
"28206","SN 2018ecj","11:32:43.000","+62:25:57.94","SN II","0.01312","","","ATLAS, GaiaAlerts, ZTF","ATLAS, GaiaAlerts, ZTF","ZTF","ATLAS, GaiaAlerts, ZTF","ATLAS18snp","ATLAS-HKO - ATLAS-02, ATLAS-MLO - ATLAS-01, Gaia - Gaia-photometric, P48 - ZTF-Cam","","1","1","","18.225","orange-ATLAS","2018-07-23 06:50:23.000","ATLAS_Bot1","","","2018TNSTR1023....1T","2018TNSCR1877....1F","",""
"28121","SN 2018dzc","18:23:09.260","+21:14:56.40","SN II","0.0154","UGC 11216 ","","PTSS, ZTF, ATLAS, GaiaAlerts","PTSS, ZTF, ATLAS, GaiaAlerts","ZTF","ATLAS, GaiaAlerts, PTSS, ZTF","PTSS-18gjg","ATLAS-HKO - ATLAS-02, ATLAS-MLO - ATLAS-01, CNEOST - STA1600, Gaia - Gaia-photometric, P48 - ZTF-Cam","P60 - SEDM","1","1","","17.5","V-Johnson","2018-07-15 14:17:33.000","Wenxiong Li","","","2018TNSTR.992....1T","2018TNSCR1072....1F","",""
"28100","SN 2018dyh","14:59:12.350","+71:22:32.95","SN II","0.07","","","ZTF, GaiaAlerts, ATLAS","ZTF, GaiaAlerts, ATLAS","ZTF","ATLAS, GaiaAlerts, ZTF","ZTF18abesqnb","ATLAS-HKO - ATLAS-02, Gaia - Gaia-photometric, P48 - ZTF-Cam","P60 - SEDM","1","1","","19.98","r-ZTF","2018-07-07 04:20:38.000","ZTF_Bot1","","","2018TNSTR.987....1F","2018TNSCR1072....1F","",""
"27597","SN 2018dfc","16:48:07.760","+24:18:14.87","SN II","0.03651","","","GaiaAlerts, ZTF, ATLAS, Pan-STARRS","GaiaAlerts, ZTF, ATLAS, Pan-STARRS","ZTF","ATLAS, GaiaAlerts, Pan-STARRS, ZTF","Gaia18bsx","ATLAS-HKO - ATLAS-02, ATLAS-MLO - ATLAS-01, Gaia - Gaia-photometric, P48 - ZTF-Cam, PS1 - GPC1","P60 - SEDM","1","1","","18.07","G-Gaia","2018-07-07 00:46:04.000","Gaia_Bot1","","","2018TNSTR.955....1D","2018TNSCR1034....1F","",""
"27417","SN 2018cyh","17:57:48.453","+40:04:34.99","SN II","0.057","","","ZTF, Pan-STARRS","ZTF, Pan-STARRS","ZTF","Pan-STARRS, ZTF","ZTF18abcezmh","P48 - ZTF-Cam, PS1 - GPC1","P200 - DBSP","1","1","","19.84","r-ZTF","2018-06-21 08:47:02.000","ZTF_Bot1","","","2018TNSTR.912....1F","2020TNSCR1575....1B","",""
"27416","SN 2018cyg","15:34:08.480","+56:41:48.73","SN II","0.01127","NGC 5965","0.01138","LOSS, ZTF, ATLAS, GaiaAlerts","LOSS, ZTF, ATLAS, GaiaAlerts","ZTF","ATLAS, GaiaAlerts, LOSS, ZTF","kait-18aa","ATLAS-HKO - ATLAS-02, ATLAS-MLO - ATLAS-01, Gaia - Gaia-photometric, Other - Other, P48 - ZTF-Cam","P60 - SEDM","1","1","","18.7","Clear-","2018-06-30 07:29:31.000","Weikang Zheng","","","2018TNSTR.907....1J","2018TNSCR.939....1F","",""
"27340","SN 2018cvi","14:08:12.501","+65:38:15.92","SN II","0.03","","","ZTF, ATLAS","ZTF, ATLAS","ZTF","ATLAS, ZTF","ZTF18abceakp","ATLAS-HKO - ATLAS-02, ATLAS-MLO - ATLAS-01, P48 - ZTF-Cam","P60 - SEDM","1","1","","19.41","r-ZTF","2018-06-22 06:20:09.000","ZTF_Bot1","","","2018TNSTR.890....1F","2020TNSCR1410....1D","",""
"27321","SN 2018cup","12:35:22.960","+29:29:31.92","SN II","0.01524","","","ATLAS, ZTF, GaiaAlerts, Pan-STARRS","ATLAS, ZTF, GaiaAlerts, Pan-STARRS","ZTF","ATLAS, GaiaAlerts, Pan-STARRS, ZTF","ATLAS18ron","ATLAS-HKO - ATLAS-02, ATLAS-MLO - ATLAS-01, Gaia - Gaia-photometric, P48 - ZTF-Cam, PS1 - GPC1","P60 - SEDM","1","1","","18.162","orange-ATLAS","2018-06-24 07:45:07.000","ATLAS_Bot1","","","2018TNSTR.879....1T","2018TNSCR.920....1F","",""
"27312","SN 2018cug","17:49:19.175","+49:24:44.75","SN II","0.05","","","ATLAS, ZTF","ATLAS, ZTF","ZTF","ATLAS, ZTF","ATLAS18rms","ATLAS-HKO - ATLAS-02, ATLAS-MLO - ATLAS-01, P48 - ZTF-Cam","P60 - SEDM","1","1","","18.415","orange-ATLAS","2018-06-23 10:59:31.000","ATLAS_Bot1","","","2018TNSTR.875....1T","2018TNSCR.904....1F","",""
"27307","SN 2018cub","15:05:42.494","+60:47:43.45","SN II","0.044","","","ATLAS, ZTF","ATLAS, ZTF","ZTF","ATLAS, ZTF","ATLAS18rmb","ATLAS-HKO - ATLAS-02, ATLAS-MLO - ATLAS-01, P48 - ZTF-Cam","P200 - DBSP","1","1","","18.716","orange-ATLAS","2018-06-23 09:27:21.000","ATLAS_Bot1","","","2018TNSTR.875....1T","2022TNSCR2319....1S","",""
"27296","SN 2018ctr","13:48:47.820","+06:21:18.83","SN II","0.02253","","","ZTF, GaiaAlerts, ATLAS","ZTF, GaiaAlerts, ATLAS","ZTF","ATLAS, GaiaAlerts, ZTF","ZTF18abaelhi","ATLAS-MLO - ATLAS-01, Gaia - Gaia-photometric, P48 - ZTF-Cam","P60 - SEDM","1","1","","18.79","r-ZTF","2018-06-13 04:33:36.000","ZTF_Bot1","","","2018TNSTR.872....1F","2018TNSCR.933....1F","",""
"27215","SN 2018cqp","15:22:50.330","+08:04:49.12","SN II","0.03236","","","ATLAS, ZTF, GaiaAlerts, Pan-STARRS","ATLAS, ZTF, GaiaAlerts, Pan-STARRS","ZTF","ATLAS, GaiaAlerts, Pan-STARRS, ZTF","ATLAS18qug","ATLAS-HKO - ATLAS-02, ATLAS-MLO - ATLAS-01, Gaia - Gaia-photometric, P48 - ZTF-Cam, PS1 - GPC1","P60 - SEDM","1","1","","18.854","cyan-ATLAS","2018-06-17 10:22:04.000","ATLAS_Bot1","","","2018TNSTR.843....1T","2018TNSCR.866....1F","",""
"26956","SN 2018cgt","16:19:02.830","+21:48:25.27","SN II","0.03763","","","ATLAS, GaiaAlerts, ZTF","ATLAS, GaiaAlerts, ZTF","ZTF","ATLAS, GaiaAlerts, ZTF","ATLAS18qgo","ATLAS-HKO - ATLAS-02, ATLAS-MLO - ATLAS-01, Gaia - Gaia-photometric, P48 - ZTF-Cam","P60 - SEDM","1","1","","19.491","orange-ATLAS","2018-06-04 11:15:21.000","ATLAS_Bot1","","","2018TNSTR.770....1T","2018TNSCR1071....1F","",""
"26920","SN 2018cfj","18:12:00.749","+44:21:36.66","SN II","0.047","","","Pan-STARRS, ZTF","Pan-STARRS, ZTF","ZTF","Pan-STARRS, ZTF","PS18ww","P48 - ZTF-Cam, PS1 - GPC1","Keck1 - LRIS","1","1","","19.54","i-Sloan","2018-05-24 12:12:57.000","PS1_Bot1","","","2018TNSTR.756....1C","2020TNSCR1575....1B","",""
"26860","SN 2018cdg","13:49:22.145","+21:04:14.71","SN II","0.054","","","ATLAS, ZTF","ATLAS, ZTF","ZTF","ATLAS, ZTF","ATLAS18qbe","ATLAS-HKO - ATLAS-02, ATLAS-MLO - ATLAS-01, P48 - ZTF-Cam","P200 - DBSP","1","1","","19.213","orange-ATLAS","2018-06-02 09:28:48.000","ATLAS_Bot1","","","2018TNSTR.740....1T","2018TNSCR1264....1F","",""
"26843","SN 2018ccp","17:32:14.099","+36:04:26.43","SN II","0.04","","","ZTF","ZTF","ZTF","ZTF","ZTF18aawyjjq","P48 - ZTF-Cam","LT - SPRAT","1","1","","19.06","r-ZTF","2018-05-28 07:35:02.000","ZTF_Bot1","","","2018TNSTR.735....1F","2019TNSCR.826....1F","",""
"26706","SN 2018bxl","14:22:35.840","+74:50:22.31","SN II","0.04","","","ZTF, GaiaAlerts","ZTF, GaiaAlerts","ZTF","GaiaAlerts, ZTF","ZTF18aauxzle","Gaia - Gaia-photometric, P48 - ZTF-Cam","P60 - SEDM","1","1","","18.31","r-ZTF","2018-05-17 07:17:45.000","ZTF_Bot1","","","2018TNSTR.699....1F","2018TNSCR1071....1F","",""
"26524","SN 2018bqs","16:29:02.377","+43:37:36.57","SN II","0.047","","","ATLAS, Pan-STARRS, ZTF","ATLAS, Pan-STARRS, ZTF","ZTF","ATLAS, Pan-STARRS, ZTF","ATLAS18oxh","ATLAS-HKO - ATLAS-02, P48 - ZTF-Cam, PS1 - GPC1","P200 - DBSP","1","1","","19.353","orange-ATLAS","2018-05-10 12:20:09.000","ATLAS_Bot1","","","2018TNSTR.637....1T","2020TNSCR1575....1B","",""
"26057","SN 2018bbk","07:52:26.950","+16:29:38.50","SN II","0.038","","","ZTF","ZTF","ZTF","ZTF","ZTF18aaewugy","P48 - ZTF-Cam","APO-3.5m - DIS","1","1","","18.7","r-ZTF","2018-03-05 03:36:00.000","ZTF_Bot1","","","2018TNSTR.543....1F","2018TNSCR.549....1G","",""
"26037","SN 2018bas","11:51:11.452","+16:31:47.45","SN II","0.066","","","ZTF, Pan-STARRS","ZTF, Pan-STARRS","ZTF","Pan-STARRS, ZTF","ZTF18aahmrtf","P48 - ZTF-Cam, PS1 - GPC1","P200 - DBSP","1","1","","19.6","r-ZTF","2018-04-08 06:57:36.000","ZTF_Bot1","","","2018TNSTR.539....1L","2018TNSCR.540....1L","",""
"25792","SN 2018arl","07:20:32.550","+49:05:31.20","SN II","0.0283","","","GaiaAlerts, ATLAS","GaiaAlerts, ATLAS","ZTF","ATLAS, GaiaAlerts","Gaia18avo","ATLAS-HKO - ATLAS-02, ATLAS-MLO - ATLAS-01, Gaia - Gaia-photometric","P60 - SEDM","1","1","","18.21","G-Gaia","2018-04-04 05:19:40.000","Gaia_Bot1","","","2018TNSTR.464....1D","2018TNSCR.511....1B","",""
"25783","SN 2018arc","17:42:16.199","+50:29:19.51","SN II","0.03","","","ATLAS","ATLAS","ZTF","ATLAS","ATLAS18mzw","ATLAS-HKO - ATLAS-02, ATLAS-MLO - ATLAS-01","P60 - SEDM","1","1","","18.156","orange-ATLAS","2018-04-06 14:31:12.000","ATLAS_Bot1","","","2018TNSTR.461....1T","2018TNSCR.511....1B","",""
"25459","SN 2018aex","11:00:45.380","+22:17:14.96","SN II","0.023","","0.0229","ZTF, GaiaAlerts, ATLAS","ZTF, GaiaAlerts, ATLAS","ZTF","ATLAS, GaiaAlerts, ZTF","ZTF18aabssth","ATLAS-HKO - ATLAS-02, ATLAS-MLO - ATLAS-01, Gaia - Gaia-photometric, P48 - ZTF-Cam","P60 - SEDM","1","1","","18.1","r-ZTF","2018-03-05 06:07:12.000","ZTF_Bot1","","","2018TNSTR.545....1L","2018TNSCR.547....1N","",""
"25430","SN 2018adu","14:13:38.082","+34:56:44.08","SN II","0.066","","","Pan-STARRS, ATLAS, ZTF","Pan-STARRS, ATLAS, ZTF","ZTF","ATLAS, Pan-STARRS, ZTF","PS18ll","ATLAS-MLO - ATLAS-01, P48 - ZTF-Cam, PS1 - GPC1, PS2 - GPC2","P200 - DBSP","1","1","","20.28","i-Sloan","2018-03-07 13:00:28.000","PS1_Bot1","","","2018TNSTR.336....1C","2018TNSCR.540....1L","",""
"25369","SN 2018abm","08:37:11.430","+23:11:52.94","SN II","0.043","","","ATLAS, GaiaAlerts","ATLAS, GaiaAlerts","ZTF","ATLAS, GaiaAlerts","ATLAS18mhs","ATLAS-MLO - ATLAS-01, Gaia - Gaia-photometric","APO-3.5m - DIS","1","1","","19.04","orange-ATLAS","2018-01-07 14:32:38.000","ATLAS_Bot1","","","2018TNSTR.310....1T","2018TNSCR.549....1G","",""
"25306","SN 2018zd","06:18:03.190","+78:22:01.16","SN II","0.002979","NGC 2146","","GaiaAlerts, ATLAS","GaiaAlerts, ATLAS","ZTF, Global SN Project, None","ATLAS, GaiaAlerts","","ATLAS-HKO - ATLAS-02, ATLAS-MLO - ATLAS-01, Gaia - Gaia-photometric, Other - Other","APO-3.5m - DIS, FTN - FLOYDS-N, Keck1 - LRIS, Lijiang-2.4m - YFOSC, P60 - SEDM","1","1","","17.8","Clear-","2018-03-02 11:40:16.000","Koichi Itagaki","","","2018TNSTR.285....1I","2018TNSCR.307....1N, 2018TNSCR2083....1N, 2018TNSCR2082....1A, 2020TNSCR2798....1Z, 2021TNSCR2151....1Z","",""
"25295","SN 2018yt","08:59:35.590","+45:36:41.90","SN II","0.052","","","ZTF","ZTF","ZTF","ZTF","ZTF18aaayemw","P48 - ZTF-Cam","NOT - ALFOSC","1","1","2018-04-24","18.9","r-ZTF","2018-02-09 06:00:00.000","ZTF_Bot1","","","2018TNSTR.544....1T","2018TNSCR.548....1T","",""
"24886","SN 2018jo","17:06:04.920","+29:40:05.81","SN II","0.03175","","","GaiaAlerts, ATLAS, ZTF","GaiaAlerts, ATLAS, ZTF","ZTF","ATLAS, GaiaAlerts, ZTF","Gaia18afo","ATLAS-HKO - ATLAS-02, ATLAS-MLO - ATLAS-01, Gaia - Gaia-photometric, P48 - ZTF-Cam","P200 - DBSP","1","1","","18.11","G-Gaia","2018-01-20 07:46:33.000","Gaia_Bot1","","","2018TNSTR.102....1D","2019TNSCR.702....1F","",""
